# Created using MTpy calculated eigen_floor error of 3%, data rotated 0.0_deg clockwise from N
# Period(s) Code GG_Lat GG_Lon X(m) Y(m) Z(m) Component Real Imag Error
> Full_Impedance
> exp(+i\omega t)
>  [mV/km]/[nT]
> 0
>  38.831979 -122.828190
> 23 41
2.00000e-03    GZ01   38.823 -122.772    -700.000    4800.000     330.000 ZXY  1.606562e+02  2.186289e+02  1.450427e+01
2.00000e-03    GZ01   38.823 -122.772    -700.000    4800.000     330.000 ZYX -2.144850e+02 -2.799544e+02  9.581046e+00
2.00000e-03    GZ01   38.823 -122.772    -700.000    4800.000     330.000 ZYY -1.145818e+02 -1.100933e+02  9.581046e+00
3.63516e-03    GZ01   38.823 -122.772    -700.000    4800.000     330.000 ZXX -8.302845e+00 -1.517473e+01  5.600999e+00
3.63516e-03    GZ01   38.823 -122.772    -700.000    4800.000     330.000 ZXY  9.223878e+01  1.424421e+02  5.600999e+00
3.63516e-03    GZ01   38.823 -122.772    -700.000    4800.000     330.000 ZYX -9.661315e+01 -1.721806e+02  5.600999e+00
3.63516e-03    GZ01   38.823 -122.772    -700.000    4800.000     330.000 ZYY -5.812752e+01 -6.982075e+01  5.600999e+00
6.60718e-03    GZ01   38.823 -122.772    -700.000    4800.000     330.000 ZXX -5.552076e+00 -1.144445e+01  3.575614e+00
6.60718e-03    GZ01   38.823 -122.772    -700.000    4800.000     330.000 ZXY  5.616648e+01  9.369344e+01  3.575614e+00
6.60718e-03    GZ01   38.823 -122.772    -700.000    4800.000     330.000 ZYX -5.879042e+01 -1.107077e+02  3.575614e+00
6.60718e-03    GZ01   38.823 -122.772    -700.000    4800.000     330.000 ZYY -3.632690e+01 -4.521221e+01  3.575614e+00
1.20091e-02    GZ01   38.823 -122.772    -700.000    4800.000     330.000 ZXX -3.445608e+00 -7.442679e+00  2.359643e+00
1.20091e-02    GZ01   38.823 -122.772    -700.000    4800.000     330.000 ZXY  3.780627e+01  6.482849e+01  2.359643e+00
1.20091e-02    GZ01   38.823 -122.772    -700.000    4800.000     330.000 ZYX -3.660673e+01 -6.985457e+01  2.359643e+00
1.20091e-02    GZ01   38.823 -122.772    -700.000    4800.000     330.000 ZYY -2.519724e+01 -3.226965e+01  2.359643e+00
2.18274e-02    GZ01   38.823 -122.772    -700.000    4800.000     330.000 ZXX -2.578842e+00 -3.946675e+00  1.576231e+00
2.18274e-02    GZ01   38.823 -122.772    -700.000    4800.000     330.000 ZXY  2.512628e+01  4.399665e+01  1.576231e+00
2.18274e-02    GZ01   38.823 -122.772    -700.000    4800.000     330.000 ZYX -2.605698e+01 -4.476073e+01  1.576231e+00
2.18274e-02    GZ01   38.823 -122.772    -700.000    4800.000     330.000 ZYY -1.595573e+01 -2.310061e+01  1.576231e+00
3.96730e-02    GZ01   38.823 -122.772    -700.000    4800.000     330.000 ZXX -2.571336e+00 -2.150248e+00  1.057418e+00
3.96730e-02    GZ01   38.823 -122.772    -700.000    4800.000     330.000 ZXY  1.639238e+01  2.961268e+01  1.057418e+00
3.96730e-02    GZ01   38.823 -122.772    -700.000    4800.000     330.000 ZYX -1.799738e+01 -2.984920e+01  1.057418e+00
3.96730e-02    GZ01   38.823 -122.772    -700.000    4800.000     330.000 ZYY -1.097063e+01 -1.573208e+01  1.057418e+00
7.21087e-02    GZ01   38.823 -122.772    -700.000    4800.000     330.000 ZXX -2.541619e+00 -1.423405e+00  6.925065e-01
7.21087e-02    GZ01   38.823 -122.772    -700.000    4800.000     330.000 ZXY  1.073957e+01  1.936285e+01  6.925065e-01
7.21087e-02    GZ01   38.823 -122.772    -700.000    4800.000     330.000 ZYX -1.257778e+01 -1.914591e+01  6.925065e-01
7.21087e-02    GZ01   38.823 -122.772    -700.000    4800.000     330.000 ZYY -7.542414e+00 -1.063554e+01  6.925065e-01
1.31063e-01    GZ01   38.823 -122.772    -700.000    4800.000     330.000 ZXX -2.176619e+00 -8.726404e-01  4.645392e-01
1.31063e-01    GZ01   38.823 -122.772    -700.000    4800.000     330.000 ZXY  7.229125e+00  1.240254e+01  4.645392e-01
1.31063e-01    GZ01   38.823 -122.772    -700.000    4800.000     330.000 ZYX -9.387761e+00 -1.280463e+01  4.645392e-01
1.31063e-01    GZ01   38.823 -122.772    -700.000    4800.000     330.000 ZYY -5.102096e+00 -7.689998e+00  4.645392e-01
2.38218e-01    GZ01   38.823 -122.772    -700.000    4800.000     330.000 ZXX -2.024709e+00 -2.381408e-01  3.413877e-01
2.38218e-01    GZ01   38.823 -122.772    -700.000    4800.000     330.000 ZXY  5.317034e+00  7.943536e+00  4.195268e-01
2.38218e-01    GZ01   38.823 -122.772    -700.000    4800.000     330.000 ZYX -9.630284e+00 -8.882109e+00  3.521866e-01
2.38218e-01    GZ01   38.823 -122.772    -700.000    4800.000     330.000 ZYY -4.397025e+00 -4.327731e+00  7.063599e-01
4.32979e-01    GZ01   38.823 -122.772    -700.000    4800.000     330.000 ZXX -2.397739e+00  9.389915e-02  2.462503e-01
4.32979e-01    GZ01   38.823 -122.772    -700.000    4800.000     330.000 ZXY  4.273367e+00  4.776704e+00  2.462503e-01
4.32979e-01    GZ01   38.823 -122.772    -700.000    4800.000     330.000 ZYX -7.889431e+00 -6.438115e+00  2.462503e-01
4.32979e-01    GZ01   38.823 -122.772    -700.000    4800.000     330.000 ZYY -2.839066e+00 -4.482540e+00  2.462503e-01
7.86973e-01    GZ01   38.823 -122.772    -700.000    4800.000     330.000 ZXX -2.618404e+00 -9.843409e-02  1.819899e-01
7.86973e-01    GZ01   38.823 -122.772    -700.000    4800.000     330.000 ZXY  3.624485e+00  2.951514e+00  1.819899e-01
7.86973e-01    GZ01   38.823 -122.772    -700.000    4800.000     330.000 ZYX -6.139905e+00 -4.843411e+00  1.819899e-01
7.86973e-01    GZ01   38.823 -122.772    -700.000    4800.000     330.000 ZYY -1.586992e+00 -3.246173e+00  1.819899e-01
1.43038e+00    GZ01   38.823 -122.772    -700.000    4800.000     330.000 ZXX -2.557325e+00 -4.972323e-01  1.458227e-01
1.43038e+00    GZ01   38.823 -122.772    -700.000    4800.000     330.000 ZXY  3.443580e+00  2.002405e+00  1.458227e-01
1.43038e+00    GZ01   38.823 -122.772    -700.000    4800.000     330.000 ZYX -4.445625e+00 -3.918043e+00  1.458227e-01
1.43038e+00    GZ01   38.823 -122.772    -700.000    4800.000     330.000 ZYY -6.353580e-01 -2.219611e+00  1.458227e-01
2.59984e+00    GZ01   38.823 -122.772    -700.000    4800.000     330.000 ZXX -2.227106e+00 -7.702484e-01  1.259669e-01
2.59984e+00    GZ01   38.823 -122.772    -700.000    4800.000     330.000 ZXY  3.082785e+00  1.696843e+00  1.259669e-01
2.59984e+00    GZ01   38.823 -122.772    -700.000    4800.000     330.000 ZYX -3.482050e+00 -3.537607e+00  1.259669e-01
2.59984e+00    GZ01   38.823 -122.772    -700.000    4800.000     330.000 ZYY  1.170112e-01 -1.543486e+00  1.259669e-01
4.72540e+00    GZ01   38.823 -122.772    -700.000    4800.000     330.000 ZXX -1.751849e+00 -9.545351e-01  1.691048e-01
4.72540e+00    GZ01   38.823 -122.772    -700.000    4800.000     330.000 ZXY  2.715075e+00  1.444597e+00  2.172936e-01
4.72540e+00    GZ01   38.823 -122.772    -700.000    4800.000     330.000 ZYX -2.685481e+00 -2.676598e+00  1.029914e-01
4.72540e+00    GZ01   38.823 -122.772    -700.000    4800.000     330.000 ZYY  5.205603e-01 -1.178080e+00  1.754458e-01
8.58879e+00    GZ01   38.823 -122.772    -700.000    4800.000     330.000 ZXX -1.628599e+00 -6.405013e-01  1.564888e-01
8.58879e+00    GZ01   38.823 -122.772    -700.000    4800.000     330.000 ZXY  2.447435e+00  9.538154e-01  2.385126e-01
8.58879e+00    GZ01   38.823 -122.772    -700.000    4800.000     330.000 ZYX -2.095701e+00 -1.507884e+00  7.951525e-02
8.58879e+00    GZ01   38.823 -122.772    -700.000    4800.000     330.000 ZYY  3.353381e-01 -6.854473e-01  1.534662e-01
1.56108e+01    GZ01   38.823 -122.772    -700.000    4800.000     330.000 ZXX -1.660834e+00 -2.849919e-01  1.144493e-01
1.56108e+01    GZ01   38.823 -122.772    -700.000    4800.000     330.000 ZXY  2.298795e+00  6.765114e-01  2.494721e-01
1.56108e+01    GZ01   38.823 -122.772    -700.000    4800.000     330.000 ZYX -1.768034e+00 -8.508700e-01  6.760422e-02
1.56108e+01    GZ01   38.823 -122.772    -700.000    4800.000     330.000 ZYY  1.692071e-01 -4.257479e-01  9.784786e-02
2.83738e+01    GZ01   38.823 -122.772    -700.000    4800.000     330.000 ZXX -1.675927e+00 -9.038307e-02  9.210261e-02
2.83738e+01    GZ01   38.823 -122.772    -700.000    4800.000     330.000 ZXY  2.209787e+00  5.245625e-01  2.556943e-01
2.83738e+01    GZ01   38.823 -122.772    -700.000    4800.000     330.000 ZYX -1.584592e+00 -4.911903e-01  6.183908e-02
2.83738e+01    GZ01   38.823 -122.772    -700.000    4800.000     330.000 ZYY  7.774202e-02 -2.805448e-01  6.751398e-02
5.15716e+01    GZ01   38.823 -122.772    -700.000    4800.000     330.000 ZXX -1.539292e+00 -8.551941e-02  1.107418e-01
5.15716e+01    GZ01   38.823 -122.772    -700.000    4800.000     330.000 ZXY  1.791222e+00  4.710072e-01  2.682194e-01
5.15716e+01    GZ01   38.823 -122.772    -700.000    4800.000     330.000 ZYX -1.326496e+00 -3.759863e-01  5.266859e-02
5.15716e+01    GZ01   38.823 -122.772    -700.000    4800.000     330.000 ZYY  2.427285e-02 -8.414525e-02  6.419448e-02
9.37354e+01    GZ01   38.823 -122.772    -700.000    4800.000     330.000 ZXX -1.297350e+00 -2.570617e-01  1.288655e-01
9.37354e+01    GZ01   38.823 -122.772    -700.000    4800.000     330.000 ZXY  1.365535e+00  3.537441e-01  2.323503e-01
9.37354e+01    GZ01   38.823 -122.772    -700.000    4800.000     330.000 ZYX -1.095036e+00 -3.178118e-01  4.260474e-02
9.37354e+01    GZ01   38.823 -122.772    -700.000    4800.000     330.000 ZYY -5.688110e-03  4.402098e-02  6.467584e-02
1.70371e+02    GZ01   38.823 -122.772    -700.000    4800.000     330.000 ZXX -9.990198e-01 -4.093251e-01  1.709286e-01
1.70371e+02    GZ01   38.823 -122.772    -700.000    4800.000     330.000 ZXY  1.047244e+00  3.115889e-01  2.904173e-01
1.70371e+02    GZ01   38.823 -122.772    -700.000    4800.000     330.000 ZYX -8.219459e-01 -3.559582e-01  4.299096e-02
1.70371e+02    GZ01   38.823 -122.772    -700.000    4800.000     330.000 ZYY -2.217212e-02  1.145358e-01  6.494066e-02
3.09663e+02    GZ01   38.823 -122.772    -700.000    4800.000     330.000 ZXX -8.391217e-01 -2.416222e-01  1.078337e-01
3.09663e+02    GZ01   38.823 -122.772    -700.000    4800.000     330.000 ZXY  8.087568e-01  2.205243e-01  1.932331e-01
3.09663e+02    GZ01   38.823 -122.772    -700.000    4800.000     330.000 ZYY -3.461557e-02  1.383282e-01  7.497639e-02
5.62837e+02    GZ01   38.823 -122.772    -700.000    4800.000     330.000 ZXX -6.540206e-01 -1.874229e-01  1.171146e-01
5.62837e+02    GZ01   38.823 -122.772    -700.000    4800.000     330.000 ZXY  6.785468e-01  2.133980e-01  1.493424e-01
5.62837e+02    GZ01   38.823 -122.772    -700.000    4800.000     330.000 ZYY -4.432293e-02  1.286111e-01  9.589736e-02
2.00000e-03    GZ02   38.816 -122.767   -1500.000    5200.000     210.000 ZXX  4.583048e+01 -2.051788e+00  1.117239e+01
2.00000e-03    GZ02   38.816 -122.767   -1500.000    5200.000     210.000 ZXY  1.967735e+02  2.894592e+02  1.117239e+01
2.00000e-03    GZ02   38.816 -122.767   -1500.000    5200.000     210.000 ZYX -3.551440e+02 -1.753345e+02  1.117239e+01
2.00000e-03    GZ02   38.816 -122.767   -1500.000    5200.000     210.000 ZYY  2.704440e+01 -1.267882e+01  1.117239e+01
3.63516e-03    GZ02   38.816 -122.767   -1500.000    5200.000     210.000 ZXX  3.614324e+01  8.927886e+00  8.152160e+00
3.63516e-03    GZ02   38.816 -122.767   -1500.000    5200.000     210.000 ZXY  1.307225e+02  2.110305e+02  8.152160e+00
3.63516e-03    GZ02   38.816 -122.767   -1500.000    5200.000     210.000 ZYX -2.385674e+02 -1.770064e+02  8.152160e+00
3.63516e-03    GZ02   38.816 -122.767   -1500.000    5200.000     210.000 ZYY  1.478375e+01 -8.887112e+00  8.152160e+00
6.60718e-03    GZ02   38.816 -122.767   -1500.000    5200.000     210.000 ZXX  2.555301e+01  1.341120e+01  5.496013e+00
6.60718e-03    GZ02   38.816 -122.767   -1500.000    5200.000     210.000 ZXY  8.485792e+01  1.448458e+02  5.496013e+00
6.60718e-03    GZ02   38.816 -122.767   -1500.000    5200.000     210.000 ZYX -1.341250e+02 -1.475869e+02  5.496013e+00
6.60718e-03    GZ02   38.816 -122.767   -1500.000    5200.000     210.000 ZYY  8.038146e+00 -6.800979e+00  5.496013e+00
1.20091e-02    GZ02   38.816 -122.767   -1500.000    5200.000     210.000 ZXX  1.661895e+01  1.410674e+01  3.642167e+00
1.20091e-02    GZ02   38.816 -122.767   -1500.000    5200.000     210.000 ZXY  5.494386e+01  9.827949e+01  3.642167e+00
1.20091e-02    GZ02   38.816 -122.767   -1500.000    5200.000     210.000 ZYX -7.644738e+01 -1.053810e+02  3.642167e+00
1.20091e-02    GZ02   38.816 -122.767   -1500.000    5200.000     210.000 ZYY  1.974735e+00 -3.301082e+00  3.642167e+00
2.18274e-02    GZ02   38.816 -122.767   -1500.000    5200.000     210.000 ZXX  1.017787e+01  1.139048e+01  2.413206e+00
2.18274e-02    GZ02   38.816 -122.767   -1500.000    5200.000     210.000 ZXY  3.678358e+01  6.568654e+01  2.413206e+00
2.18274e-02    GZ02   38.816 -122.767   -1500.000    5200.000     210.000 ZYX -4.871256e+01 -7.007137e+01  2.413206e+00
2.18274e-02    GZ02   38.816 -122.767   -1500.000    5200.000     210.000 ZYY -3.127653e-01 -1.704572e+00  2.413206e+00
3.96730e-02    GZ02   38.816 -122.767   -1500.000    5200.000     210.000 ZXX  6.260905e+00  7.881383e+00  1.634629e+00
3.96730e-02    GZ02   38.816 -122.767   -1500.000    5200.000     210.000 ZXY  2.492925e+01  4.413498e+01  1.634629e+00
3.96730e-02    GZ02   38.816 -122.767   -1500.000    5200.000     210.000 ZYX -3.436183e+01 -4.691514e+01  1.634629e+00
3.96730e-02    GZ02   38.816 -122.767   -1500.000    5200.000     210.000 ZYY -5.402393e-01 -6.668638e-01  1.634629e+00
7.21087e-02    GZ02   38.816 -122.767   -1500.000    5200.000     210.000 ZXX  4.454483e+00  5.113951e+00  1.117525e+00
7.21087e-02    GZ02   38.816 -122.767   -1500.000    5200.000     210.000 ZXY  1.662390e+01  2.947269e+01  1.117525e+00
7.21087e-02    GZ02   38.816 -122.767   -1500.000    5200.000     210.000 ZYX -2.520985e+01 -3.202938e+01  1.117525e+00
7.21087e-02    GZ02   38.816 -122.767   -1500.000    5200.000     210.000 ZYY -8.917577e-01 -4.351909e-01  1.117525e+00
1.31063e-01    GZ02   38.816 -122.767   -1500.000    5200.000     210.000 ZXX  3.622713e+00  2.987238e+00  7.576268e-01
1.31063e-01    GZ02   38.816 -122.767   -1500.000    5200.000     210.000 ZXY  1.144193e+01  1.951769e+01  7.576268e-01
1.31063e-01    GZ02   38.816 -122.767   -1500.000    5200.000     210.000 ZYX -1.851316e+01 -2.110910e+01  7.576268e-01
1.31063e-01    GZ02   38.816 -122.767   -1500.000    5200.000     210.000 ZYY -1.369507e+00 -6.180374e-01  7.576268e-01
2.38218e-01    GZ02   38.816 -122.767   -1500.000    5200.000     210.000 ZXX  3.175071e+00  1.928260e+00  5.252737e-01
2.38218e-01    GZ02   38.816 -122.767   -1500.000    5200.000     210.000 ZXY  8.363184e+00  1.236389e+01  5.252737e-01
2.38218e-01    GZ02   38.816 -122.767   -1500.000    5200.000     210.000 ZYX -1.495042e+01 -1.395643e+01  5.252737e-01
2.38218e-01    GZ02   38.816 -122.767   -1500.000    5200.000     210.000 ZYY -1.182328e+00 -8.391503e-01  5.252737e-01
4.32979e-01    GZ02   38.816 -122.767   -1500.000    5200.000     210.000 ZXX  3.078097e+00  1.309903e+00  3.780611e-01
4.32979e-01    GZ02   38.816 -122.767   -1500.000    5200.000     210.000 ZXY  6.327852e+00  7.880855e+00  3.780611e-01
4.32979e-01    GZ02   38.816 -122.767   -1500.000    5200.000     210.000 ZYX -1.270572e+01 -9.108687e+00  3.780611e-01
4.32979e-01    GZ02   38.816 -122.767   -1500.000    5200.000     210.000 ZYY -5.019481e-01 -1.466206e+00  3.780611e-01
7.86973e-01    GZ02   38.816 -122.767   -1500.000    5200.000     210.000 ZXX  2.922199e+00  1.188355e+00  2.980515e-01
7.86973e-01    GZ02   38.816 -122.767   -1500.000    5200.000     210.000 ZXY  5.042031e+00  5.495645e+00  2.980515e-01
7.86973e-01    GZ02   38.816 -122.767   -1500.000    5200.000     210.000 ZYX -1.123095e+01 -6.887639e+00  2.980515e-01
7.86973e-01    GZ02   38.816 -122.767   -1500.000    5200.000     210.000 ZYY  3.512552e-01 -1.784897e+00  2.980515e-01
1.43038e+00    GZ02   38.816 -122.767   -1500.000    5200.000     210.000 ZXX  2.534417e+00  1.322284e+00  2.383810e-01
1.43038e+00    GZ02   38.816 -122.767   -1500.000    5200.000     210.000 ZXY  3.840478e+00  4.084614e+00  2.383810e-01
1.43038e+00    GZ02   38.816 -122.767   -1500.000    5200.000     210.000 ZYX -9.551215e+00 -5.929366e+00  2.383810e-01
1.43038e+00    GZ02   38.816 -122.767   -1500.000    5200.000     210.000 ZYY  1.524969e+00 -1.576843e+00  2.383810e-01
2.59984e+00    GZ02   38.816 -122.767   -1500.000    5200.000     210.000 ZXX  1.914813e+00  1.463726e+00  1.883107e-01
2.59984e+00    GZ02   38.816 -122.767   -1500.000    5200.000     210.000 ZXY  2.763186e+00  3.184428e+00  1.883107e-01
2.59984e+00    GZ02   38.816 -122.767   -1500.000    5200.000     210.000 ZYX -7.553453e+00 -5.502429e+00  1.883107e-01
2.59984e+00    GZ02   38.816 -122.767   -1500.000    5200.000     210.000 ZYY  2.226956e+00 -1.055168e+00  1.883107e-01
4.72540e+00    GZ02   38.816 -122.767   -1500.000    5200.000     210.000 ZXX  1.265258e+00  1.101749e+00  1.338820e-01
4.72540e+00    GZ02   38.816 -122.767   -1500.000    5200.000     210.000 ZXY  1.841072e+00  2.080238e+00  1.338820e-01
4.72540e+00    GZ02   38.816 -122.767   -1500.000    5200.000     210.000 ZYX -5.508014e+00 -4.453276e+00  1.338820e-01
4.72540e+00    GZ02   38.816 -122.767   -1500.000    5200.000     210.000 ZYY  2.618297e+00 -4.506854e-01  1.338820e-01
8.58879e+00    GZ02   38.816 -122.767   -1500.000    5200.000     210.000 ZXX  7.951328e-01  7.509168e-01  9.887293e-02
8.58879e+00    GZ02   38.816 -122.767   -1500.000    5200.000     210.000 ZXY  1.340585e+00  1.378612e+00  9.887293e-02
8.58879e+00    GZ02   38.816 -122.767   -1500.000    5200.000     210.000 ZYX -4.390704e+00 -2.687416e+00  9.887293e-02
8.58879e+00    GZ02   38.816 -122.767   -1500.000    5200.000     210.000 ZYY  3.050713e+00 -1.846907e-01  1.316229e-01
1.56108e+01    GZ02   38.816 -122.767   -1500.000    5200.000     210.000 ZXX  5.364780e-01  5.578948e-01  8.330683e-02
1.56108e+01    GZ02   38.816 -122.767   -1500.000    5200.000     210.000 ZXY  1.081273e+00  1.026424e+00  8.330683e-02
1.56108e+01    GZ02   38.816 -122.767   -1500.000    5200.000     210.000 ZYX -3.814641e+00 -1.534467e+00  8.330683e-02
1.56108e+01    GZ02   38.816 -122.767   -1500.000    5200.000     210.000 ZYY  3.288620e+00 -3.834497e-02  1.665708e-01
2.83738e+01    GZ02   38.816 -122.767   -1500.000    5200.000     210.000 ZXX  3.941706e-01  4.516974e-01  7.660331e-02
2.83738e+01    GZ02   38.816 -122.767   -1500.000    5200.000     210.000 ZXY  9.386030e-01  8.326573e-01  7.847265e-02
2.83738e+01    GZ02   38.816 -122.767   -1500.000    5200.000     210.000 ZYX -3.497701e+00 -9.001341e-01  7.660331e-02
2.83738e+01    GZ02   38.816 -122.767   -1500.000    5200.000     210.000 ZYY  3.419511e+00  4.217192e-02  1.857985e-01
5.15716e+01    GZ02   38.816 -122.767   -1500.000    5200.000     210.000 ZXX  1.759099e-01  3.084575e-01  6.332051e-02
5.15716e+01    GZ02   38.816 -122.767   -1500.000    5200.000     210.000 ZXY  8.133880e-01  6.417753e-01  7.168913e-02
5.15716e+01    GZ02   38.816 -122.767   -1500.000    5200.000     210.000 ZYX -2.896096e+00 -7.693579e-01  8.407414e-02
5.15716e+01    GZ02   38.816 -122.767   -1500.000    5200.000     210.000 ZYY  2.609986e+00  6.048047e-01  1.955064e-01
9.37354e+01    GZ02   38.816 -122.767   -1500.000    5200.000     210.000 ZXX  1.005432e-01  1.462342e-01  5.303346e-02
9.37354e+01    GZ02   38.816 -122.767   -1500.000    5200.000     210.000 ZXY  5.552056e-01  4.616456e-01  6.952507e-02
9.37354e+01    GZ02   38.816 -122.767   -1500.000    5200.000     210.000 ZYX -2.538743e+00 -6.657412e-01  9.312807e-02
9.37354e+01    GZ02   38.816 -122.767   -1500.000    5200.000     210.000 ZYY  2.112105e+00  1.130291e+00  2.024971e-01
1.70371e+02    GZ02   38.816 -122.767   -1500.000    5200.000     210.000 ZXY  4.685481e-01  3.400900e-01  6.562151e-02
1.70371e+02    GZ02   38.816 -122.767   -1500.000    5200.000     210.000 ZYX -2.402583e+00 -5.229448e-01  1.231538e-01
1.70371e+02    GZ02   38.816 -122.767   -1500.000    5200.000     210.000 ZYY  1.629925e+00  4.399102e-01  1.677297e-01
3.09663e+02    GZ02   38.816 -122.767   -1500.000    5200.000     210.000 ZXY  3.404210e-01  2.338840e-01  6.148974e-02
3.09663e+02    GZ02   38.816 -122.767   -1500.000    5200.000     210.000 ZYX -1.789731e+00 -5.150235e-01  1.141566e-01
3.09663e+02    GZ02   38.816 -122.767   -1500.000    5200.000     210.000 ZYY  1.136917e+00  2.450885e-01  1.137529e-01
5.62837e+02    GZ02   38.816 -122.767   -1500.000    5200.000     210.000 ZYX -1.392286e+00 -4.978776e-01  1.196457e-01
5.62837e+02    GZ02   38.816 -122.767   -1500.000    5200.000     210.000 ZYY  9.154110e-01  3.393692e-01  1.452417e-01
1.02300e+03    GZ02   38.816 -122.767   -1500.000    5200.000     210.000 ZYX -1.092262e+00 -4.050786e-01  1.746705e-01
1.02300e+03    GZ02   38.816 -122.767   -1500.000    5200.000     210.000 ZYY  7.730546e-01  3.508036e-01  2.911999e-01
2.00000e-03    GZ03   38.824 -122.795    -700.000    2800.000     480.000 ZXX -1.028356e+02  8.957029e+00  8.628702e+00
2.00000e-03    GZ03   38.824 -122.795    -700.000    2800.000     480.000 ZXY  1.968600e+02  1.238084e+02  8.628702e+00
2.00000e-03    GZ03   38.824 -122.795    -700.000    2800.000     480.000 ZYX -2.396493e+02 -2.471715e+02  8.628702e+00
3.63516e-03    GZ03   38.824 -122.795    -700.000    2800.000     480.000 ZXX -7.382467e+01 -2.487870e+01  5.991881e+00
3.63516e-03    GZ03   38.824 -122.795    -700.000    2800.000     480.000 ZXY  1.273994e+02  1.259954e+02  5.991881e+00
3.63516e-03    GZ03   38.824 -122.795    -700.000    2800.000     480.000 ZYX -1.566870e+02 -1.460035e+02  5.991881e+00
6.60718e-03    GZ03   38.824 -122.795    -700.000    2800.000     480.000 ZXX -4.280396e+01 -2.300398e+01  4.173841e+00
6.60718e-03    GZ03   38.824 -122.795    -700.000    2800.000     480.000 ZXY  8.128724e+01  1.034685e+02  4.173841e+00
6.60718e-03    GZ03   38.824 -122.795    -700.000    2800.000     480.000 ZYX -1.022322e+02 -9.944700e+01  4.173841e+00
1.20091e-02    GZ03   38.824 -122.795    -700.000    2800.000     480.000 ZXX -2.554953e+01 -2.030086e+01  2.623104e+00
1.20091e-02    GZ03   38.824 -122.795    -700.000    2800.000     480.000 ZXY  4.703693e+01  6.438708e+01  2.623104e+00
1.20091e-02    GZ03   38.824 -122.795    -700.000    2800.000     480.000 ZYX -6.186717e+01 -7.307909e+01  2.623104e+00
1.20091e-02    GZ03   38.824 -122.795    -700.000    2800.000     480.000 ZYY  3.651194e+01  1.380919e+01  2.623104e+00
2.18274e-02    GZ03   38.824 -122.795    -700.000    2800.000     480.000 ZXX -1.451886e+01 -1.504025e+01  1.638561e+00
2.18274e-02    GZ03   38.824 -122.795    -700.000    2800.000     480.000 ZXY  2.819299e+01  4.288513e+01  1.638561e+00
2.18274e-02    GZ03   38.824 -122.795    -700.000    2800.000     480.000 ZYX -3.373391e+01 -4.731481e+01  1.638561e+00
2.18274e-02    GZ03   38.824 -122.795    -700.000    2800.000     480.000 ZYY  1.819763e+01  1.375837e+01  1.638561e+00
3.96730e-02    GZ03   38.824 -122.795    -700.000    2800.000     480.000 ZXX -7.885264e+00 -1.059222e+01  1.077089e+00
3.96730e-02    GZ03   38.824 -122.795    -700.000    2800.000     480.000 ZXY  1.725592e+01  3.002718e+01  1.077089e+00
3.96730e-02    GZ03   38.824 -122.795    -700.000    2800.000     480.000 ZYX -1.927542e+01 -3.179803e+01  1.077089e+00
3.96730e-02    GZ03   38.824 -122.795    -700.000    2800.000     480.000 ZYY  9.427343e+00  1.223129e+01  1.077089e+00
7.21087e-02    GZ03   38.824 -122.795    -700.000    2800.000     480.000 ZXX -5.215105e+00 -6.672971e+00  6.968092e-01
7.21087e-02    GZ03   38.824 -122.795    -700.000    2800.000     480.000 ZXY  1.042663e+01  2.005400e+01  6.968092e-01
7.21087e-02    GZ03   38.824 -122.795    -700.000    2800.000     480.000 ZYX -1.293242e+01 -2.000605e+01  6.968092e-01
7.21087e-02    GZ03   38.824 -122.795    -700.000    2800.000     480.000 ZYY  5.866186e+00  8.733579e+00  6.968092e-01
1.31063e-01    GZ03   38.824 -122.795    -700.000    2800.000     480.000 ZXX -3.968809e+00 -3.963952e+00  4.435284e-01
1.31063e-01    GZ03   38.824 -122.795    -700.000    2800.000     480.000 ZXY  6.735660e+00  1.253497e+01  4.435284e-01
1.31063e-01    GZ03   38.824 -122.795    -700.000    2800.000     480.000 ZYX -9.972619e+00 -1.165124e+01  4.435284e-01
1.31063e-01    GZ03   38.824 -122.795    -700.000    2800.000     480.000 ZYY  4.088023e+00  5.397421e+00  4.435284e-01
2.38218e-01    GZ03   38.824 -122.795    -700.000    2800.000     480.000 ZXX -3.655028e+00 -2.237944e+00  3.162976e-01
2.38218e-01    GZ03   38.824 -122.795    -700.000    2800.000     480.000 ZXY  5.784738e+00  7.676029e+00  3.162976e-01
2.38218e-01    GZ03   38.824 -122.795    -700.000    2800.000     480.000 ZYX -9.153706e+00 -7.056038e+00  3.162976e-01
2.38218e-01    GZ03   38.824 -122.795    -700.000    2800.000     480.000 ZYY  3.757823e+00  3.023285e+00  3.162976e-01
4.32979e-01    GZ03   38.824 -122.795    -700.000    2800.000     480.000 ZXX -3.277591e+00 -1.732475e+00  2.390838e-01
4.32979e-01    GZ03   38.824 -122.795    -700.000    2800.000     480.000 ZXY  4.647079e+00  4.549566e+00  2.390838e-01
4.32979e-01    GZ03   38.824 -122.795    -700.000    2800.000     480.000 ZYX -8.350559e+00 -5.060001e+00  2.390838e-01
4.32979e-01    GZ03   38.824 -122.795    -700.000    2800.000     480.000 ZYY  3.577459e+00  1.648649e+00  2.390838e-01
7.86973e-01    GZ03   38.824 -122.795    -700.000    2800.000     480.000 ZXX -2.960222e+00 -1.361523e+00  1.924096e-01
7.86973e-01    GZ03   38.824 -122.795    -700.000    2800.000     480.000 ZXY  4.029690e+00  2.837652e+00  1.924096e-01
7.86973e-01    GZ03   38.824 -122.795    -700.000    2800.000     480.000 ZYX -7.231042e+00 -4.142833e+00  1.924096e-01
7.86973e-01    GZ03   38.824 -122.795    -700.000    2800.000     480.000 ZYY  3.647487e+00  8.921769e-01  1.924096e-01
1.43038e+00    GZ03   38.824 -122.795    -700.000    2800.000     480.000 ZXX -2.615492e+00 -1.149847e+00  1.616793e-01
1.43038e+00    GZ03   38.824 -122.795    -700.000    2800.000     480.000 ZXY  3.583684e+00  2.035955e+00  1.616793e-01
1.43038e+00    GZ03   38.824 -122.795    -700.000    2800.000     480.000 ZYX -5.972270e+00 -3.661723e+00  1.616793e-01
1.43038e+00    GZ03   38.824 -122.795    -700.000    2800.000     480.000 ZYY  3.596546e+00  7.956680e-01  1.616793e-01
2.59984e+00    GZ03   38.824 -122.795    -700.000    2800.000     480.000 ZXX -2.280475e+00 -1.060172e+00  1.353373e-01
2.59984e+00    GZ03   38.824 -122.795    -700.000    2800.000     480.000 ZXY  3.124968e+00  1.674373e+00  1.353373e-01
2.59984e+00    GZ03   38.824 -122.795    -700.000    2800.000     480.000 ZYX -4.632842e+00 -3.269844e+00  1.353373e-01
2.59984e+00    GZ03   38.824 -122.795    -700.000    2800.000     480.000 ZYY  3.374788e+00  9.657230e-01  1.353373e-01
4.72540e+00    GZ03   38.824 -122.795    -700.000    2800.000     480.000 ZXX -1.935486e+00 -1.031566e+00  1.053787e-01
4.72540e+00    GZ03   38.824 -122.795    -700.000    2800.000     480.000 ZXY  2.547050e+00  1.235826e+00  1.053787e-01
4.72540e+00    GZ03   38.824 -122.795    -700.000    2800.000     480.000 ZYX -3.534943e+00 -2.446865e+00  1.053787e-01
4.72540e+00    GZ03   38.824 -122.795    -700.000    2800.000     480.000 ZYY  2.933423e+00  6.815954e-01  1.053787e-01
8.58879e+00    GZ03   38.824 -122.795    -700.000    2800.000     480.000 ZXX -1.799259e+00 -6.596466e-01  8.265926e-02
8.58879e+00    GZ03   38.824 -122.795    -700.000    2800.000     480.000 ZXY  2.078700e+00  8.286689e-01  8.265926e-02
8.58879e+00    GZ03   38.824 -122.795    -700.000    2800.000     480.000 ZYX -2.953336e+00 -1.559995e+00  8.265926e-02
8.58879e+00    GZ03   38.824 -122.795    -700.000    2800.000     480.000 ZYY  2.601804e+00 -1.017421e-02  1.114282e-01
1.56108e+01    GZ03   38.824 -122.795    -700.000    2800.000     480.000 ZXX -1.739115e+00 -3.586727e-01  7.193717e-02
1.56108e+01    GZ03   38.824 -122.795    -700.000    2800.000     480.000 ZXY  1.821022e+00  6.046582e-01  7.193717e-02
1.56108e+01    GZ03   38.824 -122.795    -700.000    2800.000     480.000 ZYX -2.820051e+00 -8.582329e-01  7.193717e-02
1.56108e+01    GZ03   38.824 -122.795    -700.000    2800.000     480.000 ZYY  2.388238e+00  2.858688e-02  1.097201e-01
2.83738e+01    GZ03   38.824 -122.795    -700.000    2800.000     480.000 ZXX -1.706026e+00 -1.930820e-01  6.637437e-02
2.83738e+01    GZ03   38.824 -122.795    -700.000    2800.000     480.000 ZXY  1.679252e+00  4.814112e-01  7.226313e-02
2.83738e+01    GZ03   38.824 -122.795    -700.000    2800.000     480.000 ZYX -2.739241e+00 -5.500208e-01  6.637437e-02
2.83738e+01    GZ03   38.824 -122.795    -700.000    2800.000     480.000 ZYY  1.935263e+00  2.895280e-01  1.086802e-01
5.15716e+01    GZ03   38.824 -122.795    -700.000    2800.000     480.000 ZXX -1.499915e+00 -2.248503e-01  5.808554e-02
5.15716e+01    GZ03   38.824 -122.795    -700.000    2800.000     480.000 ZXY  1.461619e+00  3.682270e-01  8.144274e-02
5.15716e+01    GZ03   38.824 -122.795    -700.000    2800.000     480.000 ZYX -2.435598e+00 -4.631298e-01  9.281169e-02
5.15716e+01    GZ03   38.824 -122.795    -700.000    2800.000     480.000 ZYY  1.718404e+00  2.369827e-01  1.150293e-01
9.37354e+01    GZ03   38.824 -122.795    -700.000    2800.000     480.000 ZXX -1.459519e+00 -1.730445e-01  7.699641e-02
9.37354e+01    GZ03   38.824 -122.795    -700.000    2800.000     480.000 ZXY  1.383847e+00  4.441666e-01  1.314698e-01
9.37354e+01    GZ03   38.824 -122.795    -700.000    2800.000     480.000 ZYX -2.210973e+00 -3.475400e-01  1.132300e-01
9.37354e+01    GZ03   38.824 -122.795    -700.000    2800.000     480.000 ZYY  1.566463e+00  3.078161e-01  1.315627e-01
1.70371e+02    GZ03   38.824 -122.795    -700.000    2800.000     480.000 ZXX -1.151458e+00 -1.825145e-01  5.714824e-02
1.70371e+02    GZ03   38.824 -122.795    -700.000    2800.000     480.000 ZXY  1.092927e+00  3.486604e-01  7.285646e-02
1.70371e+02    GZ03   38.824 -122.795    -700.000    2800.000     480.000 ZYX -1.769229e+00 -3.379225e-01  8.714552e-02
1.70371e+02    GZ03   38.824 -122.795    -700.000    2800.000     480.000 ZYY  1.292414e+00  3.584544e-01  1.047663e-01
3.09663e+02    GZ03   38.824 -122.795    -700.000    2800.000     480.000 ZXX -8.818063e-01 -2.403469e-01  4.474412e-02
3.09663e+02    GZ03   38.824 -122.795    -700.000    2800.000     480.000 ZXY  8.526661e-01  2.786587e-01  4.920107e-02
3.09663e+02    GZ03   38.824 -122.795    -700.000    2800.000     480.000 ZYX -1.363221e+00 -3.422627e-01  6.936956e-02
3.09663e+02    GZ03   38.824 -122.795    -700.000    2800.000     480.000 ZYY  9.675940e-01  3.120289e-01  7.328482e-02
5.62837e+02    GZ03   38.824 -122.795    -700.000    2800.000     480.000 ZXX -6.834787e-01 -2.242137e-01  1.000000e-01
5.62837e+02    GZ03   38.824 -122.795    -700.000    2800.000     480.000 ZXY  6.616795e-01  3.116988e-01  1.000000e-01
5.62837e+02    GZ03   38.824 -122.795    -700.000    2800.000     480.000 ZYX -1.059531e+00 -4.073155e-01  7.465861e-02
5.62837e+02    GZ03   38.824 -122.795    -700.000    2800.000     480.000 ZYY  8.071692e-01  2.796033e-01  1.273690e-01
1.02300e+03    GZ03   38.824 -122.795    -700.000    2800.000     480.000 ZXX -6.341251e-01 -1.540370e-01  2.132665e-02
1.02300e+03    GZ03   38.824 -122.795    -700.000    2800.000     480.000 ZXY  4.429165e-01  2.672780e-01  2.132665e-02
1.02300e+03    GZ03   38.824 -122.795    -700.000    2800.000     480.000 ZYX -9.170737e-01 -3.292203e-01  3.954308e-02
1.02300e+03    GZ03   38.824 -122.795    -700.000    2800.000     480.000 ZYY  6.864261e-01  2.327109e-01  7.748159e-02
2.00000e-03    GZ04   38.828 -122.813    -302.000    1200.000     630.000 ZYX -1.924320e+02 -1.423073e+02  3.425943e+00
3.63516e-03    GZ04   38.828 -122.813    -302.000    1200.000     630.000 ZYX -1.248522e+02 -1.136779e+02  2.509609e+00
6.60718e-03    GZ04   38.828 -122.813    -302.000    1200.000     630.000 ZYX -8.019833e+01 -9.006983e+01  1.376356e+00
6.60718e-03    GZ04   38.828 -122.813    -302.000    1200.000     630.000 ZYY  1.773326e+01  1.881653e+01  1.631681e+00
1.20091e-02    GZ04   38.828 -122.813    -302.000    1200.000     630.000 ZYX -4.621611e+01 -6.605724e+01  2.096093e+00
1.20091e-02    GZ04   38.828 -122.813    -302.000    1200.000     630.000 ZYY  9.804056e+00  1.381257e+01  2.096093e+00
2.18274e-02    GZ04   38.828 -122.813    -302.000    1200.000     630.000 ZXX  2.529660e-01 -4.745189e+00  1.463190e+00
2.18274e-02    GZ04   38.828 -122.813    -302.000    1200.000     630.000 ZYX -2.808983e+01 -4.633777e+01  1.463190e+00
2.18274e-02    GZ04   38.828 -122.813    -302.000    1200.000     630.000 ZYY  7.269015e+00  1.020686e+01  1.463190e+00
3.96730e-02    GZ04   38.828 -122.813    -302.000    1200.000     630.000 ZXX  5.469211e-01 -3.034358e+00  1.073798e+00
3.96730e-02    GZ04   38.828 -122.813    -302.000    1200.000     630.000 ZXY  2.014419e+01  2.608789e+01  1.073798e+00
3.96730e-02    GZ04   38.828 -122.813    -302.000    1200.000     630.000 ZYX -1.967412e+01 -3.317959e+01  1.073798e+00
3.96730e-02    GZ04   38.828 -122.813    -302.000    1200.000     630.000 ZYY  5.951065e+00  7.184966e+00  1.073798e+00
7.21087e-02    GZ04   38.828 -122.813    -302.000    1200.000     630.000 ZXX  1.147854e+00 -1.451176e+00  7.159250e-01
7.21087e-02    GZ04   38.828 -122.813    -302.000    1200.000     630.000 ZXY  1.454391e+01  1.789712e+01  7.159250e-01
7.21087e-02    GZ04   38.828 -122.813    -302.000    1200.000     630.000 ZYX -1.191585e+01 -2.134477e+01  7.159250e-01
7.21087e-02    GZ04   38.828 -122.813    -302.000    1200.000     630.000 ZYY  4.883760e+00  4.505814e+00  7.159250e-01
1.31063e-01    GZ04   38.828 -122.813    -302.000    1200.000     630.000 ZXX  1.318119e+00 -3.495708e-01  4.688159e-01
1.31063e-01    GZ04   38.828 -122.813    -302.000    1200.000     630.000 ZXY  1.071503e+01  1.237114e+01  4.688159e-01
1.31063e-01    GZ04   38.828 -122.813    -302.000    1200.000     630.000 ZYX -8.295325e+00 -1.211449e+01  4.688159e-01
1.31063e-01    GZ04   38.828 -122.813    -302.000    1200.000     630.000 ZYY  4.171480e+00  3.300688e+00  4.688159e-01
2.38218e-01    GZ04   38.828 -122.813    -302.000    1200.000     630.000 ZXX  8.785926e-01  3.457016e-01  3.353416e-01
2.38218e-01    GZ04   38.828 -122.813    -302.000    1200.000     630.000 ZXY  8.053776e+00  8.688584e+00  3.353416e-01
2.38218e-01    GZ04   38.828 -122.813    -302.000    1200.000     630.000 ZYX -7.932714e+00 -6.633685e+00  3.353416e-01
2.38218e-01    GZ04   38.828 -122.813    -302.000    1200.000     630.000 ZYY  3.158117e+00  2.563608e+00  3.353416e-01
4.32979e-01    GZ04   38.828 -122.813    -302.000    1200.000     630.000 ZXX  3.530595e-01  7.631356e-01  2.670747e-01
4.32979e-01    GZ04   38.828 -122.813    -302.000    1200.000     630.000 ZXY  6.462713e+00  6.143345e+00  2.670747e-01
4.32979e-01    GZ04   38.828 -122.813    -302.000    1200.000     630.000 ZYX -7.698761e+00 -4.168353e+00  2.670747e-01
4.32979e-01    GZ04   38.828 -122.813    -302.000    1200.000     630.000 ZYY  2.377071e+00  1.868014e+00  2.670747e-01
7.86973e-01    GZ04   38.828 -122.813    -302.000    1200.000     630.000 ZXX -1.771236e-01  7.977617e-01  2.226352e-01
7.86973e-01    GZ04   38.828 -122.813    -302.000    1200.000     630.000 ZXY  5.122044e+00  4.474484e+00  2.226352e-01
7.86973e-01    GZ04   38.828 -122.813    -302.000    1200.000     630.000 ZYX -7.241288e+00 -3.428723e+00  2.226352e-01
7.86973e-01    GZ04   38.828 -122.813    -302.000    1200.000     630.000 ZYY  1.991283e+00  1.235797e+00  2.226352e-01
1.43038e+00    GZ04   38.828 -122.813    -302.000    1200.000     630.000 ZXX -6.308752e-01  7.328137e-01  1.821286e-01
1.43038e+00    GZ04   38.828 -122.813    -302.000    1200.000     630.000 ZXY  4.017818e+00  3.285288e+00  1.821286e-01
1.43038e+00    GZ04   38.828 -122.813    -302.000    1200.000     630.000 ZYX -6.156891e+00 -3.420899e+00  1.821286e-01
1.43038e+00    GZ04   38.828 -122.813    -302.000    1200.000     630.000 ZYY  1.905522e+00  7.946798e-01  1.821286e-01
2.59984e+00    GZ04   38.828 -122.813    -302.000    1200.000     630.000 ZXX -9.091209e-01  3.837647e-01  1.468287e-01
2.59984e+00    GZ04   38.828 -122.813    -302.000    1200.000     630.000 ZXY  3.210224e+00  2.563659e+00  1.468287e-01
2.59984e+00    GZ04   38.828 -122.813    -302.000    1200.000     630.000 ZYX -4.695147e+00 -3.345420e+00  1.468287e-01
2.59984e+00    GZ04   38.828 -122.813    -302.000    1200.000     630.000 ZYY  1.907790e+00  6.793066e-01  1.468287e-01
4.72540e+00    GZ04   38.828 -122.813    -302.000    1200.000     630.000 ZXX -1.012724e+00  9.365230e-02  1.096284e-01
4.72540e+00    GZ04   38.828 -122.813    -302.000    1200.000     630.000 ZXY  2.479882e+00  1.842435e+00  1.096284e-01
4.72540e+00    GZ04   38.828 -122.813    -302.000    1200.000     630.000 ZYX -3.517318e+00 -2.436800e+00  1.096284e-01
4.72540e+00    GZ04   38.828 -122.813    -302.000    1200.000     630.000 ZYY  1.652399e+00  5.765475e-01  1.096284e-01
8.58879e+00    GZ04   38.828 -122.813    -302.000    1200.000     630.000 ZXX -1.070489e+00  1.312904e-01  8.451237e-02
8.58879e+00    GZ04   38.828 -122.813    -302.000    1200.000     630.000 ZXY  2.010424e+00  1.186722e+00  8.451237e-02
8.58879e+00    GZ04   38.828 -122.813    -302.000    1200.000     630.000 ZYX -3.077867e+00 -1.387820e+00  8.451237e-02
8.58879e+00    GZ04   38.828 -122.813    -302.000    1200.000     630.000 ZYY  1.530592e+00  1.916367e-01  9.041492e-02
1.56108e+01    GZ04   38.828 -122.813    -302.000    1200.000     630.000 ZXX -1.102349e+00  1.560571e-01  7.137450e-02
1.56108e+01    GZ04   38.828 -122.813    -302.000    1200.000     630.000 ZXY  1.751255e+00  8.209459e-01  7.137450e-02
1.56108e+01    GZ04   38.828 -122.813    -302.000    1200.000     630.000 ZYX -2.774003e+00 -8.831819e-01  7.137450e-02
1.56108e+01    GZ04   38.828 -122.813    -302.000    1200.000     630.000 ZYY  1.456578e+00 -6.731317e-02  7.835022e-02
2.83738e+01    GZ04   38.828 -122.813    -302.000    1200.000     630.000 ZXX -1.182139e+00  7.915835e-02  6.352651e-02
2.83738e+01    GZ04   38.828 -122.813    -302.000    1200.000     630.000 ZXY  1.608665e+00  6.197019e-01  6.352651e-02
2.83738e+01    GZ04   38.828 -122.813    -302.000    1200.000     630.000 ZYX -2.530000e+00 -5.936099e-01  6.352651e-02
2.83738e+01    GZ04   38.828 -122.813    -302.000    1200.000     630.000 ZYY  1.312671e+00  2.894068e-02  8.620265e-02
5.15716e+01    GZ04   38.828 -122.813    -302.000    1200.000     630.000 ZXX -1.068063e+00 -5.744604e-02  5.408591e-02
5.15716e+01    GZ04   38.828 -122.813    -302.000    1200.000     630.000 ZXY  1.402185e+00  4.612304e-01  6.458488e-02
5.15716e+01    GZ04   38.828 -122.813    -302.000    1200.000     630.000 ZYX -2.131095e+00 -5.431894e-01  5.977407e-02
5.15716e+01    GZ04   38.828 -122.813    -302.000    1200.000     630.000 ZYY  1.196459e+00  2.700931e-02  1.056277e-01
9.37354e+01    GZ04   38.828 -122.813    -302.000    1200.000     630.000 ZXX -1.025563e+00 -9.029342e-02  4.874117e-02
9.37354e+01    GZ04   38.828 -122.813    -302.000    1200.000     630.000 ZXY  1.124104e+00  3.751159e-01  6.513046e-02
9.37354e+01    GZ04   38.828 -122.813    -302.000    1200.000     630.000 ZYX -1.806377e+00 -4.583295e-01  7.299188e-02
9.37354e+01    GZ04   38.828 -122.813    -302.000    1200.000     630.000 ZYY  1.265594e+00  1.052971e-01  1.466184e-01
1.70371e+02    GZ04   38.828 -122.813    -302.000    1200.000     630.000 ZXX -7.921079e-01 -9.900076e-02  3.639768e-02
1.70371e+02    GZ04   38.828 -122.813    -302.000    1200.000     630.000 ZXY  9.236222e-01  3.312336e-01  6.903834e-02
1.70371e+02    GZ04   38.828 -122.813    -302.000    1200.000     630.000 ZYX -1.449543e+00 -3.698922e-01  7.156556e-02
1.70371e+02    GZ04   38.828 -122.813    -302.000    1200.000     630.000 ZYY  9.011391e-01  2.139462e-01  1.292392e-01
3.09663e+02    GZ04   38.828 -122.813    -302.000    1200.000     630.000 ZXX -6.576963e-01 -9.224218e-02  3.503107e-02
3.09663e+02    GZ04   38.828 -122.813    -302.000    1200.000     630.000 ZXY  7.127005e-01  2.433934e-01  5.225886e-02
3.09663e+02    GZ04   38.828 -122.813    -302.000    1200.000     630.000 ZYX -1.147080e+00 -3.359695e-01  4.772287e-02
3.09663e+02    GZ04   38.828 -122.813    -302.000    1200.000     630.000 ZYY  7.510618e-01  1.969943e-01  8.791537e-02
5.62837e+02    GZ04   38.828 -122.813    -302.000    1200.000     630.000 ZXX -5.356404e-01 -1.370347e-01  2.333193e-02
5.62837e+02    GZ04   38.828 -122.813    -302.000    1200.000     630.000 ZXY  5.780351e-01  2.017417e-01  4.000616e-02
5.62837e+02    GZ04   38.828 -122.813    -302.000    1200.000     630.000 ZYX -9.287730e-01 -3.367974e-01  3.922790e-02
5.62837e+02    GZ04   38.828 -122.813    -302.000    1200.000     630.000 ZYY  5.376639e-01  9.532095e-02  6.367269e-02
1.02300e+03    GZ04   38.828 -122.813    -302.000    1200.000     630.000 ZXX -4.590798e-01 -1.381901e-01  1.927577e-02
1.02300e+03    GZ04   38.828 -122.813    -302.000    1200.000     630.000 ZXY  4.574577e-01  2.205329e-01  2.637644e-02
1.02300e+03    GZ04   38.828 -122.813    -302.000    1200.000     630.000 ZYX -7.591721e-01 -2.904443e-01  1.927577e-02
1.02300e+03    GZ04   38.828 -122.813    -302.000    1200.000     630.000 ZYY  4.571065e-01  8.783620e-02  5.649785e-02
2.00000e-03    GZ06   38.842 -122.830    1300.000    -200.000     510.000 ZXX -1.516456e+01 -1.117325e+01  9.746418e+00
2.00000e-03    GZ06   38.842 -122.830    1300.000    -200.000     510.000 ZXY  1.997877e+02  1.773993e+02  9.746418e+00
2.00000e-03    GZ06   38.842 -122.830    1300.000    -200.000     510.000 ZYX -2.590138e+02 -2.981897e+02  9.746418e+00
2.00000e-03    GZ06   38.842 -122.830    1300.000    -200.000     510.000 ZYY  1.916120e+01  1.935004e+01  9.746418e+00
3.63516e-03    GZ06   38.842 -122.830    1300.000    -200.000     510.000 ZXX -1.110983e+01 -8.131652e+00  7.029273e+00
3.63516e-03    GZ06   38.842 -122.830    1300.000    -200.000     510.000 ZXY  1.367526e+02  1.404315e+02  7.029273e+00
3.63516e-03    GZ06   38.842 -122.830    1300.000    -200.000     510.000 ZYX -1.723165e+02 -2.208017e+02  7.029273e+00
3.63516e-03    GZ06   38.842 -122.830    1300.000    -200.000     510.000 ZYY  1.199189e+01  7.307899e+00  7.029273e+00
6.60718e-03    GZ06   38.842 -122.830    1300.000    -200.000     510.000 ZXX -8.704702e+00 -7.581751e+00  5.008997e+00
6.60718e-03    GZ06   38.842 -122.830    1300.000    -200.000     510.000 ZXY  9.844965e+01  1.034571e+02  5.008997e+00
6.60718e-03    GZ06   38.842 -122.830    1300.000    -200.000     510.000 ZYX -1.148335e+02 -1.578505e+02  5.008997e+00
6.60718e-03    GZ06   38.842 -122.830    1300.000    -200.000     510.000 ZYY  1.155160e+01  5.792582e+00  5.008997e+00
1.20091e-02    GZ06   38.842 -122.830    1300.000    -200.000     510.000 ZXX -5.941246e+00 -6.013403e+00  3.549101e+00
1.20091e-02    GZ06   38.842 -122.830    1300.000    -200.000     510.000 ZXY  7.237286e+01  7.413639e+01  3.549101e+00
1.20091e-02    GZ06   38.842 -122.830    1300.000    -200.000     510.000 ZYX -7.719956e+01 -1.108355e+02  3.549101e+00
1.20091e-02    GZ06   38.842 -122.830    1300.000    -200.000     510.000 ZYY  1.008400e+01  4.338283e+00  3.549101e+00
2.18274e-02    GZ06   38.842 -122.830    1300.000    -200.000     510.000 ZXX -3.736290e+00 -4.640306e+00  2.558805e+00
2.18274e-02    GZ06   38.842 -122.830    1300.000    -200.000     510.000 ZXY  5.305513e+01  5.344179e+01  2.558805e+00
2.18274e-02    GZ06   38.842 -122.830    1300.000    -200.000     510.000 ZYX -5.631648e+01 -7.843908e+01  2.558805e+00
2.18274e-02    GZ06   38.842 -122.830    1300.000    -200.000     510.000 ZYY  8.599588e+00  4.311721e+00  2.558805e+00
3.96730e-02    GZ06   38.842 -122.830    1300.000    -200.000     510.000 ZXX -2.401222e+00 -3.520508e+00  1.816742e+00
3.96730e-02    GZ06   38.842 -122.830    1300.000    -200.000     510.000 ZXY  4.094123e+01  4.064733e+01  1.816742e+00
3.96730e-02    GZ06   38.842 -122.830    1300.000    -200.000     510.000 ZYX -3.676154e+01 -5.176138e+01  1.816742e+00
3.96730e-02    GZ06   38.842 -122.830    1300.000    -200.000     510.000 ZYY  7.485188e+00  4.086978e+00  1.816742e+00
7.21087e-02    GZ06   38.842 -122.830    1300.000    -200.000     510.000 ZXX -1.388650e+00 -2.407981e+00  1.303639e+00
7.21087e-02    GZ06   38.842 -122.830    1300.000    -200.000     510.000 ZXY  3.013640e+01  3.078313e+01  1.303639e+00
7.21087e-02    GZ06   38.842 -122.830    1300.000    -200.000     510.000 ZYX -2.591090e+01 -3.522299e+01  1.303639e+00
7.21087e-02    GZ06   38.842 -122.830    1300.000    -200.000     510.000 ZYY  5.836032e+00  3.987238e+00  1.303639e+00
1.31063e-01    GZ06   38.842 -122.830    1300.000    -200.000     510.000 ZXX -8.539122e-01 -1.657448e+00  9.137148e-01
1.31063e-01    GZ06   38.842 -122.830    1300.000    -200.000     510.000 ZXY  2.140307e+01  2.282855e+01  9.137148e-01
1.31063e-01    GZ06   38.842 -122.830    1300.000    -200.000     510.000 ZYX -1.847524e+01 -2.308053e+01  9.137148e-01
1.31063e-01    GZ06   38.842 -122.830    1300.000    -200.000     510.000 ZYY  3.810794e+00  3.271171e+00  9.137148e-01
2.38218e-01    GZ06   38.842 -122.830    1300.000    -200.000     510.000 ZXX -7.006070e-01 -1.103678e+00  6.436108e-01
2.38218e-01    GZ06   38.842 -122.830    1300.000    -200.000     510.000 ZXY  1.559237e+01  1.539552e+01  6.436108e-01
2.38218e-01    GZ06   38.842 -122.830    1300.000    -200.000     510.000 ZYX -1.473570e+01 -1.488861e+01  6.436108e-01
2.38218e-01    GZ06   38.842 -122.830    1300.000    -200.000     510.000 ZYY  2.772405e+00  2.203796e+00  6.436108e-01
4.32979e-01    GZ06   38.842 -122.830    1300.000    -200.000     510.000 ZXX -1.698999e-01 -1.139552e+00  4.870298e-01
4.32979e-01    GZ06   38.842 -122.830    1300.000    -200.000     510.000 ZXY  1.257016e+01  1.062425e+01  4.870298e-01
4.32979e-01    GZ06   38.842 -122.830    1300.000    -200.000     510.000 ZYX -1.253907e+01 -9.904408e+00  4.870298e-01
4.32979e-01    GZ06   38.842 -122.830    1300.000    -200.000     510.000 ZYY  2.385222e+00  1.163201e+00  4.870298e-01
7.86973e-01    GZ06   38.842 -122.830    1300.000    -200.000     510.000 ZXX  4.587463e-01 -7.931836e-01  3.951145e-01
7.86973e-01    GZ06   38.842 -122.830    1300.000    -200.000     510.000 ZXY  1.065304e+01  7.676051e+00  3.951145e-01
7.86973e-01    GZ06   38.842 -122.830    1300.000    -200.000     510.000 ZYX -1.098828e+01 -7.263599e+00  3.951145e-01
7.86973e-01    GZ06   38.842 -122.830    1300.000    -200.000     510.000 ZYY  2.277240e+00  5.392289e-01  3.951145e-01
1.43038e+00    GZ06   38.842 -122.830    1300.000    -200.000     510.000 ZXX  6.162897e-01 -1.036537e-01  3.297996e-01
1.43038e+00    GZ06   38.842 -122.830    1300.000    -200.000     510.000 ZXY  8.932889e+00  6.136220e+00  3.297996e-01
1.43038e+00    GZ06   38.842 -122.830    1300.000    -200.000     510.000 ZYX -9.375609e+00 -5.888456e+00  3.297996e-01
1.43038e+00    GZ06   38.842 -122.830    1300.000    -200.000     510.000 ZYY  2.472273e+00  2.783634e-01  3.297996e-01
2.59984e+00    GZ06   38.842 -122.830    1300.000    -200.000     510.000 ZXX  3.804643e-01  5.952762e-01  2.769873e-01
2.59984e+00    GZ06   38.842 -122.830    1300.000    -200.000     510.000 ZXY  7.331484e+00  5.354513e+00  2.769873e-01
2.59984e+00    GZ06   38.842 -122.830    1300.000    -200.000     510.000 ZYX -7.691467e+00 -5.248670e+00  2.769873e-01
2.59984e+00    GZ06   38.842 -122.830    1300.000    -200.000     510.000 ZYY  2.370410e+00  3.131672e-01  2.769873e-01
4.72540e+00    GZ06   38.842 -122.830    1300.000    -200.000     510.000 ZXX -2.276604e-01  6.120066e-01  2.085805e-01
4.72540e+00    GZ06   38.842 -122.830    1300.000    -200.000     510.000 ZXY  5.559052e+00  3.939103e+00  2.085805e-01
4.72540e+00    GZ06   38.842 -122.830    1300.000    -200.000     510.000 ZYX -5.710574e+00 -4.051475e+00  2.085805e-01
4.72540e+00    GZ06   38.842 -122.830    1300.000    -200.000     510.000 ZYY  2.201052e+00  4.522617e-01  2.085805e-01
8.58879e+00    GZ06   38.842 -122.830    1300.000    -200.000     510.000 ZXX -8.005743e-01  5.361085e-01  1.534141e-01
8.58879e+00    GZ06   38.842 -122.830    1300.000    -200.000     510.000 ZXY  4.277082e+00  2.766366e+00  2.024665e-01
8.58879e+00    GZ06   38.842 -122.830    1300.000    -200.000     510.000 ZYX -4.330318e+00 -2.460433e+00  1.534141e-01
8.58879e+00    GZ06   38.842 -122.830    1300.000    -200.000     510.000 ZYY  2.621544e+00 -7.677933e-01  3.253410e-01
1.56108e+01    GZ06   38.842 -122.830    1300.000    -200.000     510.000 ZXX -1.120051e+00  4.929000e-01  1.242324e-01
1.56108e+01    GZ06   38.842 -122.830    1300.000    -200.000     510.000 ZXY  3.571764e+00  2.121146e+00  2.078864e-01
1.56108e+01    GZ06   38.842 -122.830    1300.000    -200.000     510.000 ZYX -3.570926e+00 -1.585068e+00  1.242324e-01
1.56108e+01    GZ06   38.842 -122.830    1300.000    -200.000     510.000 ZYY  3.022210e+00 -8.546544e-01  2.274425e-01
2.83738e+01    GZ06   38.842 -122.830    1300.000    -200.000     510.000 ZXX -1.295821e+00  4.691274e-01  1.070371e-01
2.83738e+01    GZ06   38.842 -122.830    1300.000    -200.000     510.000 ZXY  3.183710e+00  1.766157e+00  2.108683e-01
2.83738e+01    GZ06   38.842 -122.830    1300.000    -200.000     510.000 ZYX -3.153120e+00 -1.103457e+00  1.070371e-01
2.83738e+01    GZ06   38.842 -122.830    1300.000    -200.000     510.000 ZYY  2.882970e+00 -9.941366e-02  1.518152e-01
5.15716e+01    GZ06   38.842 -122.830    1300.000    -200.000     510.000 ZXX -1.260815e+00  2.818866e-01  1.023503e-01
5.15716e+01    GZ06   38.842 -122.830    1300.000    -200.000     510.000 ZXY  2.970210e+00  1.570848e+00  2.125089e-01
5.15716e+01    GZ06   38.842 -122.830    1300.000    -200.000     510.000 ZYX -2.923250e+00 -8.384831e-01  9.758760e-02
5.15716e+01    GZ06   38.842 -122.830    1300.000    -200.000     510.000 ZYY  2.467098e+00  3.875739e-01  1.352909e-01
9.37354e+01    GZ06   38.842 -122.830    1300.000    -200.000     510.000 ZXX -1.387659e+00  2.034633e-02  1.255618e-01
9.37354e+01    GZ06   38.842 -122.830    1300.000    -200.000     510.000 ZXY  2.458004e+00  1.361091e+00  2.265882e-01
9.37354e+01    GZ06   38.842 -122.830    1300.000    -200.000     510.000 ZYX -2.790582e+00 -4.948843e-01  8.587142e-02
9.37354e+01    GZ06   38.842 -122.830    1300.000    -200.000     510.000 ZYY  2.145213e+00  9.531354e-01  1.609860e-01
1.70371e+02    GZ06   38.842 -122.830    1300.000    -200.000     510.000 ZXX -9.878366e-01 -3.348673e-01  1.724136e-01
1.70371e+02    GZ06   38.842 -122.830    1300.000    -200.000     510.000 ZYY  1.259372e+00  7.354376e-01  2.165732e-01
3.09663e+02    GZ06   38.842 -122.830    1300.000    -200.000     510.000 ZXX -1.112082e+00 -1.239825e-01  2.062209e-01
3.09663e+02    GZ06   38.842 -122.830    1300.000    -200.000     510.000 ZXY  1.467546e+00  7.740920e-01  1.553754e-01
3.09663e+02    GZ06   38.842 -122.830    1300.000    -200.000     510.000 ZYY  8.704379e-01  3.350417e-01  2.112063e-01
5.62837e+02    GZ06   38.842 -122.830    1300.000    -200.000     510.000 ZXX -8.402033e-01  2.293968e-01  2.064453e-01
5.62837e+02    GZ06   38.842 -122.830    1300.000    -200.000     510.000 ZYY  8.323636e-01  4.274654e-01  1.427400e-01
1.02300e+03    GZ06   38.842 -122.830    1300.000    -200.000     510.000 ZXX -7.462911e-01 -2.594678e-01  3.043542e-01
1.02300e+03    GZ06   38.842 -122.830    1300.000    -200.000     510.000 ZYY  2.398589e-01  6.316211e-01  4.104401e-01
2.00000e-03    GZ07   38.852 -122.822    2500.000     400.000     270.000 ZXY  1.973364e+02  2.387154e+02  9.553365e+00
2.00000e-03    GZ07   38.852 -122.822    2500.000     400.000     270.000 ZYX -2.092758e+02 -2.518037e+02  9.553365e+00
3.63516e-03    GZ07   38.852 -122.822    2500.000     400.000     270.000 ZXX -1.312644e+01 -8.711886e+00  6.992983e+00
3.63516e-03    GZ07   38.852 -122.822    2500.000     400.000     270.000 ZXY  1.358008e+02  1.856356e+02  6.992983e+00
3.63516e-03    GZ07   38.852 -122.822    2500.000     400.000     270.000 ZYX -1.380733e+02 -1.894637e+02  6.992983e+00
3.63516e-03    GZ07   38.852 -122.822    2500.000     400.000     270.000 ZYY  4.430943e+01  3.493986e+01  6.992983e+00
6.60718e-03    GZ07   38.852 -122.822    2500.000     400.000     270.000 ZXX -9.006706e+00 -8.895458e+00  4.847417e+00
6.60718e-03    GZ07   38.852 -122.822    2500.000     400.000     270.000 ZXY  8.520093e+01  1.362334e+02  4.847417e+00
6.60718e-03    GZ07   38.852 -122.822    2500.000     400.000     270.000 ZYX -8.544028e+01 -1.367259e+02  4.847417e+00
6.60718e-03    GZ07   38.852 -122.822    2500.000     400.000     270.000 ZYY  2.612905e+01  3.171050e+01  4.847417e+00
1.20091e-02    GZ07   38.852 -122.822    2500.000     400.000     270.000 ZXX -5.609094e+00 -7.734227e+00  3.244625e+00
1.20091e-02    GZ07   38.852 -122.822    2500.000     400.000     270.000 ZXY  5.257346e+01  9.481022e+01  3.244625e+00
1.20091e-02    GZ07   38.852 -122.822    2500.000     400.000     270.000 ZYX -5.150130e+01 -9.390976e+01  3.244625e+00
1.20091e-02    GZ07   38.852 -122.822    2500.000     400.000     270.000 ZYY  1.560554e+01  2.336835e+01  3.244625e+00
2.18274e-02    GZ07   38.852 -122.822    2500.000     400.000     270.000 ZXX -2.808773e+00 -5.985763e+00  2.111227e+00
2.18274e-02    GZ07   38.852 -122.822    2500.000     400.000     270.000 ZXY  3.234023e+01  6.256097e+01  2.111227e+00
2.18274e-02    GZ07   38.852 -122.822    2500.000     400.000     270.000 ZYX -3.191386e+01 -6.206756e+01  2.111227e+00
2.18274e-02    GZ07   38.852 -122.822    2500.000     400.000     270.000 ZYY  9.079303e+00  1.651392e+01  2.111227e+00
3.96730e-02    GZ07   38.852 -122.822    2500.000     400.000     270.000 ZXX -1.011249e+00 -4.206778e+00  1.366078e+00
3.96730e-02    GZ07   38.852 -122.822    2500.000     400.000     270.000 ZXY  2.109908e+01  4.045056e+01  1.366078e+00
3.96730e-02    GZ07   38.852 -122.822    2500.000     400.000     270.000 ZYX -2.055921e+01 -4.017165e+01  1.366078e+00
3.96730e-02    GZ07   38.852 -122.822    2500.000     400.000     270.000 ZYY  5.323710e+00  1.075206e+01  1.366078e+00
7.21087e-02    GZ07   38.852 -122.822    2500.000     400.000     270.000 ZXX  3.827114e-02 -2.652674e+00  8.894807e-01
7.21087e-02    GZ07   38.852 -122.822    2500.000     400.000     270.000 ZXY  1.407296e+01  2.615049e+01  8.894807e-01
7.21087e-02    GZ07   38.852 -122.822    2500.000     400.000     270.000 ZYX -1.365698e+01 -2.602776e+01  8.894807e-01
7.21087e-02    GZ07   38.852 -122.822    2500.000     400.000     270.000 ZYY  3.195012e+00  6.933693e+00  8.894807e-01
1.31063e-01    GZ07   38.852 -122.822    2500.000     400.000     270.000 ZXX  5.446431e-01 -1.497276e+00  5.812572e-01
1.31063e-01    GZ07   38.852 -122.822    2500.000     400.000     270.000 ZXY  9.691065e+00  1.679371e+01  5.812572e-01
1.31063e-01    GZ07   38.852 -122.822    2500.000     400.000     270.000 ZYX -9.221456e+00 -1.686923e+01  5.812572e-01
1.31063e-01    GZ07   38.852 -122.822    2500.000     400.000     270.000 ZYY  1.955753e+00  4.428724e+00  5.812572e-01
2.38218e-01    GZ07   38.852 -122.822    2500.000     400.000     270.000 ZXX  5.344626e-01 -6.029263e-01  3.747204e-01
2.38218e-01    GZ07   38.852 -122.822    2500.000     400.000     270.000 ZXY  7.023822e+00  1.017056e+01  3.747204e-01
2.38218e-01    GZ07   38.852 -122.822    2500.000     400.000     270.000 ZYX -6.605256e+00 -1.064258e+01  3.747204e-01
2.38218e-01    GZ07   38.852 -122.822    2500.000     400.000     270.000 ZYY  1.430189e+00  2.629799e+00  3.747204e-01
4.32979e-01    GZ07   38.852 -122.822    2500.000     400.000     270.000 ZXX  5.062510e-01 -1.727689e-01  2.648810e-01
4.32979e-01    GZ07   38.852 -122.822    2500.000     400.000     270.000 ZXY  5.777743e+00  6.768953e+00  2.648810e-01
4.32979e-01    GZ07   38.852 -122.822    2500.000     400.000     270.000 ZYX -5.147409e+00 -7.027867e+00  2.648810e-01
4.32979e-01    GZ07   38.852 -122.822    2500.000     400.000     270.000 ZYY  1.020868e+00  1.541365e+00  2.648810e-01
7.86973e-01    GZ07   38.852 -122.822    2500.000     400.000     270.000 ZXX  4.137128e-01  1.082747e-01  1.932950e-01
7.86973e-01    GZ07   38.852 -122.822    2500.000     400.000     270.000 ZXY  4.818239e+00  4.606201e+00  1.932950e-01
7.86973e-01    GZ07   38.852 -122.822    2500.000     400.000     270.000 ZYX -4.029948e+00 -4.714002e+00  1.932950e-01
7.86973e-01    GZ07   38.852 -122.822    2500.000     400.000     270.000 ZYY  9.448602e-01  8.387194e-01  1.932950e-01
1.43038e+00    GZ07   38.852 -122.822    2500.000     400.000     270.000 ZXX  2.324230e-01  3.833093e-01  1.473016e-01
1.43038e+00    GZ07   38.852 -122.822    2500.000     400.000     270.000 ZXY  3.993063e+00  3.362394e+00  1.473016e-01
1.43038e+00    GZ07   38.852 -122.822    2500.000     400.000     270.000 ZYX -3.181092e+00 -3.323889e+00  1.473016e-01
1.43038e+00    GZ07   38.852 -122.822    2500.000     400.000     270.000 ZYY  9.422393e-01  4.706532e-01  1.473016e-01
2.59984e+00    GZ07   38.852 -122.822    2500.000     400.000     270.000 ZXX -1.088463e-01  4.438504e-01  1.132452e-01
2.59984e+00    GZ07   38.852 -122.822    2500.000     400.000     270.000 ZXY  3.177128e+00  2.586684e+00  1.132452e-01
2.59984e+00    GZ07   38.852 -122.822    2500.000     400.000     270.000 ZYX -2.446454e+00 -2.448204e+00  1.132452e-01
2.59984e+00    GZ07   38.852 -122.822    2500.000     400.000     270.000 ZYY  9.213182e-01  3.479204e-01  1.132452e-01
4.72540e+00    GZ07   38.852 -122.822    2500.000     400.000     270.000 ZXX -3.318222e-01  2.945458e-01  8.340302e-02
4.72540e+00    GZ07   38.852 -122.822    2500.000     400.000     270.000 ZXY  2.410898e+00  1.890342e+00  8.340302e-02
4.72540e+00    GZ07   38.852 -122.822    2500.000     400.000     270.000 ZYX -1.817133e+00 -1.726223e+00  8.340302e-02
4.72540e+00    GZ07   38.852 -122.822    2500.000     400.000     270.000 ZYY  8.446309e-01  2.891831e-01  8.340302e-02
8.58879e+00    GZ07   38.852 -122.822    2500.000     400.000     270.000 ZXX -4.321224e-01  1.527171e-01  6.114450e-02
8.58879e+00    GZ07   38.852 -122.822    2500.000     400.000     270.000 ZXY  1.884943e+00  1.310533e+00  6.114450e-02
8.58879e+00    GZ07   38.852 -122.822    2500.000     400.000     270.000 ZYX -1.411111e+00 -1.112222e+00  6.114450e-02
8.58879e+00    GZ07   38.852 -122.822    2500.000     400.000     270.000 ZYY  7.806833e-01  1.744459e-01  6.114450e-02
1.56108e+01    GZ07   38.852 -122.822    2500.000     400.000     270.000 ZXX -4.666362e-01  1.199497e-01  4.897795e-02
1.56108e+01    GZ07   38.852 -122.822    2500.000     400.000     270.000 ZXY  1.593748e+00  9.878256e-01  4.897795e-02
1.56108e+01    GZ07   38.852 -122.822    2500.000     400.000     270.000 ZYX -1.186693e+00 -7.702445e-01  4.897795e-02
1.56108e+01    GZ07   38.852 -122.822    2500.000     400.000     270.000 ZYY  7.000143e-01  9.693819e-02  4.897795e-02
2.83738e+01    GZ07   38.852 -122.822    2500.000     400.000     270.000 ZXX -5.072939e-01  9.291207e-02  4.022348e-02
2.83738e+01    GZ07   38.852 -122.822    2500.000     400.000     270.000 ZXY  1.328926e+00  7.611521e-01  4.022348e-02
2.83738e+01    GZ07   38.852 -122.822    2500.000     400.000     270.000 ZYX -1.029604e+00 -5.590136e-01  4.022348e-02
2.83738e+01    GZ07   38.852 -122.822    2500.000     400.000     270.000 ZYY  6.266743e-01  9.331148e-02  4.022348e-02
5.15716e+01    GZ07   38.852 -122.822    2500.000     400.000     270.000 ZXX -5.223671e-01  3.501391e-02  3.384777e-02
5.15716e+01    GZ07   38.852 -122.822    2500.000     400.000     270.000 ZXY  1.167343e+00  6.025672e-01  3.384777e-02
5.15716e+01    GZ07   38.852 -122.822    2500.000     400.000     270.000 ZYX -8.807270e-01 -4.018715e-01  3.384777e-02
5.15716e+01    GZ07   38.852 -122.822    2500.000     400.000     270.000 ZYY  5.781961e-01  1.323998e-01  3.384777e-02
9.37354e+01    GZ07   38.852 -122.822    2500.000     400.000     270.000 ZXX -5.063544e-01 -9.203629e-03  2.871484e-02
9.37354e+01    GZ07   38.852 -122.822    2500.000     400.000     270.000 ZXY  9.920146e-01  4.566316e-01  3.209180e-02
9.37354e+01    GZ07   38.852 -122.822    2500.000     400.000     270.000 ZYX -7.854635e-01 -2.945280e-01  2.871484e-02
9.37354e+01    GZ07   38.852 -122.822    2500.000     400.000     270.000 ZYY  5.036354e-01  1.366924e-01  2.871484e-02
1.70371e+02    GZ07   38.852 -122.822    2500.000     400.000     270.000 ZXX -4.883435e-01 -8.039907e-02  2.530594e-02
1.70371e+02    GZ07   38.852 -122.822    2500.000     400.000     270.000 ZXY  8.299266e-01  3.511983e-01  3.674134e-02
1.70371e+02    GZ07   38.852 -122.822    2500.000     400.000     270.000 ZYX -7.504154e-01 -2.421818e-01  2.530594e-02
1.70371e+02    GZ07   38.852 -122.822    2500.000     400.000     270.000 ZYY  4.147914e-01  1.259904e-01  3.732478e-02
3.09663e+02    GZ07   38.852 -122.822    2500.000     400.000     270.000 ZXX -4.389194e-01 -6.637519e-02  2.122406e-02
3.09663e+02    GZ07   38.852 -122.822    2500.000     400.000     270.000 ZXY  6.981692e-01  3.274813e-01  2.768349e-02
3.09663e+02    GZ07   38.852 -122.822    2500.000     400.000     270.000 ZYX -6.178089e-01 -1.949995e-01  2.122406e-02
3.09663e+02    GZ07   38.852 -122.822    2500.000     400.000     270.000 ZYY  3.681394e-01  1.070718e-01  2.523841e-02
5.62837e+02    GZ07   38.852 -122.822    2500.000     400.000     270.000 ZXX -4.044726e-01 -6.422292e-02  1.732987e-02
5.62837e+02    GZ07   38.852 -122.822    2500.000     400.000     270.000 ZXY  5.301535e-01  2.903683e-01  1.892178e-02
5.62837e+02    GZ07   38.852 -122.822    2500.000     400.000     270.000 ZYX -5.220016e-01 -1.709607e-01  1.732987e-02
5.62837e+02    GZ07   38.852 -122.822    2500.000     400.000     270.000 ZYY  3.145020e-01  9.231822e-02  1.732987e-02
1.02300e+03    GZ07   38.852 -122.822    2500.000     400.000     270.000 ZXX -3.663662e-01 -6.844675e-02  1.420324e-02
1.02300e+03    GZ07   38.852 -122.822    2500.000     400.000     270.000 ZXY  4.100618e-01  2.095261e-01  1.709923e-02
1.02300e+03    GZ07   38.852 -122.822    2500.000     400.000     270.000 ZYX -4.563449e-01 -1.540334e-01  1.420324e-02
1.02300e+03    GZ07   38.852 -122.822    2500.000     400.000     270.000 ZYY  2.670116e-01  6.839112e-02  1.485528e-02
2.00000e-03    GZ08   38.849 -122.836    2100.000    -800.000     510.000 ZXX -6.017968e+01 -3.644027e+01  9.526725e+00
2.00000e-03    GZ08   38.849 -122.836    2100.000    -800.000     510.000 ZXY  2.614531e+02  2.045605e+02  9.526725e+00
2.00000e-03    GZ08   38.849 -122.836    2100.000    -800.000     510.000 ZYX -2.228708e+02 -2.064084e+02  9.526725e+00
2.00000e-03    GZ08   38.849 -122.836    2100.000    -800.000     510.000 ZYY  4.761737e+01  4.894056e+01  9.526725e+00
3.63516e-03    GZ08   38.849 -122.836    2100.000    -800.000     510.000 ZXX -4.385831e+01 -3.073665e+01  7.155196e+00
3.63516e-03    GZ08   38.849 -122.836    2100.000    -800.000     510.000 ZXY  1.771497e+02  1.756808e+02  7.155196e+00
3.63516e-03    GZ08   38.849 -122.836    2100.000    -800.000     510.000 ZYX -1.650011e+02 -1.570464e+02  7.155196e+00
3.63516e-03    GZ08   38.849 -122.836    2100.000    -800.000     510.000 ZYY  2.681882e+01  2.822513e+01  7.155196e+00
6.60718e-03    GZ08   38.849 -122.836    2100.000    -800.000     510.000 ZXX -3.292017e+01 -2.536976e+01  5.300699e+00
6.60718e-03    GZ08   38.849 -122.836    2100.000    -800.000     510.000 ZXY  1.245438e+02  1.335903e+02  5.300699e+00
6.60718e-03    GZ08   38.849 -122.836    2100.000    -800.000     510.000 ZYX -1.229795e+02 -1.185274e+02  5.300699e+00
6.60718e-03    GZ08   38.849 -122.836    2100.000    -800.000     510.000 ZYY  2.014955e+01  2.447378e+01  5.300699e+00
1.20091e-02    GZ08   38.849 -122.836    2100.000    -800.000     510.000 ZXX -2.462866e+01 -2.018564e+01  3.882257e+00
1.20091e-02    GZ08   38.849 -122.836    2100.000    -800.000     510.000 ZXY  8.770804e+01  9.705588e+01  3.882257e+00
1.20091e-02    GZ08   38.849 -122.836    2100.000    -800.000     510.000 ZYX -9.179623e+01 -8.896483e+01  3.882257e+00
1.20091e-02    GZ08   38.849 -122.836    2100.000    -800.000     510.000 ZYY  1.509161e+01  1.604157e+01  3.882257e+00
2.18274e-02    GZ08   38.849 -122.836    2100.000    -800.000     510.000 ZXX -1.881764e+01 -1.536944e+01  2.856421e+00
2.18274e-02    GZ08   38.849 -122.836    2100.000    -800.000     510.000 ZXY  6.550812e+01  6.809662e+01  2.856421e+00
2.18274e-02    GZ08   38.849 -122.836    2100.000    -800.000     510.000 ZYX -6.917584e+01 -6.622350e+01  2.856421e+00
2.18274e-02    GZ08   38.849 -122.836    2100.000    -800.000     510.000 ZYY  1.119732e+01  1.154329e+01  2.856421e+00
3.96730e-02    GZ08   38.849 -122.836    2100.000    -800.000     510.000 ZXX -1.362347e+01 -1.262800e+01  2.110203e+00
3.96730e-02    GZ08   38.849 -122.836    2100.000    -800.000     510.000 ZXY  4.728437e+01  5.066953e+01  2.110203e+00
3.96730e-02    GZ08   38.849 -122.836    2100.000    -800.000     510.000 ZYX -5.084227e+01 -4.988817e+01  2.110203e+00
3.96730e-02    GZ08   38.849 -122.836    2100.000    -800.000     510.000 ZYY  8.141955e+00  8.698183e+00  2.110203e+00
7.21087e-02    GZ08   38.849 -122.836    2100.000    -800.000     510.000 ZXX -9.653162e+00 -9.702537e+00  1.551102e+00
7.21087e-02    GZ08   38.849 -122.836    2100.000    -800.000     510.000 ZXY  3.444976e+01  3.705370e+01  1.551102e+00
7.21087e-02    GZ08   38.849 -122.836    2100.000    -800.000     510.000 ZYX -3.726836e+01 -3.727957e+01  1.551102e+00
7.21087e-02    GZ08   38.849 -122.836    2100.000    -800.000     510.000 ZYY  5.654548e+00  6.591031e+00  1.551102e+00
1.31063e-01    GZ08   38.849 -122.836    2100.000    -800.000     510.000 ZXX -6.541783e+00 -7.043595e+00  1.112571e+00
1.31063e-01    GZ08   38.849 -122.836    2100.000    -800.000     510.000 ZXY  2.448619e+01  2.651167e+01  1.112571e+00
1.31063e-01    GZ08   38.849 -122.836    2100.000    -800.000     510.000 ZYX -2.671144e+01 -2.704515e+01  1.112571e+00
1.31063e-01    GZ08   38.849 -122.836    2100.000    -800.000     510.000 ZYY  3.454230e+00  4.742991e+00  1.112571e+00
2.38218e-01    GZ08   38.849 -122.836    2100.000    -800.000     510.000 ZXX -5.026533e+00 -4.621187e+00  7.983682e-01
2.38218e-01    GZ08   38.849 -122.836    2100.000    -800.000     510.000 ZXY  1.860479e+01  1.773222e+01  7.983682e-01
2.38218e-01    GZ08   38.849 -122.836    2100.000    -800.000     510.000 ZYX -2.022127e+01 -1.861118e+01  7.983682e-01
2.38218e-01    GZ08   38.849 -122.836    2100.000    -800.000     510.000 ZYY  2.667612e+00  3.098687e+00  7.983682e-01
4.32979e-01    GZ08   38.849 -122.836    2100.000    -800.000     510.000 ZXX -3.920323e+00 -3.180462e+00  6.064831e-01
4.32979e-01    GZ08   38.849 -122.836    2100.000    -800.000     510.000 ZXY  1.499793e+01  1.210593e+01  6.064831e-01
4.32979e-01    GZ08   38.849 -122.836    2100.000    -800.000     510.000 ZYX -1.655714e+01 -1.311807e+01  6.064831e-01
4.32979e-01    GZ08   38.849 -122.836    2100.000    -800.000     510.000 ZYY  1.981235e+00  1.625019e+00  6.064831e-01
7.86973e-01    GZ08   38.849 -122.836    2100.000    -800.000     510.000 ZXX -3.190152e+00 -2.077266e+00  4.848920e-01
7.86973e-01    GZ08   38.849 -122.836    2100.000    -800.000     510.000 ZXY  1.270298e+01  8.699535e+00  4.848920e-01
7.86973e-01    GZ08   38.849 -122.836    2100.000    -800.000     510.000 ZYX -1.379751e+01 -9.788851e+00  4.848920e-01
7.86973e-01    GZ08   38.849 -122.836    2100.000    -800.000     510.000 ZYY  1.914304e+00  7.030076e-01  4.848920e-01
1.43038e+00    GZ08   38.849 -122.836    2100.000    -800.000     510.000 ZXX -2.881574e+00 -1.164661e+00  3.988188e-01
1.43038e+00    GZ08   38.849 -122.836    2100.000    -800.000     510.000 ZXY  1.081845e+01  6.851076e+00  3.988188e-01
1.43038e+00    GZ08   38.849 -122.836    2100.000    -800.000     510.000 ZYX -1.131978e+01 -7.867439e+00  3.988188e-01
1.43038e+00    GZ08   38.849 -122.836    2100.000    -800.000     510.000 ZYY  2.191270e+00  2.316379e-01  3.988188e-01
2.59984e+00    GZ08   38.849 -122.836    2100.000    -800.000     510.000 ZXX -2.861343e+00 -7.245450e-01  3.251010e-01
2.59984e+00    GZ08   38.849 -122.836    2100.000    -800.000     510.000 ZXY  8.899653e+00  5.621989e+00  3.251010e-01
2.59984e+00    GZ08   38.849 -122.836    2100.000    -800.000     510.000 ZYX -8.902450e+00 -6.706691e+00  3.251010e-01
2.59984e+00    GZ08   38.849 -122.836    2100.000    -800.000     510.000 ZYY  2.305234e+00  9.042993e-02  3.251010e-01
4.72540e+00    GZ08   38.849 -122.836    2100.000    -800.000     510.000 ZXX -2.575208e+00 -9.013594e-01  2.484651e-01
4.72540e+00    GZ08   38.849 -122.836    2100.000    -800.000     510.000 ZXY  6.985298e+00  4.239905e+00  2.484651e-01
4.72540e+00    GZ08   38.849 -122.836    2100.000    -800.000     510.000 ZYX -6.615126e+00 -5.161513e+00  2.484651e-01
4.72540e+00    GZ08   38.849 -122.836    2100.000    -800.000     510.000 ZYY  2.369304e+00 -1.831255e-02  2.484651e-01
8.58879e+00    GZ08   38.849 -122.836    2100.000    -800.000     510.000 ZXX -2.128918e+00 -1.045825e+00  1.915870e-01
8.58879e+00    GZ08   38.849 -122.836    2100.000    -800.000     510.000 ZXY  5.672269e+00  3.188956e+00  1.915870e-01
8.58879e+00    GZ08   38.849 -122.836    2100.000    -800.000     510.000 ZYX -5.283607e+00 -3.360009e+00  1.915870e-01
8.58879e+00    GZ08   38.849 -122.836    2100.000    -800.000     510.000 ZYY  2.720847e+00 -5.037661e-01  1.915870e-01
1.56108e+01    GZ08   38.849 -122.836    2100.000    -800.000     510.000 ZXX -2.756584e+00 -2.969712e-01  1.581924e-01
1.56108e+01    GZ08   38.849 -122.836    2100.000    -800.000     510.000 ZXY  4.945359e+00  2.605652e+00  1.657343e-01
1.56108e+01    GZ08   38.849 -122.836    2100.000    -800.000     510.000 ZYX -4.609114e+00 -1.857177e+00  1.581924e-01
1.56108e+01    GZ08   38.849 -122.836    2100.000    -800.000     510.000 ZYY  2.995637e+00 -8.347612e-01  1.704544e-01
2.83738e+01    GZ08   38.849 -122.836    2100.000    -800.000     510.000 ZXX -3.123431e+00  1.345179e-01  1.416151e-01
2.83738e+01    GZ08   38.849 -122.836    2100.000    -800.000     510.000 ZXY  4.545425e+00  2.284728e+00  1.837021e-01
2.83738e+01    GZ08   38.849 -122.836    2100.000    -800.000     510.000 ZYX -4.230798e+00 -1.129453e+00  1.416151e-01
2.83738e+01    GZ08   38.849 -122.836    2100.000    -800.000     510.000 ZYY  3.266489e+00 -3.037457e-01  2.037379e-01
5.15716e+01    GZ08   38.849 -122.836    2100.000    -800.000     510.000 ZXX -2.814103e+00  1.261038e-01  1.269541e-01
5.15716e+01    GZ08   38.849 -122.836    2100.000    -800.000     510.000 ZXY  4.325388e+00  2.108161e+00  1.935876e-01
5.15716e+01    GZ08   38.849 -122.836    2100.000    -800.000     510.000 ZYX -3.602272e+00 -9.271252e-01  1.269541e-01
5.15716e+01    GZ08   38.849 -122.836    2100.000    -800.000     510.000 ZYY  2.960494e+00  5.750139e-01  2.231502e-01
9.37354e+01    GZ08   38.849 -122.836    2100.000    -800.000     510.000 ZXX -2.787393e+00 -1.526856e-01  1.306962e-01
9.37354e+01    GZ08   38.849 -122.836    2100.000    -800.000     510.000 ZXY  3.767406e+00  1.873510e+00  2.393193e-01
9.37354e+01    GZ08   38.849 -122.836    2100.000    -800.000     510.000 ZYX -3.355290e+00 -6.399394e-01  1.521084e-01
9.37354e+01    GZ08   38.849 -122.836    2100.000    -800.000     510.000 ZYY  2.497318e+00  8.697735e-01  2.504774e-01
1.70371e+02    GZ08   38.849 -122.836    2100.000    -800.000     510.000 ZXX -2.409619e+00 -1.129977e-01  1.340067e-01
1.70371e+02    GZ08   38.849 -122.836    2100.000    -800.000     510.000 ZXY  2.893851e+00  1.138251e+00  1.759537e-01
1.70371e+02    GZ08   38.849 -122.836    2100.000    -800.000     510.000 ZYX -2.939721e+00 -5.342990e-01  1.580178e-01
1.70371e+02    GZ08   38.849 -122.836    2100.000    -800.000     510.000 ZYY  1.839100e+00  4.877711e-01  2.000721e-01
3.09663e+02    GZ08   38.849 -122.836    2100.000    -800.000     510.000 ZXX -2.064025e+00 -2.087789e-01  1.479929e-01
3.09663e+02    GZ08   38.849 -122.836    2100.000    -800.000     510.000 ZXY  2.286633e+00  7.517246e-01  1.467737e-01
3.09663e+02    GZ08   38.849 -122.836    2100.000    -800.000     510.000 ZYX -2.211836e+00 -5.649273e-01  1.448193e-01
3.09663e+02    GZ08   38.849 -122.836    2100.000    -800.000     510.000 ZYY  1.396337e+00  2.087105e-01  1.710656e-01
5.62837e+02    GZ08   38.849 -122.836    2100.000    -800.000     510.000 ZXX -1.817867e+00 -6.314465e-01  2.849791e-01
5.62837e+02    GZ08   38.849 -122.836    2100.000    -800.000     510.000 ZXY  1.693880e+00  4.481394e-01  2.494231e-01
5.62837e+02    GZ08   38.849 -122.836    2100.000    -800.000     510.000 ZYX -1.755718e+00 -7.230959e-01  1.468851e-01
5.62837e+02    GZ08   38.849 -122.836    2100.000    -800.000     510.000 ZYY  9.418123e-01  1.720289e-01  1.571071e-01
1.02300e+03    GZ08   38.849 -122.836    2100.000    -800.000     510.000 ZXX -1.702292e+00 -2.793113e-01  3.006351e-01
1.02300e+03    GZ08   38.849 -122.836    2100.000    -800.000     510.000 ZXY  1.192187e+00 -1.461589e-01  5.150433e-01
1.02300e+03    GZ08   38.849 -122.836    2100.000    -800.000     510.000 ZYX -1.454233e+00 -3.325364e-01  2.082279e-01
1.02300e+03    GZ08   38.849 -122.836    2100.000    -800.000     510.000 ZYY  6.817172e-01  6.804618e-02  4.364294e-01
2.00000e-03    GZ09   38.847 -122.846    1900.000   -1600.000     510.000 ZXX -1.153238e+01 -5.819001e+00  9.730872e-01
2.00000e-03    GZ09   38.847 -122.846    1900.000   -1600.000     510.000 ZYY  1.907913e+01 -2.228817e+00  3.229678e+00
3.63516e-03    GZ09   38.847 -122.846    1900.000   -1600.000     510.000 ZXX  1.716341e+00 -3.100208e+00  4.713156e+00
3.63516e-03    GZ09   38.847 -122.846    1900.000   -1600.000     510.000 ZXY  8.967815e+01  1.345010e+02  4.713156e+00
3.63516e-03    GZ09   38.847 -122.846    1900.000   -1600.000     510.000 ZYX -9.644829e+01 -1.183487e+02  4.713156e+00
3.63516e-03    GZ09   38.847 -122.846    1900.000   -1600.000     510.000 ZYY -4.104790e+00 -4.591510e+00  4.713156e+00
6.60718e-03    GZ09   38.847 -122.846    1900.000   -1600.000     510.000 ZXX  2.724087e+00 -1.636313e+00  3.326809e+00
6.60718e-03    GZ09   38.847 -122.846    1900.000   -1600.000     510.000 ZXY  6.440316e+01  9.167905e+01  3.326809e+00
6.60718e-03    GZ09   38.847 -122.846    1900.000   -1600.000     510.000 ZYX -6.965328e+01 -8.475006e+01  3.326809e+00
6.60718e-03    GZ09   38.847 -122.846    1900.000   -1600.000     510.000 ZYY -7.758736e+00 -3.044942e+00  3.326809e+00
1.20091e-02    GZ09   38.847 -122.846    1900.000   -1600.000     510.000 ZXX  3.106850e+00 -4.709323e-01  2.341287e+00
1.20091e-02    GZ09   38.847 -122.846    1900.000   -1600.000     510.000 ZXY  4.651115e+01  6.215126e+01  2.341287e+00
1.20091e-02    GZ09   38.847 -122.846    1900.000   -1600.000     510.000 ZYX -5.049719e+01 -5.998122e+01  2.341287e+00
1.20091e-02    GZ09   38.847 -122.846    1900.000   -1600.000     510.000 ZYY -6.336413e+00 -3.409323e+00  2.341287e+00
2.18274e-02    GZ09   38.847 -122.846    1900.000   -1600.000     510.000 ZXX  3.076883e+00  3.669993e-01  1.675600e+00
2.18274e-02    GZ09   38.847 -122.846    1900.000   -1600.000     510.000 ZXY  3.458012e+01  4.305984e+01  1.675600e+00
2.18274e-02    GZ09   38.847 -122.846    1900.000   -1600.000     510.000 ZYX -3.703462e+01 -4.261540e+01  1.675600e+00
2.18274e-02    GZ09   38.847 -122.846    1900.000   -1600.000     510.000 ZYY -4.666247e+00 -3.102682e+00  1.675600e+00
3.96730e-02    GZ09   38.847 -122.846    1900.000   -1600.000     510.000 ZXX  2.656420e+00  9.179479e-01  1.209916e+00
3.96730e-02    GZ09   38.847 -122.846    1900.000   -1600.000     510.000 ZXY  2.595243e+01  3.000796e+01  1.209916e+00
3.96730e-02    GZ09   38.847 -122.846    1900.000   -1600.000     510.000 ZYX -2.744081e+01 -3.044114e+01  1.209916e+00
3.96730e-02    GZ09   38.847 -122.846    1900.000   -1600.000     510.000 ZYY -3.584937e+00 -2.424802e+00  1.209916e+00
7.21087e-02    GZ09   38.847 -122.846    1900.000   -1600.000     510.000 ZXX  2.126916e+00  1.139310e+00  8.861903e-01
7.21087e-02    GZ09   38.847 -122.846    1900.000   -1600.000     510.000 ZXY  1.948374e+01  2.169511e+01  8.861903e-01
7.21087e-02    GZ09   38.847 -122.846    1900.000   -1600.000     510.000 ZYX -2.029845e+01 -2.197521e+01  8.861903e-01
7.21087e-02    GZ09   38.847 -122.846    1900.000   -1600.000     510.000 ZYY -2.809735e+00 -1.980451e+00  8.861903e-01
1.31063e-01    GZ09   38.847 -122.846    1900.000   -1600.000     510.000 ZXX  1.467020e+00  1.327618e+00  6.402777e-01
1.31063e-01    GZ09   38.847 -122.846    1900.000   -1600.000     510.000 ZXY  1.423306e+01  1.565704e+01  6.402777e-01
1.31063e-01    GZ09   38.847 -122.846    1900.000   -1600.000     510.000 ZYX -1.484001e+01 -1.558683e+01  6.402777e-01
1.31063e-01    GZ09   38.847 -122.846    1900.000   -1600.000     510.000 ZYY -2.182794e+00 -1.552596e+00  6.402777e-01
2.38218e-01    GZ09   38.847 -122.846    1900.000   -1600.000     510.000 ZXX  6.585836e-01  1.526648e+00  4.519174e-01
2.38218e-01    GZ09   38.847 -122.846    1900.000   -1600.000     510.000 ZXY  1.029987e+01  1.058494e+01  4.519174e-01
2.38218e-01    GZ09   38.847 -122.846    1900.000   -1600.000     510.000 ZYX -1.123670e+01 -1.047513e+01  4.519174e-01
2.38218e-01    GZ09   38.847 -122.846    1900.000   -1600.000     510.000 ZYY -1.713200e+00 -1.123097e+00  4.519174e-01
4.32979e-01    GZ09   38.847 -122.846    1900.000   -1600.000     510.000 ZXX  1.650139e-01  1.020003e+00  3.438895e-01
4.32979e-01    GZ09   38.847 -122.846    1900.000   -1600.000     510.000 ZXY  8.349841e+00  7.302053e+00  3.438895e-01
4.32979e-01    GZ09   38.847 -122.846    1900.000   -1600.000     510.000 ZYX -9.409178e+00 -7.173119e+00  3.438895e-01
4.32979e-01    GZ09   38.847 -122.846    1900.000   -1600.000     510.000 ZYY -1.492056e+00 -1.066025e+00  3.438895e-01
7.86973e-01    GZ09   38.847 -122.846    1900.000   -1600.000     510.000 ZXX -5.751470e-02  7.911516e-01  2.728435e-01
7.86973e-01    GZ09   38.847 -122.846    1900.000   -1600.000     510.000 ZXY  6.877093e+00  5.102476e+00  2.728435e-01
7.86973e-01    GZ09   38.847 -122.846    1900.000   -1600.000     510.000 ZYX -8.034901e+00 -5.328255e+00  2.728435e-01
7.86973e-01    GZ09   38.847 -122.846    1900.000   -1600.000     510.000 ZYY -1.217311e+00 -1.012560e+00  2.728435e-01
1.43038e+00    GZ09   38.847 -122.846    1900.000   -1600.000     510.000 ZXX -3.334364e-01  7.536612e-01  2.254925e-01
1.43038e+00    GZ09   38.847 -122.846    1900.000   -1600.000     510.000 ZXY  5.808922e+00  3.880255e+00  2.254925e-01
1.43038e+00    GZ09   38.847 -122.846    1900.000   -1600.000     510.000 ZYX -6.749203e+00 -4.443171e+00  2.254925e-01
1.43038e+00    GZ09   38.847 -122.846    1900.000   -1600.000     510.000 ZYY -7.809968e-01 -9.975595e-01  2.254925e-01
2.59984e+00    GZ09   38.847 -122.846    1900.000   -1600.000     510.000 ZXX -6.931409e-01  6.474032e-01  1.853983e-01
2.59984e+00    GZ09   38.847 -122.846    1900.000   -1600.000     510.000 ZXY  4.775689e+00  3.183563e+00  1.853983e-01
2.59984e+00    GZ09   38.847 -122.846    1900.000   -1600.000     510.000 ZYX -5.332784e+00 -3.979729e+00  1.853983e-01
2.59984e+00    GZ09   38.847 -122.846    1900.000   -1600.000     510.000 ZYY -2.154693e-01 -9.613897e-01  1.853983e-01
4.72540e+00    GZ09   38.847 -122.846    1900.000   -1600.000     510.000 ZXX -8.922239e-01  2.648572e-01  1.403612e-01
4.72540e+00    GZ09   38.847 -122.846    1900.000   -1600.000     510.000 ZXY  3.650764e+00  2.334298e+00  1.403612e-01
4.72540e+00    GZ09   38.847 -122.846    1900.000   -1600.000     510.000 ZYX -3.925055e+00 -3.176218e+00  1.403612e-01
4.72540e+00    GZ09   38.847 -122.846    1900.000   -1600.000     510.000 ZYY  5.370830e-02 -7.202258e-01  1.403612e-01
8.58879e+00    GZ09   38.847 -122.846    1900.000   -1600.000     510.000 ZXX -9.066322e-01  6.313590e-02  1.056650e-01
8.58879e+00    GZ09   38.847 -122.846    1900.000   -1600.000     510.000 ZXY  2.872314e+00  1.651594e+00  1.056650e-01
8.58879e+00    GZ09   38.847 -122.846    1900.000   -1600.000     510.000 ZYX -3.089421e+00 -2.096969e+00  1.056650e-01
8.58879e+00    GZ09   38.847 -122.846    1900.000   -1600.000     510.000 ZYY  1.390306e-01 -5.205858e-01  1.056650e-01
1.56108e+01    GZ09   38.847 -122.846    1900.000   -1600.000     510.000 ZXX -1.095569e+00  2.031007e-02  8.619288e-02
1.56108e+01    GZ09   38.847 -122.846    1900.000   -1600.000     510.000 ZXY  2.441244e+00  1.272139e+00  8.619288e-02
1.56108e+01    GZ09   38.847 -122.846    1900.000   -1600.000     510.000 ZYX -2.688888e+00 -1.216378e+00  8.619288e-02
1.56108e+01    GZ09   38.847 -122.846    1900.000   -1600.000     510.000 ZYY  1.943917e-01 -3.186180e-01  8.619288e-02
2.83738e+01    GZ09   38.847 -122.846    1900.000   -1600.000     510.000 ZXX -1.203748e+00 -2.205596e-03  7.663105e-02
2.83738e+01    GZ09   38.847 -122.846    1900.000   -1600.000     510.000 ZXY  2.204077e+00  1.063368e+00  7.663105e-02
2.83738e+01    GZ09   38.847 -122.846    1900.000   -1600.000     510.000 ZYX -2.487216e+00 -7.002311e-01  7.663105e-02
2.83738e+01    GZ09   38.847 -122.846    1900.000   -1600.000     510.000 ZYY  2.248506e-01 -2.074988e-01  9.587060e-02
5.15716e+01    GZ09   38.847 -122.846    1900.000   -1600.000     510.000 ZXX -1.263268e+00 -1.459332e-02  6.902271e-02
5.15716e+01    GZ09   38.847 -122.846    1900.000   -1600.000     510.000 ZXY  2.015137e+00  8.705311e-01  6.902271e-02
5.15716e+01    GZ09   38.847 -122.846    1900.000   -1600.000     510.000 ZYX -2.229845e+00 -5.714022e-01  6.902271e-02
5.15716e+01    GZ09   38.847 -122.846    1900.000   -1600.000     510.000 ZYY  2.416084e-01 -1.463630e-01  1.047991e-01
9.37354e+01    GZ09   38.847 -122.846    1900.000   -1600.000     510.000 ZXX -1.211705e+00 -6.901039e-02  5.713698e-02
9.37354e+01    GZ09   38.847 -122.846    1900.000   -1600.000     510.000 ZXY  1.807406e+00  5.902928e-01  6.496710e-02
9.37354e+01    GZ09   38.847 -122.846    1900.000   -1600.000     510.000 ZYX -1.721558e+00 -4.972349e-01  5.981417e-02
9.37354e+01    GZ09   38.847 -122.846    1900.000   -1600.000     510.000 ZYY  2.508283e-01 -1.127271e-01  1.097114e-01
1.70371e+02    GZ09   38.847 -122.846    1900.000   -1600.000     510.000 ZXX -9.172360e-01 -1.454037e-01  4.401548e-02
1.70371e+02    GZ09   38.847 -122.846    1900.000   -1600.000     510.000 ZXY  1.398958e+00  5.091833e-01  5.721268e-02
1.70371e+02    GZ09   38.847 -122.846    1900.000   -1600.000     510.000 ZYX -1.294884e+00 -4.615018e-01  9.083742e-02
1.70371e+02    GZ09   38.847 -122.846    1900.000   -1600.000     510.000 ZYY  2.617506e-01 -9.131862e-02  1.003923e-01
3.09663e+02    GZ09   38.847 -122.846    1900.000   -1600.000     510.000 ZXX -8.513612e-01 -1.553169e-01  3.554142e-02
3.09663e+02    GZ09   38.847 -122.846    1900.000   -1600.000     510.000 ZXY  1.149162e+00  4.129248e-01  3.554142e-02
3.09663e+02    GZ09   38.847 -122.846    1900.000   -1600.000     510.000 ZYX -9.976049e-01 -4.136474e-01  6.012659e-02
3.09663e+02    GZ09   38.847 -122.846    1900.000   -1600.000     510.000 ZYY  2.722072e-01 -7.733325e-02  8.612498e-02
5.62837e+02    GZ09   38.847 -122.846    1900.000   -1600.000     510.000 ZXX -7.382943e-01 -1.425437e-01  2.982441e-02
5.62837e+02    GZ09   38.847 -122.846    1900.000   -1600.000     510.000 ZXY  9.462342e-01  4.233109e-01  2.982441e-02
5.62837e+02    GZ09   38.847 -122.846    1900.000   -1600.000     510.000 ZYX -8.391122e-01 -3.300892e-01  4.049581e-02
5.62837e+02    GZ09   38.847 -122.846    1900.000   -1600.000     510.000 ZYY  2.824664e-01  6.024239e-02  7.911817e-02
1.02300e+03    GZ09   38.847 -122.846    1900.000   -1600.000     510.000 ZXX -6.098439e-01 -1.526024e-01  2.291989e-02
1.02300e+03    GZ09   38.847 -122.846    1900.000   -1600.000     510.000 ZXY  7.095411e-01  3.213584e-01  2.291989e-02
1.02300e+03    GZ09   38.847 -122.846    1900.000   -1600.000     510.000 ZYX -6.815353e-01 -2.733004e-01  5.088930e-02
1.02300e+03    GZ09   38.847 -122.846    1900.000   -1600.000     510.000 ZYY  4.110777e-01  2.744681e-02  1.336690e-01
2.00000e-03    GZ10   38.843 -122.849    1500.000   -1800.000     630.000 ZXX -7.312248e+01 -4.803678e+01  8.105630e+00
2.00000e-03    GZ10   38.843 -122.849    1500.000   -1800.000     630.000 ZXY  1.760210e+02  2.210688e+02  8.105630e+00
2.00000e-03    GZ10   38.843 -122.849    1500.000   -1800.000     630.000 ZYX -1.719461e+02 -1.875484e+02  8.105630e+00
2.00000e-03    GZ10   38.843 -122.849    1500.000   -1800.000     630.000 ZYY  2.069556e+01  4.375050e+00  8.105630e+00
3.63516e-03    GZ10   38.843 -122.849    1500.000   -1800.000     630.000 ZXX -5.238798e+01 -5.824751e+01  6.297769e+00
3.63516e-03    GZ10   38.843 -122.849    1500.000   -1800.000     630.000 ZXY  1.193776e+02  1.793353e+02  6.297769e+00
3.63516e-03    GZ10   38.843 -122.849    1500.000   -1800.000     630.000 ZYX -1.152452e+02 -1.634279e+02  6.297769e+00
3.63516e-03    GZ10   38.843 -122.849    1500.000   -1800.000     630.000 ZYY  1.299949e+01  8.448589e+00  6.297769e+00
6.60718e-03    GZ10   38.843 -122.849    1500.000   -1800.000     630.000 ZXX -3.484305e+01 -4.405823e+01  4.450932e+00
6.60718e-03    GZ10   38.843 -122.849    1500.000   -1800.000     630.000 ZXY  7.904266e+01  1.297750e+02  4.450932e+00
6.60718e-03    GZ10   38.843 -122.849    1500.000   -1800.000     630.000 ZYX -7.563735e+01 -1.197319e+02  4.450932e+00
6.60718e-03    GZ10   38.843 -122.849    1500.000   -1800.000     630.000 ZYY  8.257202e+00  8.420785e+00  4.450932e+00
1.20091e-02    GZ10   38.843 -122.849    1500.000   -1800.000     630.000 ZXX -2.249017e+01 -3.147723e+01  2.999907e+00
1.20091e-02    GZ10   38.843 -122.849    1500.000   -1800.000     630.000 ZXY  5.205988e+01  8.846996e+01  2.999907e+00
1.20091e-02    GZ10   38.843 -122.849    1500.000   -1800.000     630.000 ZYX -4.871909e+01 -8.164917e+01  2.999907e+00
1.20091e-02    GZ10   38.843 -122.849    1500.000   -1800.000     630.000 ZYY  4.630646e+00  6.204121e+00  2.999907e+00
2.18274e-02    GZ10   38.843 -122.849    1500.000   -1800.000     630.000 ZXX -1.470454e+01 -2.172704e+01  1.996311e+00
2.18274e-02    GZ10   38.843 -122.849    1500.000   -1800.000     630.000 ZXY  3.492843e+01  5.909600e+01  1.996311e+00
2.18274e-02    GZ10   38.843 -122.849    1500.000   -1800.000     630.000 ZYX -3.232971e+01 -5.398253e+01  1.996311e+00
2.18274e-02    GZ10   38.843 -122.849    1500.000   -1800.000     630.000 ZYY  2.757842e+00  4.633024e+00  1.996311e+00
3.96730e-02    GZ10   38.843 -122.849    1500.000   -1800.000     630.000 ZXX -9.887500e+00 -1.474482e+01  1.339688e+00
3.96730e-02    GZ10   38.843 -122.849    1500.000   -1800.000     630.000 ZXY  2.426041e+01  3.933032e+01  1.339688e+00
3.96730e-02    GZ10   38.843 -122.849    1500.000   -1800.000     630.000 ZYX -2.287413e+01 -3.531699e+01  1.339688e+00
3.96730e-02    GZ10   38.843 -122.849    1500.000   -1800.000     630.000 ZYY  1.589219e+00  3.282370e+00  1.339688e+00
7.21087e-02    GZ10   38.843 -122.849    1500.000   -1800.000     630.000 ZXX -6.823260e+00 -9.949967e+00  9.126639e-01
7.21087e-02    GZ10   38.843 -122.849    1500.000   -1800.000     630.000 ZXY  1.684952e+01  2.627007e+01  9.126639e-01
7.21087e-02    GZ10   38.843 -122.849    1500.000   -1800.000     630.000 ZYX -1.666658e+01 -2.359844e+01  9.126639e-01
7.21087e-02    GZ10   38.843 -122.849    1500.000   -1800.000     630.000 ZYY  5.411823e-01  2.232303e+00  9.126639e-01
1.31063e-01    GZ10   38.843 -122.849    1500.000   -1800.000     630.000 ZXX -4.700479e+00 -6.542142e+00  6.188119e-01
1.31063e-01    GZ10   38.843 -122.849    1500.000   -1800.000     630.000 ZXY  1.193012e+01  1.723408e+01  6.188119e-01
1.31063e-01    GZ10   38.843 -122.849    1500.000   -1800.000     630.000 ZYX -1.226129e+01 -1.549538e+01  6.188119e-01
1.31063e-01    GZ10   38.843 -122.849    1500.000   -1800.000     630.000 ZYY  1.208620e-01  1.326191e+00  6.188119e-01
2.38218e-01    GZ10   38.843 -122.849    1500.000   -1800.000     630.000 ZXX -3.567096e+00 -3.938134e+00  4.253941e-01
2.38218e-01    GZ10   38.843 -122.849    1500.000   -1800.000     630.000 ZXY  9.249431e+00  1.077088e+01  4.253941e-01
2.38218e-01    GZ10   38.843 -122.849    1500.000   -1800.000     630.000 ZYX -9.646243e+00 -9.860759e+00  4.253941e-01
2.38218e-01    GZ10   38.843 -122.849    1500.000   -1800.000     630.000 ZYY -8.005912e-02  7.380213e-01  4.253941e-01
4.32979e-01    GZ10   38.843 -122.849    1500.000   -1800.000     630.000 ZXX -2.928867e+00 -2.586233e+00  3.159206e-01
4.32979e-01    GZ10   38.843 -122.849    1500.000   -1800.000     630.000 ZXY  7.465202e+00  6.994275e+00  3.159206e-01
4.32979e-01    GZ10   38.843 -122.849    1500.000   -1800.000     630.000 ZYX -7.703288e+00 -7.126348e+00  3.159206e-01
4.32979e-01    GZ10   38.843 -122.849    1500.000   -1800.000     630.000 ZYY -9.206297e-02  1.090768e-01  3.159206e-01
7.86973e-01    GZ10   38.843 -122.849    1500.000   -1800.000     630.000 ZXX -2.557799e+00 -1.562286e+00  2.511008e-01
7.86973e-01    GZ10   38.843 -122.849    1500.000   -1800.000     630.000 ZXY  6.318196e+00  4.770391e+00  2.511008e-01
7.86973e-01    GZ10   38.843 -122.849    1500.000   -1800.000     630.000 ZYX -6.927119e+00 -5.122847e+00  2.511008e-01
7.86973e-01    GZ10   38.843 -122.849    1500.000   -1800.000     630.000 ZYY -6.612403e-02 -2.695607e-01  2.511008e-01
1.43038e+00    GZ10   38.843 -122.849    1500.000   -1800.000     630.000 ZXX -2.431211e+00 -1.000141e+00  2.119309e-01
1.43038e+00    GZ10   38.843 -122.849    1500.000   -1800.000     630.000 ZXY  5.554568e+00  3.614314e+00  2.119309e-01
1.43038e+00    GZ10   38.843 -122.849    1500.000   -1800.000     630.000 ZYX -6.059361e+00 -4.150377e+00  2.119309e-01
1.43038e+00    GZ10   38.843 -122.849    1500.000   -1800.000     630.000 ZYY  1.591183e-01 -3.751058e-01  2.119309e-01
2.59984e+00    GZ10   38.843 -122.849    1500.000   -1800.000     630.000 ZXX -2.373450e+00 -8.387300e-01  1.776087e-01
2.59984e+00    GZ10   38.843 -122.849    1500.000   -1800.000     630.000 ZXY  4.716111e+00  2.924873e+00  1.776087e-01
2.59984e+00    GZ10   38.843 -122.849    1500.000   -1800.000     630.000 ZYX -4.966172e+00 -3.628204e+00  1.776087e-01
2.59984e+00    GZ10   38.843 -122.849    1500.000   -1800.000     630.000 ZYY  4.642198e-01 -3.806359e-01  1.776087e-01
4.72540e+00    GZ10   38.843 -122.849    1500.000   -1800.000     630.000 ZXX -2.101523e+00 -8.457334e-01  1.346815e-01
4.72540e+00    GZ10   38.843 -122.849    1500.000   -1800.000     630.000 ZXY  3.582793e+00  2.161843e+00  1.346815e-01
4.72540e+00    GZ10   38.843 -122.849    1500.000   -1800.000     630.000 ZYX -3.700611e+00 -2.838680e+00  1.346815e-01
4.72540e+00    GZ10   38.843 -122.849    1500.000   -1800.000     630.000 ZYY  5.962140e-01 -3.002214e-01  1.346815e-01
8.58879e+00    GZ10   38.843 -122.849    1500.000   -1800.000     630.000 ZXX -1.730537e+00 -6.540580e-01  1.014150e-01
8.58879e+00    GZ10   38.843 -122.849    1500.000   -1800.000     630.000 ZXY  2.779726e+00  1.565885e+00  1.014150e-01
8.58879e+00    GZ10   38.843 -122.849    1500.000   -1800.000     630.000 ZYX -3.027524e+00 -1.720242e+00  1.014150e-01
8.58879e+00    GZ10   38.843 -122.849    1500.000   -1800.000     630.000 ZYY  6.446851e-01 -3.242310e-01  1.014150e-01
1.56108e+01    GZ10   38.843 -122.849    1500.000   -1800.000     630.000 ZXX -1.834605e+00 -2.326498e-01  8.499572e-02
1.56108e+01    GZ10   38.843 -122.849    1500.000   -1800.000     630.000 ZXY  2.334933e+00  1.234962e+00  8.499572e-02
1.56108e+01    GZ10   38.843 -122.849    1500.000   -1800.000     630.000 ZYX -2.695808e+00 -1.005976e+00  8.499572e-02
1.56108e+01    GZ10   38.843 -122.849    1500.000   -1800.000     630.000 ZYY  5.399570e-01 -5.734994e-02  8.499572e-02
2.83738e+01    GZ10   38.843 -122.849    1500.000   -1800.000     630.000 ZXX -2.157759e+00 -6.669318e-02  7.819078e-02
2.83738e+01    GZ10   38.843 -122.849    1500.000   -1800.000     630.000 ZXY  2.090215e+00  1.052894e+00  8.283745e-02
2.83738e+01    GZ10   38.843 -122.849    1500.000   -1800.000     630.000 ZYX -2.513302e+00 -6.129994e-01  7.819078e-02
2.83738e+01    GZ10   38.843 -122.849    1500.000   -1800.000     630.000 ZYY  4.389929e-01  3.103933e-02  1.134235e-01
5.15716e+01    GZ10   38.843 -122.849    1500.000   -1800.000     630.000 ZXX -2.136227e+00 -1.182033e-01  7.052767e-02
5.15716e+01    GZ10   38.843 -122.849    1500.000   -1800.000     630.000 ZXY  1.926895e+00  8.526446e-01  7.569667e-02
5.15716e+01    GZ10   38.843 -122.849    1500.000   -1800.000     630.000 ZYX -2.205483e+00 -4.856241e-01  7.052767e-02
5.15716e+01    GZ10   38.843 -122.849    1500.000   -1800.000     630.000 ZYY  3.864205e-01 -2.520606e-03  1.269532e-01
9.37354e+01    GZ10   38.843 -122.849    1500.000   -1800.000     630.000 ZXX -1.784890e+00 -2.295202e-01  5.997938e-02
9.37354e+01    GZ10   38.843 -122.849    1500.000   -1800.000     630.000 ZXY  1.826882e+00  6.152848e-01  7.734111e-02
9.37354e+01    GZ10   38.843 -122.849    1500.000   -1800.000     630.000 ZYX -1.748062e+00 -4.461620e-01  7.575607e-02
9.37354e+01    GZ10   38.843 -122.849    1500.000   -1800.000     630.000 ZYY  3.574961e-01 -2.098471e-02  1.343971e-01
1.70371e+02    GZ10   38.843 -122.849    1500.000   -1800.000     630.000 ZXX -1.433077e+00 -2.731226e-01  4.691375e-02
1.70371e+02    GZ10   38.843 -122.849    1500.000   -1800.000     630.000 ZXY  1.358225e+00  4.682028e-01  7.383600e-02
1.70371e+02    GZ10   38.843 -122.849    1500.000   -1800.000     630.000 ZYX -1.410705e+00 -4.087018e-01  9.750616e-02
1.70371e+02    GZ10   38.843 -122.849    1500.000   -1800.000     630.000 ZYY  3.001083e-01 -1.709612e-02  1.725074e-01
3.09663e+02    GZ10   38.843 -122.849    1500.000   -1800.000     630.000 ZXX -1.136697e+00 -2.973661e-01  3.796250e-02
3.09663e+02    GZ10   38.843 -122.849    1500.000   -1800.000     630.000 ZXY  1.199169e+00  3.718016e-01  4.615374e-02
3.09663e+02    GZ10   38.843 -122.849    1500.000   -1800.000     630.000 ZYX -1.091336e+00 -3.586242e-01  7.471458e-02
3.09663e+02    GZ10   38.843 -122.849    1500.000   -1800.000     630.000 ZYY  3.773078e-01  5.645514e-03  1.109382e-01
5.62837e+02    GZ10   38.843 -122.849    1500.000   -1800.000     630.000 ZXX -9.998041e-01 -2.377366e-01  3.083518e-02
5.62837e+02    GZ10   38.843 -122.849    1500.000   -1800.000     630.000 ZXY  9.401351e-01  4.106297e-01  3.584608e-02
5.62837e+02    GZ10   38.843 -122.849    1500.000   -1800.000     630.000 ZYX -8.841791e-01 -3.030636e-01  3.083518e-02
5.62837e+02    GZ10   38.843 -122.849    1500.000   -1800.000     630.000 ZYY  3.958904e-01  7.514556e-02  4.991573e-02
1.02300e+03    GZ10   38.843 -122.849    1500.000   -1800.000     630.000 ZXX -8.566854e-01 -2.326040e-01  2.532870e-02
1.02300e+03    GZ10   38.843 -122.849    1500.000   -1800.000     630.000 ZXY  8.593686e-01  2.645104e-01  3.456609e-02
1.02300e+03    GZ10   38.843 -122.849    1500.000   -1800.000     630.000 ZYX -6.777970e-01 -2.303134e-01  2.878239e-02
1.02300e+03    GZ10   38.843 -122.849    1500.000   -1800.000     630.000 ZYY  3.597031e-01 -3.836523e-02  5.396559e-02
2.00000e-03    GZ11   38.842 -122.855    1300.000   -2400.000     720.000 ZXX -4.551342e+01 -1.183181e+01  1.775268e+00
3.63516e-03    GZ11   38.842 -122.855    1300.000   -2400.000     720.000 ZXX -2.601097e+01 -1.584473e+01  4.568543e-01
3.63516e-03    GZ11   38.842 -122.855    1300.000   -2400.000     720.000 ZYX -1.632816e+02 -2.345812e+02  4.568543e-01
6.60718e-03    GZ11   38.842 -122.855    1300.000   -2400.000     720.000 ZXX -2.017571e+01 -1.600103e+01  5.824560e+00
6.60718e-03    GZ11   38.842 -122.855    1300.000   -2400.000     720.000 ZXY  1.123241e+02  1.557020e+02  5.824560e+00
6.60718e-03    GZ11   38.842 -122.855    1300.000   -2400.000     720.000 ZYX -1.076407e+02 -1.640720e+02  5.824560e+00
6.60718e-03    GZ11   38.842 -122.855    1300.000   -2400.000     720.000 ZYY  1.040752e+01  1.290894e+01  5.824560e+00
1.20091e-02    GZ11   38.842 -122.855    1300.000   -2400.000     720.000 ZXX -1.357176e+01 -1.320197e+01  4.019331e+00
1.20091e-02    GZ11   38.842 -122.855    1300.000   -2400.000     720.000 ZXY  7.623942e+01  1.097671e+02  4.019331e+00
1.20091e-02    GZ11   38.842 -122.855    1300.000   -2400.000     720.000 ZYX -7.181911e+01 -1.134158e+02  4.019331e+00
1.20091e-02    GZ11   38.842 -122.855    1300.000   -2400.000     720.000 ZYY  7.296151e+00  1.067764e+01  4.019331e+00
2.18274e-02    GZ11   38.842 -122.855    1300.000   -2400.000     720.000 ZXX -9.240036e+00 -1.010164e+01  2.755107e+00
2.18274e-02    GZ11   38.842 -122.855    1300.000   -2400.000     720.000 ZXY  5.223047e+01  7.635576e+01  2.755107e+00
2.18274e-02    GZ11   38.842 -122.855    1300.000   -2400.000     720.000 ZYX -4.819323e+01 -7.730824e+01  2.755107e+00
2.18274e-02    GZ11   38.842 -122.855    1300.000   -2400.000     720.000 ZYY  4.726932e+00  7.257053e+00  2.755107e+00
3.96730e-02    GZ11   38.842 -122.855    1300.000   -2400.000     720.000 ZXX -6.410668e+00 -7.543607e+00  1.874330e+00
3.96730e-02    GZ11   38.842 -122.855    1300.000   -2400.000     720.000 ZXY  3.612240e+01  5.236943e+01  1.874330e+00
3.96730e-02    GZ11   38.842 -122.855    1300.000   -2400.000     720.000 ZYX -3.252332e+01 -5.196079e+01  1.874330e+00
3.96730e-02    GZ11   38.842 -122.855    1300.000   -2400.000     720.000 ZYY  2.890833e+00  5.371695e+00  1.874330e+00
7.21087e-02    GZ11   38.842 -122.855    1300.000   -2400.000     720.000 ZXX -4.276918e+00 -5.706276e+00  1.275624e+00
7.21087e-02    GZ11   38.842 -122.855    1300.000   -2400.000     720.000 ZXY  2.515069e+01  3.593223e+01  1.275624e+00
7.21087e-02    GZ11   38.842 -122.855    1300.000   -2400.000     720.000 ZYX -2.237035e+01 -3.455931e+01  1.275624e+00
7.21087e-02    GZ11   38.842 -122.855    1300.000   -2400.000     720.000 ZYY  1.574688e+00  3.704076e+00  1.275624e+00
1.31063e-01    GZ11   38.842 -122.855    1300.000   -2400.000     720.000 ZXX -2.644504e+00 -4.241807e+00  8.533768e-01
1.31063e-01    GZ11   38.842 -122.855    1300.000   -2400.000     720.000 ZXY  1.771795e+01  2.397726e+01  8.533768e-01
1.31063e-01    GZ11   38.842 -122.855    1300.000   -2400.000     720.000 ZYX -1.569365e+01 -2.209015e+01  8.533768e-01
1.31063e-01    GZ11   38.842 -122.855    1300.000   -2400.000     720.000 ZYY  6.771200e-01  2.626065e+00  8.533768e-01
2.38218e-01    GZ11   38.842 -122.855    1300.000   -2400.000     720.000 ZXX -1.653823e+00 -2.641115e+00  5.765772e-01
2.38218e-01    GZ11   38.842 -122.855    1300.000   -2400.000     720.000 ZXY  1.335633e+01  1.512954e+01  5.765772e-01
2.38218e-01    GZ11   38.842 -122.855    1300.000   -2400.000     720.000 ZYX -1.231322e+01 -1.349992e+01  5.765772e-01
2.38218e-01    GZ11   38.842 -122.855    1300.000   -2400.000     720.000 ZYY -2.130301e-01  1.522091e+00  5.765772e-01
4.32979e-01    GZ11   38.842 -122.855    1300.000   -2400.000     720.000 ZXX -1.118514e+00 -1.450638e+00  4.312742e-01
4.32979e-01    GZ11   38.842 -122.855    1300.000   -2400.000     720.000 ZXY  1.105273e+01  9.877877e+00  4.312742e-01
4.32979e-01    GZ11   38.842 -122.855    1300.000   -2400.000     720.000 ZYX -1.075815e+01 -8.833260e+00  4.312742e-01
4.32979e-01    GZ11   38.842 -122.855    1300.000   -2400.000     720.000 ZYY -1.890722e-01  6.704746e-01  4.312742e-01
7.86973e-01    GZ11   38.842 -122.855    1300.000   -2400.000     720.000 ZXX -9.477298e-01 -5.429186e-01  3.484611e-01
7.86973e-01    GZ11   38.842 -122.855    1300.000   -2400.000     720.000 ZXY  9.514887e+00  6.843401e+00  3.484611e-01
7.86973e-01    GZ11   38.842 -122.855    1300.000   -2400.000     720.000 ZYX -9.543404e+00 -6.410290e+00  3.484611e-01
7.86973e-01    GZ11   38.842 -122.855    1300.000   -2400.000     720.000 ZYY -2.514475e-01  4.466090e-02  3.484611e-01
1.43038e+00    GZ11   38.842 -122.855    1300.000   -2400.000     720.000 ZXX -1.163145e+00  7.840295e-02  2.929286e-01
1.43038e+00    GZ11   38.842 -122.855    1300.000   -2400.000     720.000 ZXY  8.205192e+00  5.258539e+00  2.929286e-01
1.43038e+00    GZ11   38.842 -122.855    1300.000   -2400.000     720.000 ZYX -8.183597e+00 -5.332870e+00  2.929286e-01
1.43038e+00    GZ11   38.842 -122.855    1300.000   -2400.000     720.000 ZYY  5.510875e-02 -3.940220e-01  2.929286e-01
2.59984e+00    GZ11   38.842 -122.855    1300.000   -2400.000     720.000 ZXX -1.594114e+00  2.710446e-01  2.412054e-01
2.59984e+00    GZ11   38.842 -122.855    1300.000   -2400.000     720.000 ZXY  6.741563e+00  4.357079e+00  2.412054e-01
2.59984e+00    GZ11   38.842 -122.855    1300.000   -2400.000     720.000 ZYX -6.524880e+00 -4.679878e+00  2.412054e-01
2.59984e+00    GZ11   38.842 -122.855    1300.000   -2400.000     720.000 ZYY  5.963851e-01 -4.452633e-01  2.412054e-01
4.72540e+00    GZ11   38.842 -122.855    1300.000   -2400.000     720.000 ZXX -1.738777e+00  6.418385e-02  1.851999e-01
4.72540e+00    GZ11   38.842 -122.855    1300.000   -2400.000     720.000 ZXY  5.252679e+00  3.239451e+00  1.851999e-01
4.72540e+00    GZ11   38.842 -122.855    1300.000   -2400.000     720.000 ZYX -4.840006e+00 -3.780658e+00  1.851999e-01
4.72540e+00    GZ11   38.842 -122.855    1300.000   -2400.000     720.000 ZYY  7.232336e-01 -4.000325e-01  1.851999e-01
8.58879e+00    GZ11   38.842 -122.855    1300.000   -2400.000     720.000 ZXX -1.754415e+00  3.485373e-02  1.381452e-01
8.58879e+00    GZ11   38.842 -122.855    1300.000   -2400.000     720.000 ZXY  4.021572e+00  2.310112e+00  1.381452e-01
8.58879e+00    GZ11   38.842 -122.855    1300.000   -2400.000     720.000 ZYX -3.693032e+00 -2.639700e+00  1.381452e-01
8.58879e+00    GZ11   38.842 -122.855    1300.000   -2400.000     720.000 ZYY  8.745681e-01 -4.350339e-01  1.381452e-01
1.56108e+01    GZ11   38.842 -122.855    1300.000   -2400.000     720.000 ZXX -1.969615e+00  6.256993e-02  1.089883e-01
1.56108e+01    GZ11   38.842 -122.855    1300.000   -2400.000     720.000 ZXY  3.336477e+00  1.793357e+00  1.089883e-01
1.56108e+01    GZ11   38.842 -122.855    1300.000   -2400.000     720.000 ZYX -2.891803e+00 -1.836979e+00  1.089883e-01
1.56108e+01    GZ11   38.842 -122.855    1300.000   -2400.000     720.000 ZYY  1.009800e+00 -2.031877e-01  1.089883e-01
2.83738e+01    GZ11   38.842 -122.855    1300.000   -2400.000     720.000 ZXX -1.827587e+00  1.747120e-03  9.219435e-02
2.83738e+01    GZ11   38.842 -122.855    1300.000   -2400.000     720.000 ZXY  2.959550e+00  1.509049e+00  9.219435e-02
2.83738e+01    GZ11   38.842 -122.855    1300.000   -2400.000     720.000 ZYX -2.460284e+00 -1.330458e+00  9.219435e-02
2.83738e+01    GZ11   38.842 -122.855    1300.000   -2400.000     720.000 ZYY  1.042112e+00 -9.813072e-02  9.219435e-02
5.15716e+01    GZ11   38.842 -122.855    1300.000   -2400.000     720.000 ZXX -1.968108e+00 -6.806989e-02  8.532038e-02
5.15716e+01    GZ11   38.842 -122.855    1300.000   -2400.000     720.000 ZXY  2.992017e+00  1.253186e+00  1.101851e-01
5.15716e+01    GZ11   38.842 -122.855    1300.000   -2400.000     720.000 ZYX -2.267644e+00 -8.717576e-01  8.532038e-02
5.15716e+01    GZ11   38.842 -122.855    1300.000   -2400.000     720.000 ZYY  1.057069e+00 -4.233227e-02  8.532038e-02
9.37354e+01    GZ11   38.842 -122.855    1300.000   -2400.000     720.000 ZXX -1.881626e+00 -1.198860e-01  8.180214e-02
9.37354e+01    GZ11   38.842 -122.855    1300.000   -2400.000     720.000 ZXY  2.682781e+00  1.040503e+00  1.309011e-01
9.37354e+01    GZ11   38.842 -122.855    1300.000   -2400.000     720.000 ZYX -1.963894e+00 -6.075355e-01  7.422462e-02
9.37354e+01    GZ11   38.842 -122.855    1300.000   -2400.000     720.000 ZYY  9.772018e-01  2.073695e-02  9.401844e-02
1.70371e+02    GZ11   38.842 -122.855    1300.000   -2400.000     720.000 ZXX -1.668256e+00 -2.109283e-01  1.003586e-01
1.70371e+02    GZ11   38.842 -122.855    1300.000   -2400.000     720.000 ZXY  2.066195e+00  8.233878e-01  1.200269e-01
1.70371e+02    GZ11   38.842 -122.855    1300.000   -2400.000     720.000 ZYX -1.675890e+00 -5.157383e-01  8.510617e-02
1.70371e+02    GZ11   38.842 -122.855    1300.000   -2400.000     720.000 ZYY  7.433029e-01  4.063331e-02  8.490321e-02
3.09663e+02    GZ11   38.842 -122.855    1300.000   -2400.000     720.000 ZXX -1.350473e+00 -2.492534e-01  6.170151e-02
3.09663e+02    GZ11   38.842 -122.855    1300.000   -2400.000     720.000 ZXY  1.691415e+00  6.656412e-01  8.652092e-02
3.09663e+02    GZ11   38.842 -122.855    1300.000   -2400.000     720.000 ZYX -1.327314e+00 -4.500841e-01  5.048215e-02
3.09663e+02    GZ11   38.842 -122.855    1300.000   -2400.000     720.000 ZYY  5.813582e-01  9.250762e-02  7.228768e-02
5.62837e+02    GZ11   38.842 -122.855    1300.000   -2400.000     720.000 ZXX -1.172332e+00 -2.051122e-01  4.029051e-02
5.62837e+02    GZ11   38.842 -122.855    1300.000   -2400.000     720.000 ZXY  1.334380e+00  6.239139e-01  4.557204e-02
5.62837e+02    GZ11   38.842 -122.855    1300.000   -2400.000     720.000 ZYX -1.080858e+00 -3.861871e-01  4.085189e-02
5.62837e+02    GZ11   38.842 -122.855    1300.000   -2400.000     720.000 ZYY  5.105401e-01  8.702386e-02  5.126718e-02
1.02300e+03    GZ11   38.842 -122.855    1300.000   -2400.000     720.000 ZXX -1.059266e+00 -2.342437e-01  3.351068e-02
1.02300e+03    GZ11   38.842 -122.855    1300.000   -2400.000     720.000 ZXY  1.079566e+00  5.477165e-01  3.351068e-02
1.02300e+03    GZ11   38.842 -122.855    1300.000   -2400.000     720.000 ZYX -8.806784e-01 -3.382015e-01  3.351068e-02
1.02300e+03    GZ11   38.842 -122.855    1300.000   -2400.000     720.000 ZYY  4.297301e-01  6.473225e-02  3.351068e-02
2.00000e-03    GZ12   38.847 -122.851    1900.000   -2000.000     570.000 ZXX -1.914737e+00  1.148996e+01  7.282664e+00
2.00000e-03    GZ12   38.847 -122.851    1900.000   -2000.000     570.000 ZXY  2.052348e+02  1.231311e+02  7.282664e+00
2.00000e-03    GZ12   38.847 -122.851    1900.000   -2000.000     570.000 ZYX -1.642781e+02 -1.831584e+02  7.282664e+00
2.00000e-03    GZ12   38.847 -122.851    1900.000   -2000.000     570.000 ZYY -2.325596e+01  9.028333e+00  7.282664e+00
3.63516e-03    GZ12   38.847 -122.851    1900.000   -2000.000     570.000 ZXX  3.111926e+00  2.902015e+00  5.259907e+00
3.63516e-03    GZ12   38.847 -122.851    1900.000   -2000.000     570.000 ZXY  1.248489e+02  1.178246e+02  5.259907e+00
3.63516e-03    GZ12   38.847 -122.851    1900.000   -2000.000     570.000 ZYX -1.194706e+02 -1.333827e+02  5.259907e+00
3.63516e-03    GZ12   38.847 -122.851    1900.000   -2000.000     570.000 ZYY -6.171079e+00 -1.105445e+00  5.259907e+00
6.60718e-03    GZ12   38.847 -122.851    1900.000   -2000.000     570.000 ZXX  1.456688e+00  1.887952e+00  3.812010e+00
6.60718e-03    GZ12   38.847 -122.851    1900.000   -2000.000     570.000 ZXY  8.424355e+01  9.241637e+01  3.812010e+00
6.60718e-03    GZ12   38.847 -122.851    1900.000   -2000.000     570.000 ZYX -8.530391e+01 -9.691815e+01  3.812010e+00
6.60718e-03    GZ12   38.847 -122.851    1900.000   -2000.000     570.000 ZYY -4.026232e-01 -9.647720e-01  3.812010e+00
1.20091e-02    GZ12   38.847 -122.851    1900.000   -2000.000     570.000 ZXX -1.877547e-01  7.691861e-01  2.752918e+00
1.20091e-02    GZ12   38.847 -122.851    1900.000   -2000.000     570.000 ZXY  5.914857e+01  6.868701e+01  2.752918e+00
1.20091e-02    GZ12   38.847 -122.851    1900.000   -2000.000     570.000 ZYX -5.983985e+01 -7.105601e+01  2.752918e+00
1.20091e-02    GZ12   38.847 -122.851    1900.000   -2000.000     570.000 ZYY -2.560902e-01  2.601040e-01  2.752918e+00
2.18274e-02    GZ12   38.847 -122.851    1900.000   -2000.000     570.000 ZXX -9.014665e-02 -1.687822e-02  1.966957e+00
2.18274e-02    GZ12   38.847 -122.851    1900.000   -2000.000     570.000 ZXY  4.162785e+01  4.950247e+01  1.966957e+00
2.18274e-02    GZ12   38.847 -122.851    1900.000   -2000.000     570.000 ZYX -4.328940e+01 -5.042915e+01  1.966957e+00
2.18274e-02    GZ12   38.847 -122.851    1900.000   -2000.000     570.000 ZYY -4.253092e-01  7.932483e-01  1.966957e+00
3.96730e-02    GZ12   38.847 -122.851    1900.000   -2000.000     570.000 ZXX  2.820555e-01 -3.261119e-01  1.406220e+00
3.96730e-02    GZ12   38.847 -122.851    1900.000   -2000.000     570.000 ZXY  2.974289e+01  3.514144e+01  1.406220e+00
3.96730e-02    GZ12   38.847 -122.851    1900.000   -2000.000     570.000 ZYX -3.187656e+01 -3.551447e+01  1.406220e+00
3.96730e-02    GZ12   38.847 -122.851    1900.000   -2000.000     570.000 ZYY -8.132527e-01  7.407614e-01  1.406220e+00
7.21087e-02    GZ12   38.847 -122.851    1900.000   -2000.000     570.000 ZXX  5.794483e-01 -2.994038e-01  1.024696e+00
7.21087e-02    GZ12   38.847 -122.851    1900.000   -2000.000     570.000 ZXY  2.141708e+01  2.561302e+01  1.024696e+00
7.21087e-02    GZ12   38.847 -122.851    1900.000   -2000.000     570.000 ZYX -2.375002e+01 -2.562717e+01  1.024696e+00
7.21087e-02    GZ12   38.847 -122.851    1900.000   -2000.000     570.000 ZYY -1.184126e+00  5.514444e-01  1.024696e+00
1.31063e-01    GZ12   38.847 -122.851    1900.000   -2000.000     570.000 ZXX  8.168147e-01 -2.224555e-01  7.239131e-01
1.31063e-01    GZ12   38.847 -122.851    1900.000   -2000.000     570.000 ZXY  1.500441e+01  1.780346e+01  7.239131e-01
1.31063e-01    GZ12   38.847 -122.851    1900.000   -2000.000     570.000 ZYX -1.722396e+01 -1.812659e+01  7.239131e-01
1.31063e-01    GZ12   38.847 -122.851    1900.000   -2000.000     570.000 ZYY -1.453615e+00  1.162617e-01  7.239131e-01
2.38218e-01    GZ12   38.847 -122.851    1900.000   -2000.000     570.000 ZXX  8.494933e-01  2.274482e-01  5.131499e-01
2.38218e-01    GZ12   38.847 -122.851    1900.000   -2000.000     570.000 ZXY  1.074654e+01  1.195962e+01  5.131499e-01
2.38218e-01    GZ12   38.847 -122.851    1900.000   -2000.000     570.000 ZYX -1.319944e+01 -1.252328e+01  5.131499e-01
2.38218e-01    GZ12   38.847 -122.851    1900.000   -2000.000     570.000 ZYY -1.143739e+00  4.586708e-01  5.131499e-01
4.32979e-01    GZ12   38.847 -122.851    1900.000   -2000.000     570.000 ZXX  7.804826e-01  1.957889e-01  3.786484e-01
4.32979e-01    GZ12   38.847 -122.851    1900.000   -2000.000     570.000 ZXY  8.355005e+00  7.998962e+00  3.786484e-01
4.32979e-01    GZ12   38.847 -122.851    1900.000   -2000.000     570.000 ZYX -1.087540e+01 -8.447425e+00  3.786484e-01
4.32979e-01    GZ12   38.847 -122.851    1900.000   -2000.000     570.000 ZYY -1.038562e+00 -3.767644e-01  3.786484e-01
7.86973e-01    GZ12   38.847 -122.851    1900.000   -2000.000     570.000 ZXX  6.352302e-01  4.676295e-01  2.968224e-01
7.86973e-01    GZ12   38.847 -122.851    1900.000   -2000.000     570.000 ZXY  6.969211e+00  5.557932e+00  2.968224e-01
7.86973e-01    GZ12   38.847 -122.851    1900.000   -2000.000     570.000 ZYX -9.102458e+00 -6.134311e+00  2.968224e-01
7.86973e-01    GZ12   38.847 -122.851    1900.000   -2000.000     570.000 ZYY -9.850044e-01 -7.257429e-01  2.968224e-01
1.43038e+00    GZ12   38.847 -122.851    1900.000   -2000.000     570.000 ZXX  3.178702e-01  7.754984e-01  2.432768e-01
1.43038e+00    GZ12   38.847 -122.851    1900.000   -2000.000     570.000 ZXY  5.820491e+00  4.189597e+00  2.432768e-01
1.43038e+00    GZ12   38.847 -122.851    1900.000   -2000.000     570.000 ZYX -7.644920e+00 -5.059728e+00  2.432768e-01
1.43038e+00    GZ12   38.847 -122.851    1900.000   -2000.000     570.000 ZYY -5.941679e-01 -8.906842e-01  2.432768e-01
2.59984e+00    GZ12   38.847 -122.851    1900.000   -2000.000     570.000 ZXX -1.813824e-01  8.386845e-01  2.016802e-01
2.59984e+00    GZ12   38.847 -122.851    1900.000   -2000.000     570.000 ZXY  4.880588e+00  3.429183e+00  2.016802e-01
2.59984e+00    GZ12   38.847 -122.851    1900.000   -2000.000     570.000 ZYX -6.139807e+00 -4.439529e+00  2.016802e-01
2.59984e+00    GZ12   38.847 -122.851    1900.000   -2000.000     570.000 ZYY -9.577162e-02 -8.904297e-01  2.016802e-01
4.72540e+00    GZ12   38.847 -122.851    1900.000   -2000.000     570.000 ZXX -5.383646e-01  6.066202e-01  1.573292e-01
4.72540e+00    GZ12   38.847 -122.851    1900.000   -2000.000     570.000 ZXY  3.794523e+00  2.729745e+00  1.573292e-01
4.72540e+00    GZ12   38.847 -122.851    1900.000   -2000.000     570.000 ZYX -4.612872e+00 -3.648983e+00  1.573292e-01
4.72540e+00    GZ12   38.847 -122.851    1900.000   -2000.000     570.000 ZYY  2.402136e-01 -5.653473e-01  1.573292e-01
8.58879e+00    GZ12   38.847 -122.851    1900.000   -2000.000     570.000 ZXX -7.331168e-01  4.587884e-01  1.232094e-01
8.58879e+00    GZ12   38.847 -122.851    1900.000   -2000.000     570.000 ZXY  3.032923e+00  2.186353e+00  1.232094e-01
8.58879e+00    GZ12   38.847 -122.851    1900.000   -2000.000     570.000 ZYX -3.606520e+00 -2.700640e+00  1.232094e-01
8.58879e+00    GZ12   38.847 -122.851    1900.000   -2000.000     570.000 ZYY  4.372791e-01 -3.663085e-01  1.232094e-01
1.56108e+01    GZ12   38.847 -122.851    1900.000   -2000.000     570.000 ZXX -7.921547e-01  2.360967e-01  9.520503e-02
1.56108e+01    GZ12   38.847 -122.851    1900.000   -2000.000     570.000 ZXY  2.357698e+00  1.579903e+00  9.520503e-02
1.56108e+01    GZ12   38.847 -122.851    1900.000   -2000.000     570.000 ZYX -2.808076e+00 -2.162314e+00  9.520503e-02
1.56108e+01    GZ12   38.847 -122.851    1900.000   -2000.000     570.000 ZYY  5.457012e-01 -2.568008e-01  9.520503e-02
2.83738e+01    GZ12   38.847 -122.851    1900.000   -2000.000     570.000 ZXX -7.794171e-01  9.695378e-02  7.483107e-02
2.83738e+01    GZ12   38.847 -122.851    1900.000   -2000.000     570.000 ZXY  1.963864e+00  1.169632e+00  7.483107e-02
2.83738e+01    GZ12   38.847 -122.851    1900.000   -2000.000     570.000 ZYX -2.363127e+00 -1.335113e+00  7.483107e-02
2.83738e+01    GZ12   38.847 -122.851    1900.000   -2000.000     570.000 ZYY  4.968421e-01 -1.485720e-01  7.483107e-02
5.15716e+01    GZ12   38.847 -122.851    1900.000   -2000.000     570.000 ZXX -8.867642e-01 -1.262096e-02  6.524138e-02
5.15716e+01    GZ12   38.847 -122.851    1900.000   -2000.000     570.000 ZXY  1.903598e+00  9.232059e-01  7.056000e-02
5.15716e+01    GZ12   38.847 -122.851    1900.000   -2000.000     570.000 ZYX -2.032252e+00 -8.965273e-01  6.524138e-02
5.15716e+01    GZ12   38.847 -122.851    1900.000   -2000.000     570.000 ZYY  5.318699e-01 -9.442763e-02  6.524138e-02
9.37354e+01    GZ12   38.847 -122.851    1900.000   -2000.000     570.000 ZXX -9.435833e-01 -7.601989e-02  5.471078e-02
9.37354e+01    GZ12   38.847 -122.851    1900.000   -2000.000     570.000 ZXY  1.599039e+00  6.634745e-01  8.097145e-02
9.37354e+01    GZ12   38.847 -122.851    1900.000   -2000.000     570.000 ZYX -1.784165e+00 -6.335200e-01  5.572486e-02
9.37354e+01    GZ12   38.847 -122.851    1900.000   -2000.000     570.000 ZYY  5.078441e-01  3.557962e-03  7.377295e-02
1.70371e+02    GZ12   38.847 -122.851    1900.000   -2000.000     570.000 ZXX -8.816949e-01 -1.053002e-01  4.505495e-02
1.70371e+02    GZ12   38.847 -122.851    1900.000   -2000.000     570.000 ZXY  1.316901e+00  5.637661e-01  7.889134e-02
1.70371e+02    GZ12   38.847 -122.851    1900.000   -2000.000     570.000 ZYX -1.464401e+00 -4.787275e-01  4.505495e-02
1.70371e+02    GZ12   38.847 -122.851    1900.000   -2000.000     570.000 ZYY  4.422309e-01  6.869245e-02  1.095986e-01
3.09663e+02    GZ12   38.847 -122.851    1900.000   -2000.000     570.000 ZXX -7.149500e-01 -1.000749e-01  3.701294e-02
3.09663e+02    GZ12   38.847 -122.851    1900.000   -2000.000     570.000 ZXY  1.104659e+00  4.492055e-01  4.916800e-02
3.09663e+02    GZ12   38.847 -122.851    1900.000   -2000.000     570.000 ZYX -1.182277e+00 -4.304765e-01  3.701294e-02
3.09663e+02    GZ12   38.847 -122.851    1900.000   -2000.000     570.000 ZYY  4.256091e-01  3.302883e-02  5.954180e-02
5.62837e+02    GZ12   38.847 -122.851    1900.000   -2000.000     570.000 ZXX -6.808291e-01 -1.311179e-01  2.983633e-02
5.62837e+02    GZ12   38.847 -122.851    1900.000   -2000.000     570.000 ZXY  8.448242e-01  3.397420e-01  3.893428e-02
5.62837e+02    GZ12   38.847 -122.851    1900.000   -2000.000     570.000 ZYX -9.951849e-01 -3.891170e-01  2.983633e-02
5.62837e+02    GZ12   38.847 -122.851    1900.000   -2000.000     570.000 ZYY  4.384199e-01  2.978827e-02  3.205302e-02
1.02300e+03    GZ12   38.847 -122.851    1900.000   -2000.000     570.000 ZXX -5.694296e-01 -1.693863e-01  2.416425e-02
1.02300e+03    GZ12   38.847 -122.851    1900.000   -2000.000     570.000 ZXY  6.593630e-01  3.107353e-01  2.416425e-02
1.02300e+03    GZ12   38.847 -122.851    1900.000   -2000.000     570.000 ZYX -8.164226e-01 -3.253854e-01  2.416425e-02
1.02300e+03    GZ12   38.847 -122.851    1900.000   -2000.000     570.000 ZYY  4.133659e-01  1.325917e-04  2.671455e-02
2.00000e-03    GZ13   38.837 -122.828     900.000       0.000     510.000 ZXX  1.126895e+01  1.543189e+01  5.212756e+00
2.00000e-03    GZ13   38.837 -122.828     900.000       0.000     510.000 ZXY  1.213895e+02  1.270340e+02  5.212756e+00
2.00000e-03    GZ13   38.837 -122.828     900.000       0.000     510.000 ZYX -8.793473e+01 -1.423657e+02  5.212756e+00
2.00000e-03    GZ13   38.837 -122.828     900.000       0.000     510.000 ZYY -4.655263e+01 -5.922822e+01  5.382010e+00
3.63516e-03    GZ13   38.837 -122.828     900.000       0.000     510.000 ZXX  8.222189e+00  1.148137e+01  3.429944e+00
3.63516e-03    GZ13   38.837 -122.828     900.000       0.000     510.000 ZXY  6.823555e+01  9.267271e+01  3.429944e+00
3.63516e-03    GZ13   38.837 -122.828     900.000       0.000     510.000 ZYX -6.049363e+01 -9.417939e+01  3.429944e+00
3.63516e-03    GZ13   38.837 -122.828     900.000       0.000     510.000 ZYY -2.506618e+01 -3.330037e+01  3.429944e+00
6.60718e-03    GZ13   38.837 -122.828     900.000       0.000     510.000 ZXX  6.091439e+00  7.879971e+00  2.271528e+00
6.60718e-03    GZ13   38.837 -122.828     900.000       0.000     510.000 ZXY  4.251011e+01  6.260124e+01  2.271528e+00
6.60718e-03    GZ13   38.837 -122.828     900.000       0.000     510.000 ZYX -3.982228e+01 -6.312798e+01  2.271528e+00
6.60718e-03    GZ13   38.837 -122.828     900.000       0.000     510.000 ZYY -1.652640e+01 -2.312108e+01  2.271528e+00
1.20091e-02    GZ13   38.837 -122.828     900.000       0.000     510.000 ZXX  3.854150e+00  5.129786e+00  1.496686e+00
1.20091e-02    GZ13   38.837 -122.828     900.000       0.000     510.000 ZXY  2.721935e+01  4.073800e+01  1.496686e+00
1.20091e-02    GZ13   38.837 -122.828     900.000       0.000     510.000 ZYX -2.726764e+01 -4.172769e+01  1.496686e+00
1.20091e-02    GZ13   38.837 -122.828     900.000       0.000     510.000 ZYY -1.170182e+01 -1.632746e+01  1.496686e+00
2.18274e-02    GZ13   38.837 -122.828     900.000       0.000     510.000 ZXX  2.723189e+00  3.468444e+00  1.022459e+00
2.18274e-02    GZ13   38.837 -122.828     900.000       0.000     510.000 ZXY  1.845635e+01  2.737878e+01  1.022459e+00
2.18274e-02    GZ13   38.837 -122.828     900.000       0.000     510.000 ZYX -2.048531e+01 -2.779116e+01  1.022459e+00
2.18274e-02    GZ13   38.837 -122.828     900.000       0.000     510.000 ZYY -8.176455e+00 -1.099883e+01  1.022459e+00
3.96730e-02    GZ13   38.837 -122.828     900.000       0.000     510.000 ZXX  2.100953e+00  2.554402e+00  7.238347e-01
3.96730e-02    GZ13   38.837 -122.828     900.000       0.000     510.000 ZXY  1.363510e+01  2.002876e+01  7.238347e-01
3.96730e-02    GZ13   38.837 -122.828     900.000       0.000     510.000 ZYX -1.391516e+01 -1.898294e+01  7.238347e-01
3.96730e-02    GZ13   38.837 -122.828     900.000       0.000     510.000 ZYY -6.236861e+00 -8.067113e+00  7.238347e-01
7.21087e-02    GZ13   38.837 -122.828     900.000       0.000     510.000 ZXX  1.571415e+00  1.942001e+00  5.038457e-01
7.21087e-02    GZ13   38.837 -122.828     900.000       0.000     510.000 ZXY  9.469762e+00  1.395834e+01  5.038457e-01
7.21087e-02    GZ13   38.837 -122.828     900.000       0.000     510.000 ZYX -9.941342e+00 -1.302101e+01  5.038457e-01
7.21087e-02    GZ13   38.837 -122.828     900.000       0.000     510.000 ZYY -4.590667e+00 -5.663104e+00  5.038457e-01
1.31063e-01    GZ13   38.837 -122.828     900.000       0.000     510.000 ZXX  1.045966e+00  1.315839e+00  3.432655e-01
1.31063e-01    GZ13   38.837 -122.828     900.000       0.000     510.000 ZXY  6.570426e+00  9.459890e+00  3.432655e-01
1.31063e-01    GZ13   38.837 -122.828     900.000       0.000     510.000 ZYX -7.099269e+00 -8.503508e+00  3.432655e-01
1.31063e-01    GZ13   38.837 -122.828     900.000       0.000     510.000 ZYY -3.264612e+00 -4.218040e+00  3.432655e-01
2.38218e-01    GZ13   38.837 -122.828     900.000       0.000     510.000 ZXX  6.824432e-01  9.511476e-01  2.365931e-01
2.38218e-01    GZ13   38.837 -122.828     900.000       0.000     510.000 ZXY  4.703551e+00  6.030437e+00  2.365931e-01
2.38218e-01    GZ13   38.837 -122.828     900.000       0.000     510.000 ZYX -5.813585e+00 -5.444041e+00  2.365931e-01
2.38218e-01    GZ13   38.837 -122.828     900.000       0.000     510.000 ZYY -2.189415e+00 -2.648863e+00  2.365931e-01
4.32979e-01    GZ13   38.837 -122.828     900.000       0.000     510.000 ZXX  5.092605e-01  7.580970e-01  1.803390e-01
4.32979e-01    GZ13   38.837 -122.828     900.000       0.000     510.000 ZXY  3.830692e+00  3.973822e+00  1.803390e-01
4.32979e-01    GZ13   38.837 -122.828     900.000       0.000     510.000 ZYX -5.238311e+00 -3.723287e+00  1.803390e-01
4.32979e-01    GZ13   38.837 -122.828     900.000       0.000     510.000 ZYY -1.426996e+00 -2.103525e+00  1.803390e-01
7.86973e-01    GZ13   38.837 -122.828     900.000       0.000     510.000 ZXX  2.881554e-01  6.813856e-01  1.447770e-01
7.86973e-01    GZ13   38.837 -122.828     900.000       0.000     510.000 ZXY  3.192477e+00  2.762957e+00  1.447770e-01
7.86973e-01    GZ13   38.837 -122.828     900.000       0.000     510.000 ZYX -4.549633e+00 -2.980123e+00  1.447770e-01
7.86973e-01    GZ13   38.837 -122.828     900.000       0.000     510.000 ZYY -1.012685e+00 -1.586925e+00  1.447770e-01
1.43038e+00    GZ13   38.837 -122.828     900.000       0.000     510.000 ZXX  2.363340e-02  6.327931e-01  1.187528e-01
1.43038e+00    GZ13   38.837 -122.828     900.000       0.000     510.000 ZXY  2.686374e+00  2.068776e+00  1.187528e-01
1.43038e+00    GZ13   38.837 -122.828     900.000       0.000     510.000 ZYX -3.698509e+00 -2.714113e+00  1.187528e-01
1.43038e+00    GZ13   38.837 -122.828     900.000       0.000     510.000 ZYY -5.681617e-01 -1.180377e+00  1.187528e-01
2.59984e+00    GZ13   38.837 -122.828     900.000       0.000     510.000 ZXX -2.398459e-01  5.128304e-01  9.309931e-02
2.59984e+00    GZ13   38.837 -122.828     900.000       0.000     510.000 ZXY  2.165292e+00  1.593038e+00  9.309931e-02
2.59984e+00    GZ13   38.837 -122.828     900.000       0.000     510.000 ZYX -2.663319e+00 -2.383721e+00  9.309931e-02
2.59984e+00    GZ13   38.837 -122.828     900.000       0.000     510.000 ZYY -2.260496e-01 -8.346899e-01  9.309931e-02
4.72540e+00    GZ13   38.837 -122.828     900.000       0.000     510.000 ZXX -3.457777e-01  2.465089e-01  6.900776e-02
4.72540e+00    GZ13   38.837 -122.828     900.000       0.000     510.000 ZXY  1.674357e+00  1.186398e+00  6.900776e-02
4.72540e+00    GZ13   38.837 -122.828     900.000       0.000     510.000 ZYX -1.851145e+00 -1.793341e+00  6.900776e-02
4.72540e+00    GZ13   38.837 -122.828     900.000       0.000     510.000 ZYY -2.439376e-02 -5.188383e-01  6.900776e-02
8.58879e+00    GZ13   38.837 -122.828     900.000       0.000     510.000 ZXX -3.784389e-01  1.296749e-01  5.023974e-02
8.58879e+00    GZ13   38.837 -122.828     900.000       0.000     510.000 ZXY  1.293417e+00  7.754585e-01  5.023974e-02
8.58879e+00    GZ13   38.837 -122.828     900.000       0.000     510.000 ZYX -1.413568e+00 -1.207972e+00  5.023974e-02
8.58879e+00    GZ13   38.837 -122.828     900.000       0.000     510.000 ZYY -4.487841e-02 -3.582395e-01  5.023974e-02
1.56108e+01    GZ13   38.837 -122.828     900.000       0.000     510.000 ZXX -4.681698e-01  1.002852e-01  3.942842e-02
1.56108e+01    GZ13   38.837 -122.828     900.000       0.000     510.000 ZXY  1.081744e+00  5.457540e-01  3.942842e-02
1.56108e+01    GZ13   38.837 -122.828     900.000       0.000     510.000 ZYX -1.145472e+00 -8.372237e-01  3.942842e-02
1.56108e+01    GZ13   38.837 -122.828     900.000       0.000     510.000 ZYY -4.105531e-02 -2.940893e-01  3.942842e-02
2.83738e+01    GZ13   38.837 -122.828     900.000       0.000     510.000 ZXX -5.171193e-01  5.236249e-02  3.214420e-02
2.83738e+01    GZ13   38.837 -122.828     900.000       0.000     510.000 ZXY  9.599754e-01  3.881289e-01  3.214420e-02
2.83738e+01    GZ13   38.837 -122.828     900.000       0.000     510.000 ZYX -9.259571e-01 -5.567975e-01  3.214420e-02
2.83738e+01    GZ13   38.837 -122.828     900.000       0.000     510.000 ZYY  4.968617e-02 -1.705674e-01  3.214420e-02
5.15716e+01    GZ13   38.837 -122.828     900.000       0.000     510.000 ZXX -4.818323e-01  3.116516e-02  2.681786e-02
5.15716e+01    GZ13   38.837 -122.828     900.000       0.000     510.000 ZXY  8.362968e-01  3.492977e-01  2.681786e-02
5.15716e+01    GZ13   38.837 -122.828     900.000       0.000     510.000 ZYX -7.544337e-01 -3.940754e-01  2.681786e-02
5.15716e+01    GZ13   38.837 -122.828     900.000       0.000     510.000 ZYY  1.037907e-01 -1.082855e-01  2.681786e-02
9.37354e+01    GZ13   38.837 -122.828     900.000       0.000     510.000 ZXX -4.681471e-01 -2.826072e-02  2.351666e-02
9.37354e+01    GZ13   38.837 -122.828     900.000       0.000     510.000 ZXY  7.519139e-01  3.274315e-01  3.825485e-02
9.37354e+01    GZ13   38.837 -122.828     900.000       0.000     510.000 ZYX -6.207420e-01 -2.733341e-01  2.350927e-02
9.37354e+01    GZ13   38.837 -122.828     900.000       0.000     510.000 ZYY  1.421710e-01 -6.122560e-02  3.562301e-02
1.70371e+02    GZ13   38.837 -122.828     900.000       0.000     510.000 ZXX -4.176832e-01 -3.950069e-02  2.135075e-02
1.70371e+02    GZ13   38.837 -122.828     900.000       0.000     510.000 ZXY  6.491282e-01  2.373969e-01  4.699130e-02
1.70371e+02    GZ13   38.837 -122.828     900.000       0.000     510.000 ZYX -4.749820e-01 -2.016894e-01  2.002642e-02
1.70371e+02    GZ13   38.837 -122.828     900.000       0.000     510.000 ZYY  9.579647e-02 -2.167153e-02  4.656888e-02
3.09663e+02    GZ13   38.837 -122.828     900.000       0.000     510.000 ZXX -3.311623e-01 -4.187608e-02  1.563258e-02
3.09663e+02    GZ13   38.837 -122.828     900.000       0.000     510.000 ZXY  5.208636e-01  2.086205e-01  2.694032e-02
3.09663e+02    GZ13   38.837 -122.828     900.000       0.000     510.000 ZYX -3.984626e-01 -1.698826e-01  1.863113e-02
3.09663e+02    GZ13   38.837 -122.828     900.000       0.000     510.000 ZYY  1.017546e-01 -5.522502e-02  3.205384e-02
5.62837e+02    GZ13   38.837 -122.828     900.000       0.000     510.000 ZXX -3.064342e-01 -4.771183e-02  1.442813e-02
5.62837e+02    GZ13   38.837 -122.828     900.000       0.000     510.000 ZXY  3.865330e-01  1.791328e-01  3.935921e-02
5.62837e+02    GZ13   38.837 -122.828     900.000       0.000     510.000 ZYX -3.418955e-01 -1.570957e-01  1.227371e-02
5.62837e+02    GZ13   38.837 -122.828     900.000       0.000     510.000 ZYY  1.412125e-01 -1.250765e-02  2.573631e-02
1.02300e+03    GZ13   38.837 -122.828     900.000       0.000     510.000 ZXX -2.558099e-01 -5.626302e-02  1.010818e-02
1.02300e+03    GZ13   38.837 -122.828     900.000       0.000     510.000 ZXY  3.202073e-01  1.624564e-01  1.965718e-02
1.02300e+03    GZ13   38.837 -122.828     900.000       0.000     510.000 ZYX -2.744712e-01 -1.221263e-01  1.010818e-02
1.02300e+03    GZ13   38.837 -122.828     900.000       0.000     510.000 ZYY  1.088803e-01 -2.379059e-02  1.161332e-02
2.00000e-03    GZ14   38.841 -122.836    1300.000    -800.000     660.000 ZXX  3.977453e+01  2.511953e+01  6.150920e+00
2.00000e-03    GZ14   38.841 -122.836    1300.000    -800.000     660.000 ZYX -1.247598e+02 -1.535254e+02  6.150920e+00
2.00000e-03    GZ14   38.841 -122.836    1300.000    -800.000     660.000 ZYY -3.752523e+01  8.691177e+00  6.230727e+00
3.63516e-03    GZ14   38.841 -122.836    1300.000    -800.000     660.000 ZXX  3.559182e+01  1.959643e+01  4.277651e+00
3.63516e-03    GZ14   38.841 -122.836    1300.000    -800.000     660.000 ZXY  8.168698e+01  1.209953e+02  4.277651e+00
3.63516e-03    GZ14   38.841 -122.836    1300.000    -800.000     660.000 ZYX -8.590816e+01 -1.088371e+02  4.277651e+00
3.63516e-03    GZ14   38.841 -122.836    1300.000    -800.000     660.000 ZYY -2.152901e+01 -3.067144e+00  4.277651e+00
6.60718e-03    GZ14   38.841 -122.836    1300.000    -800.000     660.000 ZXX  2.575137e+01  1.748403e+01  2.987902e+00
6.60718e-03    GZ14   38.841 -122.836    1300.000    -800.000     660.000 ZXY  5.338565e+01  8.511883e+01  2.987902e+00
6.60718e-03    GZ14   38.841 -122.836    1300.000    -800.000     660.000 ZYX -6.128256e+01 -7.650354e+01  2.987902e+00
6.60718e-03    GZ14   38.841 -122.836    1300.000    -800.000     660.000 ZYY -1.150239e+01 -8.507307e+00  2.987902e+00
1.20091e-02    GZ14   38.841 -122.836    1300.000    -800.000     660.000 ZXX  1.762507e+01  1.331981e+01  2.122655e+00
1.20091e-02    GZ14   38.841 -122.836    1300.000    -800.000     660.000 ZXY  3.678988e+01  5.946625e+01  2.122655e+00
1.20091e-02    GZ14   38.841 -122.836    1300.000    -800.000     660.000 ZYX -4.257474e+01 -5.689381e+01  2.122655e+00
1.20091e-02    GZ14   38.841 -122.836    1300.000    -800.000     660.000 ZYY -8.717771e+00 -4.639344e+00  2.122655e+00
2.18274e-02    GZ14   38.841 -122.836    1300.000    -800.000     660.000 ZXX  1.213738e+01  1.005294e+01  1.510787e+00
2.18274e-02    GZ14   38.841 -122.836    1300.000    -800.000     660.000 ZXY  2.626911e+01  4.011896e+01  1.510787e+00
2.18274e-02    GZ14   38.841 -122.836    1300.000    -800.000     660.000 ZYX -3.159547e+01 -4.189902e+01  1.510787e+00
2.18274e-02    GZ14   38.841 -122.836    1300.000    -800.000     660.000 ZYY -5.730386e+00 -3.847607e+00  1.510787e+00
3.96730e-02    GZ14   38.841 -122.836    1300.000    -800.000     660.000 ZXX  9.817952e+00  8.313066e+00  9.916986e-01
3.96730e-02    GZ14   38.841 -122.836    1300.000    -800.000     660.000 ZXY  1.742705e+01  2.631779e+01  9.916986e-01
3.96730e-02    GZ14   38.841 -122.836    1300.000    -800.000     660.000 ZYX -2.127635e+01 -2.678516e+01  9.916986e-01
3.96730e-02    GZ14   38.841 -122.836    1300.000    -800.000     660.000 ZYY -4.119929e+00 -3.870241e+00  9.916986e-01
7.21087e-02    GZ14   38.841 -122.836    1300.000    -800.000     660.000 ZXX  7.548419e+00  6.375538e+00  6.871719e-01
7.21087e-02    GZ14   38.841 -122.836    1300.000    -800.000     660.000 ZXY  1.239382e+01  1.739172e+01  6.871719e-01
7.21087e-02    GZ14   38.841 -122.836    1300.000    -800.000     660.000 ZYX -1.534899e+01 -1.870122e+01  6.871719e-01
7.21087e-02    GZ14   38.841 -122.836    1300.000    -800.000     660.000 ZYY -3.085250e+00 -2.887088e+00  6.871719e-01
1.31063e-01    GZ14   38.841 -122.836    1300.000    -800.000     660.000 ZXX  5.534529e+00  4.646084e+00  4.748331e-01
1.31063e-01    GZ14   38.841 -122.836    1300.000    -800.000     660.000 ZXY  9.036960e+00  1.173789e+01  4.748331e-01
1.31063e-01    GZ14   38.841 -122.836    1300.000    -800.000     660.000 ZYX -1.099845e+01 -1.250185e+01  4.748331e-01
1.31063e-01    GZ14   38.841 -122.836    1300.000    -800.000     660.000 ZYY -2.382599e+00 -2.283672e+00  4.748331e-01
2.38218e-01    GZ14   38.841 -122.836    1300.000    -800.000     660.000 ZXX  4.518706e+00  3.128695e+00  3.299541e-01
2.38218e-01    GZ14   38.841 -122.836    1300.000    -800.000     660.000 ZXY  6.533835e+00  7.483223e+00  3.299541e-01
2.38218e-01    GZ14   38.841 -122.836    1300.000    -800.000     660.000 ZYX -8.661531e+00 -8.194146e+00  3.299541e-01
2.38218e-01    GZ14   38.841 -122.836    1300.000    -800.000     660.000 ZYY -1.848849e+00 -1.406941e+00  3.299541e-01
4.32979e-01    GZ14   38.841 -122.836    1300.000    -800.000     660.000 ZXX  4.019313e+00  1.801274e+00  2.525886e-01
4.32979e-01    GZ14   38.841 -122.836    1300.000    -800.000     660.000 ZXY  5.384532e+00  5.298112e+00  2.525886e-01
4.32979e-01    GZ14   38.841 -122.836    1300.000    -800.000     660.000 ZYX -7.479623e+00 -5.292609e+00  2.525886e-01
4.32979e-01    GZ14   38.841 -122.836    1300.000    -800.000     660.000 ZYY -1.233369e+00 -1.333772e+00  2.525886e-01
7.86973e-01    GZ14   38.841 -122.836    1300.000    -800.000     660.000 ZXX  3.908760e+00  1.297132e+00  2.050245e-01
7.86973e-01    GZ14   38.841 -122.836    1300.000    -800.000     660.000 ZXY  4.524920e+00  3.827900e+00  2.050245e-01
7.86973e-01    GZ14   38.841 -122.836    1300.000    -800.000     660.000 ZYX -6.621511e+00 -3.749218e+00  2.050245e-01
7.86973e-01    GZ14   38.841 -122.836    1300.000    -800.000     660.000 ZYY -1.009214e+00 -1.220129e+00  2.050245e-01
1.43038e+00    GZ14   38.841 -122.836    1300.000    -800.000     660.000 ZXX  3.820773e+00  1.377624e+00  1.754743e-01
1.43038e+00    GZ14   38.841 -122.836    1300.000    -800.000     660.000 ZXY  3.597974e+00  3.166704e+00  1.754743e-01
1.43038e+00    GZ14   38.841 -122.836    1300.000    -800.000     660.000 ZYX -5.902048e+00 -3.205154e+00  1.754743e-01
1.43038e+00    GZ14   38.841 -122.836    1300.000    -800.000     660.000 ZYY -5.811303e-01 -1.070458e+00  1.754743e-01
2.59984e+00    GZ14   38.841 -122.836    1300.000    -800.000     660.000 ZXX  3.208600e+00  1.670713e+00  1.464106e-01
2.59984e+00    GZ14   38.841 -122.836    1300.000    -800.000     660.000 ZXY  2.654525e+00  2.683822e+00  1.464106e-01
2.59984e+00    GZ14   38.841 -122.836    1300.000    -800.000     660.000 ZYX -4.953352e+00 -3.040126e+00  1.464106e-01
2.59984e+00    GZ14   38.841 -122.836    1300.000    -800.000     660.000 ZYY -6.809184e-02 -8.734034e-01  1.464106e-01
4.72540e+00    GZ14   38.841 -122.836    1300.000    -800.000     660.000 ZXX  2.464643e+00  1.843119e+00  1.135059e-01
4.72540e+00    GZ14   38.841 -122.836    1300.000    -800.000     660.000 ZXY  1.968055e+00  2.013124e+00  1.336290e-01
4.72540e+00    GZ14   38.841 -122.836    1300.000    -800.000     660.000 ZYX -3.749914e+00 -2.658958e+00  1.135059e-01
4.72540e+00    GZ14   38.841 -122.836    1300.000    -800.000     660.000 ZYY  1.953921e-01 -7.073188e-01  1.135059e-01
8.58879e+00    GZ14   38.841 -122.836    1300.000    -800.000     660.000 ZXX  1.849614e+00  1.527935e+00  9.992952e-02
8.58879e+00    GZ14   38.841 -122.836    1300.000    -800.000     660.000 ZXY  1.596521e+00  1.490382e+00  2.124070e-01
8.58879e+00    GZ14   38.841 -122.836    1300.000    -800.000     660.000 ZYX -2.916091e+00 -2.007636e+00  8.775871e-02
8.58879e+00    GZ14   38.841 -122.836    1300.000    -800.000     660.000 ZYY  3.257393e-01 -4.829789e-01  8.775871e-02
1.56108e+01    GZ14   38.841 -122.836    1300.000    -800.000     660.000 ZXX  1.337048e+00  1.055304e+00  7.786007e-02
1.56108e+01    GZ14   38.841 -122.836    1300.000    -800.000     660.000 ZXY  1.239201e+00  1.111703e+00  1.324405e-01
1.56108e+01    GZ14   38.841 -122.836    1300.000    -800.000     660.000 ZYX -2.400094e+00 -1.451672e+00  6.781028e-02
1.56108e+01    GZ14   38.841 -122.836    1300.000    -800.000     660.000 ZYY  2.465917e-01 -2.857590e-01  6.781028e-02
2.83738e+01    GZ14   38.841 -122.836    1300.000    -800.000     660.000 ZXX  1.020227e+00  8.488557e-01  1.053575e-01
2.83738e+01    GZ14   38.841 -122.836    1300.000    -800.000     660.000 ZYX -2.053827e+00 -1.027877e+00  6.167202e-02
2.83738e+01    GZ14   38.841 -122.836    1300.000    -800.000     660.000 ZYY  2.848812e-01 -4.024237e-01  8.354346e-02
5.15716e+01    GZ14   38.841 -122.836    1300.000    -800.000     660.000 ZYX -1.766146e+00 -7.232571e-01  6.094569e-02
5.15716e+01    GZ14   38.841 -122.836    1300.000    -800.000     660.000 ZYY  5.210153e-01 -2.179903e-01  1.403165e-01
9.37354e+01    GZ14   38.841 -122.836    1300.000    -800.000     660.000 ZYX -1.618573e+00 -3.170445e-01  1.395058e-01
9.37354e+01    GZ14   38.841 -122.836    1300.000    -800.000     660.000 ZYY  7.135332e-01  2.103812e-01  2.966855e-01
1.70371e+02    GZ14   38.841 -122.836    1300.000    -800.000     660.000 ZYX -1.310444e+00 -2.549266e-01  9.561766e-02
1.70371e+02    GZ14   38.841 -122.836    1300.000    -800.000     660.000 ZYY  2.461808e-01  1.602755e-01  3.948170e-01
3.09663e+02    GZ14   38.841 -122.836    1300.000    -800.000     660.000 ZYX -9.214276e-01 -2.669362e-01  7.861404e-02
3.09663e+02    GZ14   38.841 -122.836    1300.000    -800.000     660.000 ZYY  1.101740e-01  1.043567e-01  3.367197e-01
5.62837e+02    GZ14   38.841 -122.836    1300.000    -800.000     660.000 ZYX -7.197223e-01 -2.749588e-01  5.896560e-02
5.62837e+02    GZ14   38.841 -122.836    1300.000    -800.000     660.000 ZYY  2.247935e-01  2.699860e-02  1.289048e-01
1.02300e+03    GZ14   38.841 -122.836    1300.000    -800.000     660.000 ZYX -6.559389e-01 -2.847910e-01  1.160390e-02
1.02300e+03    GZ14   38.841 -122.836    1300.000    -800.000     660.000 ZYY  2.891269e-01 -1.642321e-02  1.325797e-02
3.63516e-03    GZ15   38.835 -122.833     500.000    -600.000     660.000 ZXX -2.331689e+01 -2.192264e+01  4.893867e+00
3.63516e-03    GZ15   38.835 -122.833     500.000    -600.000     660.000 ZXY  1.124294e+02  1.279743e+02  4.893867e+00
3.63516e-03    GZ15   38.835 -122.833     500.000    -600.000     660.000 ZYX -9.271261e+01 -1.257190e+02  4.893867e+00
3.63516e-03    GZ15   38.835 -122.833     500.000    -600.000     660.000 ZYY  5.520433e+00  2.891499e+01  4.893867e+00
6.60718e-03    GZ15   38.835 -122.833     500.000    -600.000     660.000 ZXX -1.807770e+01 -1.630986e+01  3.453377e+00
6.60718e-03    GZ15   38.835 -122.833     500.000    -600.000     660.000 ZXY  8.276637e+01  8.861082e+01  3.453377e+00
6.60718e-03    GZ15   38.835 -122.833     500.000    -600.000     660.000 ZYX -6.373647e+01 -8.870819e+01  3.453377e+00
6.60718e-03    GZ15   38.835 -122.833     500.000    -600.000     660.000 ZYY  1.185454e+01  1.524518e+01  3.453377e+00
1.20091e-02    GZ15   38.835 -122.833     500.000    -600.000     660.000 ZXX -1.362945e+01 -1.186615e+01  2.483719e+00
1.20091e-02    GZ15   38.835 -122.833     500.000    -600.000     660.000 ZXY  6.327448e+01  6.394974e+01  2.483719e+00
1.20091e-02    GZ15   38.835 -122.833     500.000    -600.000     660.000 ZYX -4.496777e+01 -6.146035e+01  2.483719e+00
1.20091e-02    GZ15   38.835 -122.833     500.000    -600.000     660.000 ZYY  9.524417e+00  1.087251e+01  2.483719e+00
2.18274e-02    GZ15   38.835 -122.833     500.000    -600.000     660.000 ZXX -1.040596e+01 -7.722523e+00  1.810326e+00
2.18274e-02    GZ15   38.835 -122.833     500.000    -600.000     660.000 ZXY  4.899592e+01  4.761840e+01  1.810326e+00
2.18274e-02    GZ15   38.835 -122.833     500.000    -600.000     660.000 ZYX -3.202229e+01 -4.258904e+01  1.810326e+00
2.18274e-02    GZ15   38.835 -122.833     500.000    -600.000     660.000 ZYY  7.447550e+00  8.286289e+00  1.810326e+00
3.96730e-02    GZ15   38.835 -122.833     500.000    -600.000     660.000 ZXX -8.194964e+00 -6.692467e+00  1.327070e+00
3.96730e-02    GZ15   38.835 -122.833     500.000    -600.000     660.000 ZXY  3.702473e+01  3.566067e+01  1.327070e+00
3.96730e-02    GZ15   38.835 -122.833     500.000    -600.000     660.000 ZYX -2.322637e+01 -3.012353e+01  1.327070e+00
3.96730e-02    GZ15   38.835 -122.833     500.000    -600.000     660.000 ZYY  5.226283e+00  6.300063e+00  1.327070e+00
7.21087e-02    GZ15   38.835 -122.833     500.000    -600.000     660.000 ZXX -6.168899e+00 -4.626196e+00  9.584541e-01
7.21087e-02    GZ15   38.835 -122.833     500.000    -600.000     660.000 ZXY  2.734091e+01  2.697530e+01  9.584541e-01
7.21087e-02    GZ15   38.835 -122.833     500.000    -600.000     660.000 ZYX -1.615428e+01 -2.106322e+01  9.584541e-01
7.21087e-02    GZ15   38.835 -122.833     500.000    -600.000     660.000 ZYY  3.171385e+00  4.551127e+00  9.584541e-01
1.31063e-01    GZ15   38.835 -122.833     500.000    -600.000     660.000 ZXX -5.214243e+00 -2.853521e+00  6.689874e-01
1.31063e-01    GZ15   38.835 -122.833     500.000    -600.000     660.000 ZXY  1.998041e+01  1.932955e+01  6.689874e-01
1.31063e-01    GZ15   38.835 -122.833     500.000    -600.000     660.000 ZYX -1.121729e+01 -1.385293e+01  6.689874e-01
1.31063e-01    GZ15   38.835 -122.833     500.000    -600.000     660.000 ZYY  2.053510e+00  2.597225e+00  6.689874e-01
2.38218e-01    GZ15   38.835 -122.833     500.000    -600.000     660.000 ZXX -5.012029e+00 -1.245219e+00  4.786367e-01
2.38218e-01    GZ15   38.835 -122.833     500.000    -600.000     660.000 ZXY  1.605190e+01  1.269123e+01  4.786367e-01
2.38218e-01    GZ15   38.835 -122.833     500.000    -600.000     660.000 ZYX -8.899150e+00 -8.545071e+00  4.786367e-01
2.38218e-01    GZ15   38.835 -122.833     500.000    -600.000     660.000 ZYY  1.948511e+00  1.173980e+00  4.786367e-01
4.32979e-01    GZ15   38.835 -122.833     500.000    -600.000     660.000 ZXX -5.062183e+00 -6.632086e-01  3.742741e-01
4.32979e-01    GZ15   38.835 -122.833     500.000    -600.000     660.000 ZXY  1.348945e+01  8.053935e+00  3.742741e-01
4.32979e-01    GZ15   38.835 -122.833     500.000    -600.000     660.000 ZYX -7.832150e+00 -5.849282e+00  3.742741e-01
4.32979e-01    GZ15   38.835 -122.833     500.000    -600.000     660.000 ZYY  2.205103e+00  3.319018e-01  3.742741e-01
7.86973e-01    GZ15   38.835 -122.833     500.000    -600.000     660.000 ZXX -5.181153e+00 -3.394814e-01  3.123407e-01
7.86973e-01    GZ15   38.835 -122.833     500.000    -600.000     660.000 ZXY  1.150998e+01  6.079567e+00  3.123407e-01
7.86973e-01    GZ15   38.835 -122.833     500.000    -600.000     660.000 ZYX -6.801304e+00 -4.503305e+00  3.123407e-01
7.86973e-01    GZ15   38.835 -122.833     500.000    -600.000     660.000 ZYY  2.201858e+00  2.383869e-01  3.123407e-01
1.43038e+00    GZ15   38.835 -122.833     500.000    -600.000     660.000 ZXX -5.368243e+00 -4.804064e-01  2.650802e-01
1.43038e+00    GZ15   38.835 -122.833     500.000    -600.000     660.000 ZXY  9.936198e+00  5.055228e+00  2.650802e-01
1.43038e+00    GZ15   38.835 -122.833     500.000    -600.000     660.000 ZYX -5.629183e+00 -3.786003e+00  2.650802e-01
1.43038e+00    GZ15   38.835 -122.833     500.000    -600.000     660.000 ZYY  2.242263e+00  2.949525e-01  2.650802e-01
2.59984e+00    GZ15   38.835 -122.833     500.000    -600.000     660.000 ZXX -5.239670e+00 -9.865837e-01  2.201296e-01
2.59984e+00    GZ15   38.835 -122.833     500.000    -600.000     660.000 ZXY  8.324150e+00  4.490859e+00  2.201296e-01
2.59984e+00    GZ15   38.835 -122.833     500.000    -600.000     660.000 ZYX -4.402610e+00 -3.210382e+00  2.201296e-01
2.59984e+00    GZ15   38.835 -122.833     500.000    -600.000     660.000 ZYY  2.247595e+00  4.663389e-01  2.201296e-01
4.72540e+00    GZ15   38.835 -122.833     500.000    -600.000     660.000 ZXX -4.561914e+00 -1.333979e+00  1.723702e-01
4.72540e+00    GZ15   38.835 -122.833     500.000    -600.000     660.000 ZXY  6.640593e+00  3.462458e+00  1.723702e-01
4.72540e+00    GZ15   38.835 -122.833     500.000    -600.000     660.000 ZYX -3.296363e+00 -2.508534e+00  1.723702e-01
4.72540e+00    GZ15   38.835 -122.833     500.000    -600.000     660.000 ZYY  1.892331e+00  3.849509e-01  1.723702e-01
8.58879e+00    GZ15   38.835 -122.833     500.000    -600.000     660.000 ZXX -3.988017e+00 -9.107218e-01  1.335139e-01
8.58879e+00    GZ15   38.835 -122.833     500.000    -600.000     660.000 ZXY  5.383574e+00  2.567954e+00  1.335139e-01
8.58879e+00    GZ15   38.835 -122.833     500.000    -600.000     660.000 ZYX -2.689371e+00 -1.572208e+00  1.335139e-01
8.58879e+00    GZ15   38.835 -122.833     500.000    -600.000     660.000 ZYY  1.869848e+00  1.603619e-01  1.335139e-01
1.56108e+01    GZ15   38.835 -122.833     500.000    -600.000     660.000 ZXX -3.767294e+00 -6.011518e-01  1.152687e-01
1.56108e+01    GZ15   38.835 -122.833     500.000    -600.000     660.000 ZXY  4.685982e+00  2.070328e+00  1.260045e-01
1.56108e+01    GZ15   38.835 -122.833     500.000    -600.000     660.000 ZYX -2.454304e+00 -1.086190e+00  1.152687e-01
1.56108e+01    GZ15   38.835 -122.833     500.000    -600.000     660.000 ZYY  1.772805e+00  3.197522e-01  1.152687e-01
2.83738e+01    GZ15   38.835 -122.833     500.000    -600.000     660.000 ZXX -3.679474e+00 -5.615601e-01  1.069888e-01
2.83738e+01    GZ15   38.835 -122.833     500.000    -600.000     660.000 ZXY  3.849883e+00  1.823848e+00  1.065132e-01
2.83738e+01    GZ15   38.835 -122.833     500.000    -600.000     660.000 ZYX -2.042201e+00 -7.933443e-01  9.707998e-02
2.83738e+01    GZ15   38.835 -122.833     500.000    -600.000     660.000 ZYY  1.560302e+00  2.961210e-01  9.707998e-02
5.15716e+01    GZ15   38.835 -122.833     500.000    -600.000     660.000 ZXX -3.503553e+00 -5.172194e-01  1.074033e-01
5.15716e+01    GZ15   38.835 -122.833     500.000    -600.000     660.000 ZXY  3.603894e+00  1.625927e+00  1.415792e-01
5.15716e+01    GZ15   38.835 -122.833     500.000    -600.000     660.000 ZYX -1.908026e+00 -5.671088e-01  8.971831e-02
5.15716e+01    GZ15   38.835 -122.833     500.000    -600.000     660.000 ZYY  1.441907e+00  2.808297e-01  8.971831e-02
9.37354e+01    GZ15   38.835 -122.833     500.000    -600.000     660.000 ZXX -3.339713e+00 -3.797121e-01  1.193628e-01
9.37354e+01    GZ15   38.835 -122.833     500.000    -600.000     660.000 ZXY  3.472717e+00  1.467798e+00  1.686050e-01
9.37354e+01    GZ15   38.835 -122.833     500.000    -600.000     660.000 ZYX -1.721889e+00 -3.784621e-01  8.319160e-02
9.37354e+01    GZ15   38.835 -122.833     500.000    -600.000     660.000 ZYY  1.262196e+00  3.816438e-01  8.319160e-02
1.70371e+02    GZ15   38.835 -122.833     500.000    -600.000     660.000 ZXX -3.019416e+00 -4.721681e-01  1.219212e-01
1.70371e+02    GZ15   38.835 -122.833     500.000    -600.000     660.000 ZXY  2.610507e+00  1.054183e+00  1.530906e-01
1.70371e+02    GZ15   38.835 -122.833     500.000    -600.000     660.000 ZYX -1.572279e+00 -3.219787e-01  7.125524e-02
1.70371e+02    GZ15   38.835 -122.833     500.000    -600.000     660.000 ZYY  9.061694e-01  2.366746e-01  7.125524e-02
3.09663e+02    GZ15   38.835 -122.833     500.000    -600.000     660.000 ZXX -2.312430e+00 -4.973546e-01  1.012592e-01
3.09663e+02    GZ15   38.835 -122.833     500.000    -600.000     660.000 ZXY  2.197923e+00  8.725756e-01  1.193523e-01
3.09663e+02    GZ15   38.835 -122.833     500.000    -600.000     660.000 ZYX -1.186372e+00 -3.457060e-01  5.633017e-02
3.09663e+02    GZ15   38.835 -122.833     500.000    -600.000     660.000 ZYY  7.728427e-01  2.480715e-01  5.633017e-02
5.62837e+02    GZ15   38.835 -122.833     500.000    -600.000     660.000 ZXX -1.942200e+00 -4.530782e-01  5.641420e-02
5.62837e+02    GZ15   38.835 -122.833     500.000    -600.000     660.000 ZXY  1.749434e+00  7.542383e-01  6.711471e-02
5.62837e+02    GZ15   38.835 -122.833     500.000    -600.000     660.000 ZYX -9.695669e-01 -3.039237e-01  4.623027e-02
5.62837e+02    GZ15   38.835 -122.833     500.000    -600.000     660.000 ZYY  6.354591e-01  2.099838e-01  4.623027e-02
1.02300e+03    GZ15   38.835 -122.833     500.000    -600.000     660.000 ZXX -1.644811e+00 -4.930156e-01  3.843916e-02
1.02300e+03    GZ15   38.835 -122.833     500.000    -600.000     660.000 ZXY  1.306549e+00  6.328958e-01  7.376247e-02
1.02300e+03    GZ15   38.835 -122.833     500.000    -600.000     660.000 ZYX -8.412102e-01 -2.512306e-01  3.843916e-02
1.02300e+03    GZ15   38.835 -122.833     500.000    -600.000     660.000 ZYY  4.842372e-01  1.439050e-01  3.843916e-02
2.00000e-03    GZ16   38.828 -122.833    -302.000    -400.000     570.000 ZXX -2.642830e+01 -1.000159e+01  8.592652e+00
2.00000e-03    GZ16   38.828 -122.833    -302.000    -400.000     570.000 ZXY  1.862751e+02  1.970672e+02  8.592652e+00
2.00000e-03    GZ16   38.828 -122.833    -302.000    -400.000     570.000 ZYX -2.221618e+02 -2.052673e+02  8.592652e+00
2.00000e-03    GZ16   38.828 -122.833    -302.000    -400.000     570.000 ZYY  2.864069e+01  2.186714e+01  8.592652e+00
3.63516e-03    GZ16   38.828 -122.833    -302.000    -400.000     570.000 ZXX -1.392715e+01 -1.702558e+01  5.598937e+00
3.63516e-03    GZ16   38.828 -122.833    -302.000    -400.000     570.000 ZXY  1.178907e+02  1.408731e+02  5.598937e+00
3.63516e-03    GZ16   38.828 -122.833    -302.000    -400.000     570.000 ZYX -1.216076e+02 -1.454451e+02  5.598937e+00
3.63516e-03    GZ16   38.828 -122.833    -302.000    -400.000     570.000 ZYY  1.757639e+01  2.008769e+01  5.598937e+00
6.60718e-03    GZ16   38.828 -122.833    -302.000    -400.000     570.000 ZXX -6.247344e+00 -1.104992e+01  4.049488e+00
6.60718e-03    GZ16   38.828 -122.833    -302.000    -400.000     570.000 ZXY  8.165995e+01  1.084213e+02  4.049488e+00
6.60718e-03    GZ16   38.828 -122.833    -302.000    -400.000     570.000 ZYX -7.923927e+01 -1.083531e+02  4.049488e+00
6.60718e-03    GZ16   38.828 -122.833    -302.000    -400.000     570.000 ZYY  7.943666e+00  1.077612e+01  4.049488e+00
1.20091e-02    GZ16   38.828 -122.833    -302.000    -400.000     570.000 ZXX -2.755156e+00 -7.621998e+00  2.768836e+00
1.20091e-02    GZ16   38.828 -122.833    -302.000    -400.000     570.000 ZXY  5.299703e+01  7.386508e+01  2.768836e+00
1.20091e-02    GZ16   38.828 -122.833    -302.000    -400.000     570.000 ZYX -5.350978e+01 -7.691532e+01  2.768836e+00
1.20091e-02    GZ16   38.828 -122.833    -302.000    -400.000     570.000 ZYY  4.066868e+00  6.058697e+00  2.768836e+00
2.18274e-02    GZ16   38.828 -122.833    -302.000    -400.000     570.000 ZXX -4.935398e-01 -5.371229e+00  1.933065e+00
2.18274e-02    GZ16   38.828 -122.833    -302.000    -400.000     570.000 ZXY  3.598567e+01  5.166294e+01  1.933065e+00
2.18274e-02    GZ16   38.828 -122.833    -302.000    -400.000     570.000 ZYX -3.654493e+01 -5.489066e+01  1.933065e+00
2.18274e-02    GZ16   38.828 -122.833    -302.000    -400.000     570.000 ZYY  2.087663e+00  4.250728e+00  1.933065e+00
3.96730e-02    GZ16   38.828 -122.833    -302.000    -400.000     570.000 ZXX  8.852371e-01 -2.790474e+00  1.350462e+00
3.96730e-02    GZ16   38.828 -122.833    -302.000    -400.000     570.000 ZXY  2.520183e+01  3.757082e+01  1.350462e+00
3.96730e-02    GZ16   38.828 -122.833    -302.000    -400.000     570.000 ZYX -2.329078e+01 -3.825982e+01  1.350462e+00
3.96730e-02    GZ16   38.828 -122.833    -302.000    -400.000     570.000 ZYY  8.957693e-01  2.844308e+00  1.350462e+00
7.21087e-02    GZ16   38.828 -122.833    -302.000    -400.000     570.000 ZXX  1.140524e+00 -1.156192e+00  8.929318e-01
7.21087e-02    GZ16   38.828 -122.833    -302.000    -400.000     570.000 ZXY  1.627852e+01  2.592323e+01  8.929318e-01
7.21087e-02    GZ16   38.828 -122.833    -302.000    -400.000     570.000 ZYX -1.455131e+01 -2.501699e+01  8.929318e-01
7.21087e-02    GZ16   38.828 -122.833    -302.000    -400.000     570.000 ZYY  2.977985e-01  1.344092e+00  8.929318e-01
1.31063e-01    GZ16   38.828 -122.833    -302.000    -400.000     570.000 ZXX  8.664052e-01 -1.930785e-01  5.725654e-01
1.31063e-01    GZ16   38.828 -122.833    -302.000    -400.000     570.000 ZXY  1.094975e+01  1.667803e+01  5.725654e-01
1.31063e-01    GZ16   38.828 -122.833    -302.000    -400.000     570.000 ZYX -1.003543e+01 -1.524945e+01  5.725654e-01
1.31063e-01    GZ16   38.828 -122.833    -302.000    -400.000     570.000 ZYY  4.126066e-01  2.556718e-01  5.725654e-01
2.38218e-01    GZ16   38.828 -122.833    -302.000    -400.000     570.000 ZXX  4.405849e-01  2.129300e-01  3.821747e-01
2.38218e-01    GZ16   38.828 -122.833    -302.000    -400.000     570.000 ZXY  8.426939e+00  1.030672e+01  3.821747e-01
2.38218e-01    GZ16   38.828 -122.833    -302.000    -400.000     570.000 ZYX -8.319537e+00 -8.902668e+00  3.821747e-01
2.38218e-01    GZ16   38.828 -122.833    -302.000    -400.000     570.000 ZYY  9.948098e-01 -1.178181e-01  3.821747e-01
4.32979e-01    GZ16   38.828 -122.833    -302.000    -400.000     570.000 ZXX  2.195414e-01  2.951480e-01  2.895345e-01
4.32979e-01    GZ16   38.828 -122.833    -302.000    -400.000     570.000 ZXY  7.089631e+00  6.577251e+00  2.895345e-01
4.32979e-01    GZ16   38.828 -122.833    -302.000    -400.000     570.000 ZYX -7.716767e+00 -5.727143e+00  2.895345e-01
4.32979e-01    GZ16   38.828 -122.833    -302.000    -400.000     570.000 ZYY  1.235885e+00 -3.546550e-01  2.895345e-01
7.86973e-01    GZ16   38.828 -122.833    -302.000    -400.000     570.000 ZXX  5.849090e-02  4.125567e-01  2.376407e-01
7.86973e-01    GZ16   38.828 -122.833    -302.000    -400.000     570.000 ZXY  6.002763e+00  4.672761e+00  2.376407e-01
7.86973e-01    GZ16   38.828 -122.833    -302.000    -400.000     570.000 ZYX -7.015464e+00 -4.265129e+00  2.376407e-01
7.86973e-01    GZ16   38.828 -122.833    -302.000    -400.000     570.000 ZYY  1.462825e+00 -3.183373e-01  2.376407e-01
1.43038e+00    GZ16   38.828 -122.833    -302.000    -400.000     570.000 ZXX -2.198073e-01  5.599525e-01  1.994010e-01
1.43038e+00    GZ16   38.828 -122.833    -302.000    -400.000     570.000 ZXY  4.992693e+00  3.633439e+00  1.994010e-01
1.43038e+00    GZ16   38.828 -122.833    -302.000    -400.000     570.000 ZYX -6.056069e+00 -3.715527e+00  1.994010e-01
1.43038e+00    GZ16   38.828 -122.833    -302.000    -400.000     570.000 ZYY  1.702946e+00 -1.352092e-01  1.994010e-01
2.59984e+00    GZ16   38.828 -122.833    -302.000    -400.000     570.000 ZXX -5.741266e-01  4.562468e-01  1.656588e-01
2.59984e+00    GZ16   38.828 -122.833    -302.000    -400.000     570.000 ZXY  4.213013e+00  2.940945e+00  1.656588e-01
2.59984e+00    GZ16   38.828 -122.833    -302.000    -400.000     570.000 ZYX -4.811746e+00 -3.390906e+00  1.656588e-01
2.59984e+00    GZ16   38.828 -122.833    -302.000    -400.000     570.000 ZYY  1.727584e+00  3.741728e-02  1.656588e-01
4.72540e+00    GZ16   38.828 -122.833    -302.000    -400.000     570.000 ZXX -7.772414e-01  2.455238e-01  1.263288e-01
4.72540e+00    GZ16   38.828 -122.833    -302.000    -400.000     570.000 ZXY  3.292527e+00  2.248472e+00  1.263288e-01
4.72540e+00    GZ16   38.828 -122.833    -302.000    -400.000     570.000 ZYX -3.542672e+00 -2.642884e+00  1.263288e-01
4.72540e+00    GZ16   38.828 -122.833    -302.000    -400.000     570.000 ZYY  1.477571e+00  5.094795e-02  1.263288e-01
8.58879e+00    GZ16   38.828 -122.833    -302.000    -400.000     570.000 ZXX -8.305074e-01  1.297881e-01  9.183320e-02
8.58879e+00    GZ16   38.828 -122.833    -302.000    -400.000     570.000 ZXY  2.526877e+00  1.552569e+00  9.183320e-02
8.58879e+00    GZ16   38.828 -122.833    -302.000    -400.000     570.000 ZYX -2.615684e+00 -1.744192e+00  9.183320e-02
8.58879e+00    GZ16   38.828 -122.833    -302.000    -400.000     570.000 ZYY  1.267334e+00  1.045023e-01  9.183320e-02
1.56108e+01    GZ16   38.828 -122.833    -302.000    -400.000     570.000 ZXX -9.292434e-01  2.474551e-01  7.269605e-02
1.56108e+01    GZ16   38.828 -122.833    -302.000    -400.000     570.000 ZXY  2.100893e+00  1.163485e+00  7.269605e-02
1.56108e+01    GZ16   38.828 -122.833    -302.000    -400.000     570.000 ZYX -2.101483e+00 -1.240485e+00  7.269605e-02
1.56108e+01    GZ16   38.828 -122.833    -302.000    -400.000     570.000 ZYY  1.159506e+00  1.921862e-01  7.269605e-02
2.83738e+01    GZ16   38.828 -122.833    -302.000    -400.000     570.000 ZXX -8.975127e-01  1.335078e-01  6.236538e-02
2.83738e+01    GZ16   38.828 -122.833    -302.000    -400.000     570.000 ZXY  1.866524e+00  9.494187e-01  6.236538e-02
2.83738e+01    GZ16   38.828 -122.833    -302.000    -400.000     570.000 ZYX -1.818577e+00 -9.633543e-01  6.236538e-02
2.83738e+01    GZ16   38.828 -122.833    -302.000    -400.000     570.000 ZYY  1.100180e+00  2.404285e-01  6.236538e-02
5.15716e+01    GZ16   38.828 -122.833    -302.000    -400.000     570.000 ZXX -8.231462e-01  5.762028e-02  5.188303e-02
5.15716e+01    GZ16   38.828 -122.833    -302.000    -400.000     570.000 ZXY  1.583327e+00  7.945462e-01  5.188303e-02
5.15716e+01    GZ16   38.828 -122.833    -302.000    -400.000     570.000 ZYX -1.544016e+00 -6.588255e-01  5.188303e-02
5.15716e+01    GZ16   38.828 -122.833    -302.000    -400.000     570.000 ZYY  1.053358e+00  2.676023e-01  5.188303e-02
9.37354e+01    GZ16   38.828 -122.833    -302.000    -400.000     570.000 ZXX -8.934691e-01 -1.999127e-02  4.673700e-02
9.37354e+01    GZ16   38.828 -122.833    -302.000    -400.000     570.000 ZXY  1.412963e+00  6.307765e-01  4.673700e-02
9.37354e+01    GZ16   38.828 -122.833    -302.000    -400.000     570.000 ZYX -1.490364e+00 -4.802915e-01  4.673700e-02
9.37354e+01    GZ16   38.828 -122.833    -302.000    -400.000     570.000 ZYY  9.874182e-01  2.637965e-01  4.673700e-02
1.70371e+02    GZ16   38.828 -122.833    -302.000    -400.000     570.000 ZXX -8.208137e-01 -6.893084e-02  4.742209e-02
1.70371e+02    GZ16   38.828 -122.833    -302.000    -400.000     570.000 ZXY  1.181139e+00  4.883085e-01  6.254658e-02
1.70371e+02    GZ16   38.828 -122.833    -302.000    -400.000     570.000 ZYX -1.441636e+00 -3.280481e-01  5.341308e-02
1.70371e+02    GZ16   38.828 -122.833    -302.000    -400.000     570.000 ZYY  8.876328e-01  1.563943e-01  7.542067e-02
3.09663e+02    GZ16   38.828 -122.833    -302.000    -400.000     570.000 ZXX -7.207740e-01 -1.162362e-01  3.661464e-02
3.09663e+02    GZ16   38.828 -122.833    -302.000    -400.000     570.000 ZXY  9.491018e-01  4.076268e-01  4.165248e-02
3.09663e+02    GZ16   38.828 -122.833    -302.000    -400.000     570.000 ZYX -1.166235e+00 -2.884936e-01  4.631574e-02
3.09663e+02    GZ16   38.828 -122.833    -302.000    -400.000     570.000 ZYY  6.642559e-01  2.402289e-01  5.520543e-02
5.62837e+02    GZ16   38.828 -122.833    -302.000    -400.000     570.000 ZXX -6.423531e-01 -1.355840e-01  3.463525e-02
5.62837e+02    GZ16   38.828 -122.833    -302.000    -400.000     570.000 ZXY  7.522444e-01  4.046887e-01  5.071661e-02
5.62837e+02    GZ16   38.828 -122.833    -302.000    -400.000     570.000 ZYX -9.362424e-01 -3.581388e-01  2.781092e-02
5.62837e+02    GZ16   38.828 -122.833    -302.000    -400.000     570.000 ZYY  5.248284e-01  1.447630e-01  3.355578e-02
1.02300e+03    GZ16   38.828 -122.833    -302.000    -400.000     570.000 ZXX -5.560725e-01 -1.398802e-01  2.264683e-02
1.02300e+03    GZ16   38.828 -122.833    -302.000    -400.000     570.000 ZXY  5.924964e-01  2.956061e-01  3.522656e-02
1.02300e+03    GZ16   38.828 -122.833    -302.000    -400.000     570.000 ZYX -7.978065e-01 -3.178732e-01  2.264683e-02
1.02300e+03    GZ16   38.828 -122.833    -302.000    -400.000     570.000 ZYY  4.768389e-01  1.621686e-01  3.121907e-02
2.00000e-03    GZ17   38.826 -122.850    -502.000   -2000.000     420.000 ZXX -3.868547e+01 -7.008728e+00  8.033718e+00
2.00000e-03    GZ17   38.826 -122.850    -502.000   -2000.000     420.000 ZXY  2.314901e+02  2.755241e+02  8.033718e+00
2.00000e-03    GZ17   38.826 -122.850    -502.000   -2000.000     420.000 ZYX -1.887936e+02 -6.355745e+01  8.033718e+00
2.00000e-03    GZ17   38.826 -122.850    -502.000   -2000.000     420.000 ZYY  3.810813e+01  3.142256e+01  8.033718e+00
3.63516e-03    GZ17   38.826 -122.850    -502.000   -2000.000     420.000 ZXX -3.174762e+01 -1.165532e+01  6.529513e+00
3.63516e-03    GZ17   38.826 -122.850    -502.000   -2000.000     420.000 ZXY  1.466185e+02  2.096903e+02  6.529513e+00
3.63516e-03    GZ17   38.826 -122.850    -502.000   -2000.000     420.000 ZYX -1.525677e+02 -1.048727e+02  6.529513e+00
3.63516e-03    GZ17   38.826 -122.850    -502.000   -2000.000     420.000 ZYY  3.020695e+01  7.094717e+00  6.529513e+00
6.60718e-03    GZ17   38.826 -122.850    -502.000   -2000.000     420.000 ZXX -2.368322e+01 -1.140436e+01  4.902316e+00
6.60718e-03    GZ17   38.826 -122.850    -502.000   -2000.000     420.000 ZXY  9.121924e+01  1.563522e+02  4.902316e+00
6.60718e-03    GZ17   38.826 -122.850    -502.000   -2000.000     420.000 ZYX -1.047244e+02 -1.038593e+02  4.902316e+00
6.60718e-03    GZ17   38.826 -122.850    -502.000   -2000.000     420.000 ZYY  1.967510e+01  9.958717e+00  4.902316e+00
1.20091e-02    GZ17   38.826 -122.850    -502.000   -2000.000     420.000 ZXX -1.759426e+01 -1.161696e+01  3.432858e+00
1.20091e-02    GZ17   38.826 -122.850    -502.000   -2000.000     420.000 ZXY  5.728754e+01  1.075643e+02  3.432858e+00
1.20091e-02    GZ17   38.826 -122.850    -502.000   -2000.000     420.000 ZYX -6.735088e+01 -8.367625e+01  3.432858e+00
1.20091e-02    GZ17   38.826 -122.850    -502.000   -2000.000     420.000 ZYY  1.386361e+01  1.044738e+01  3.432858e+00
2.18274e-02    GZ17   38.826 -122.850    -502.000   -2000.000     420.000 ZXX -1.238827e+01 -1.098752e+01  2.337967e+00
2.18274e-02    GZ17   38.826 -122.850    -502.000   -2000.000     420.000 ZXY  3.508761e+01  7.281416e+01  2.337967e+00
2.18274e-02    GZ17   38.826 -122.850    -502.000   -2000.000     420.000 ZYX -4.164645e+01 -6.250957e+01  2.337967e+00
2.18274e-02    GZ17   38.826 -122.850    -502.000   -2000.000     420.000 ZYY  9.314833e+00  9.803901e+00  2.337967e+00
3.96730e-02    GZ17   38.826 -122.850    -502.000   -2000.000     420.000 ZXX -7.612023e+00 -9.364078e+00  1.535983e+00
3.96730e-02    GZ17   38.826 -122.850    -502.000   -2000.000     420.000 ZXY  1.979173e+01  4.837449e+01  1.535983e+00
3.96730e-02    GZ17   38.826 -122.850    -502.000   -2000.000     420.000 ZYX -2.412817e+01 -4.393683e+01  1.535983e+00
3.96730e-02    GZ17   38.826 -122.850    -502.000   -2000.000     420.000 ZYY  5.109756e+00  8.184369e+00  1.535983e+00
7.21087e-02    GZ17   38.826 -122.850    -502.000   -2000.000     420.000 ZXX -4.370021e+00 -6.797026e+00  9.683754e-01
7.21087e-02    GZ17   38.826 -122.850    -502.000   -2000.000     420.000 ZXY  1.077539e+01  3.067591e+01  9.683754e-01
7.21087e-02    GZ17   38.826 -122.850    -502.000   -2000.000     420.000 ZYX -1.359681e+01 -2.898693e+01  9.683754e-01
7.21087e-02    GZ17   38.826 -122.850    -502.000   -2000.000     420.000 ZYY  2.495976e+00  5.599999e+00  9.683754e-01
1.31063e-01    GZ17   38.826 -122.850    -502.000   -2000.000     420.000 ZXX -2.370173e+00 -4.496567e+00  5.903944e-01
1.31063e-01    GZ17   38.826 -122.850    -502.000   -2000.000     420.000 ZXY  5.998452e+00  1.871160e+01  5.903944e-01
1.31063e-01    GZ17   38.826 -122.850    -502.000   -2000.000     420.000 ZYX -7.806836e+00 -1.807263e+01  5.903944e-01
1.31063e-01    GZ17   38.826 -122.850    -502.000   -2000.000     420.000 ZYY  1.071522e+00  3.569407e+00  5.903944e-01
2.38218e-01    GZ17   38.826 -122.850    -502.000   -2000.000     420.000 ZXX -1.494592e+00 -2.695664e+00  3.480851e-01
2.38218e-01    GZ17   38.826 -122.850    -502.000   -2000.000     420.000 ZXY  3.956909e+00  1.079206e+01  3.480851e-01
2.38218e-01    GZ17   38.826 -122.850    -502.000   -2000.000     420.000 ZYX -5.234153e+00 -1.046344e+01  3.480851e-01
2.38218e-01    GZ17   38.826 -122.850    -502.000   -2000.000     420.000 ZYY  4.482363e-01  2.279846e+00  3.480851e-01
4.32979e-01    GZ17   38.826 -122.850    -502.000   -2000.000     420.000 ZXX -1.101002e+00 -1.583372e+00  2.218717e-01
4.32979e-01    GZ17   38.826 -122.850    -502.000   -2000.000     420.000 ZXY  3.134821e+00  6.370976e+00  2.218717e-01
4.32979e-01    GZ17   38.826 -122.850    -502.000   -2000.000     420.000 ZYX -4.232811e+00 -6.411442e+00  2.218717e-01
4.32979e-01    GZ17   38.826 -122.850    -502.000   -2000.000     420.000 ZYY  5.610001e-01  1.019280e+00  2.218717e-01
7.86973e-01    GZ17   38.826 -122.850    -502.000   -2000.000     420.000 ZXX -1.019540e+00 -8.426097e-01  1.514944e-01
7.86973e-01    GZ17   38.826 -122.850    -502.000   -2000.000     420.000 ZXY  2.692204e+00  3.836112e+00  1.514944e-01
7.86973e-01    GZ17   38.826 -122.850    -502.000   -2000.000     420.000 ZYX -3.713582e+00 -3.952909e+00  1.514944e-01
7.86973e-01    GZ17   38.826 -122.850    -502.000   -2000.000     420.000 ZYY  5.739377e-01  4.808799e-01  1.514944e-01
1.43038e+00    GZ17   38.826 -122.850    -502.000   -2000.000     420.000 ZXX -1.024930e+00 -4.731002e-01  1.150238e-01
1.43038e+00    GZ17   38.826 -122.850    -502.000   -2000.000     420.000 ZXY  2.389921e+00  2.455899e+00  1.150238e-01
1.43038e+00    GZ17   38.826 -122.850    -502.000   -2000.000     420.000 ZYX -3.271893e+00 -2.754602e+00  1.150238e-01
1.43038e+00    GZ17   38.826 -122.850    -502.000   -2000.000     420.000 ZYY  6.735318e-01  2.250117e-01  1.150238e-01
2.59984e+00    GZ17   38.826 -122.850    -502.000   -2000.000     420.000 ZXX -1.066933e+00 -3.463274e-01  9.259579e-02
2.59984e+00    GZ17   38.826 -122.850    -502.000   -2000.000     420.000 ZXY  2.045147e+00  1.776571e+00  9.259579e-02
2.59984e+00    GZ17   38.826 -122.850    -502.000   -2000.000     420.000 ZYX -2.742180e+00 -2.183785e+00  9.259579e-02
2.59984e+00    GZ17   38.826 -122.850    -502.000   -2000.000     420.000 ZYY  7.671128e-01  1.054584e-01  9.259579e-02
4.72540e+00    GZ17   38.826 -122.850    -502.000   -2000.000     420.000 ZXX -9.885086e-01 -3.434287e-01  7.077180e-02
4.72540e+00    GZ17   38.826 -122.850    -502.000   -2000.000     420.000 ZXY  1.612050e+00  1.224032e+00  7.077180e-02
4.72540e+00    GZ17   38.826 -122.850    -502.000   -2000.000     420.000 ZYX -2.131275e+00 -1.715285e+00  7.077180e-02
4.72540e+00    GZ17   38.826 -122.850    -502.000   -2000.000     420.000 ZYY  7.108638e-01  6.436753e-02  7.077180e-02
8.58879e+00    GZ17   38.826 -122.850    -502.000   -2000.000     420.000 ZXX -8.823418e-01 -2.313323e-01  5.250816e-02
8.58879e+00    GZ17   38.826 -122.850    -502.000   -2000.000     420.000 ZXY  1.309881e+00  8.341766e-01  5.250816e-02
8.58879e+00    GZ17   38.826 -122.850    -502.000   -2000.000     420.000 ZYX -1.595720e+00 -1.150129e+00  5.250816e-02
8.58879e+00    GZ17   38.826 -122.850    -502.000   -2000.000     420.000 ZYY  7.212626e-01 -6.924300e-02  5.250816e-02
1.56108e+01    GZ17   38.826 -122.850    -502.000   -2000.000     420.000 ZXX -8.719855e-01 -1.532139e-01  4.193567e-02
1.56108e+01    GZ17   38.826 -122.850    -502.000   -2000.000     420.000 ZXY  1.142608e+00  6.181430e-01  4.193567e-02
1.56108e+01    GZ17   38.826 -122.850    -502.000   -2000.000     420.000 ZYX -1.265295e+00 -8.027381e-01  4.193567e-02
1.56108e+01    GZ17   38.826 -122.850    -502.000   -2000.000     420.000 ZYY  7.132299e-01 -2.603376e-02  4.193567e-02
2.83738e+01    GZ17   38.826 -122.850    -502.000   -2000.000     420.000 ZXX -7.284471e-01 -1.206931e-01  3.610972e-02
2.83738e+01    GZ17   38.826 -122.850    -502.000   -2000.000     420.000 ZXY  1.050577e+00  4.992850e-01  3.610972e-02
2.83738e+01    GZ17   38.826 -122.850    -502.000   -2000.000     420.000 ZYX -1.083501e+00 -6.116093e-01  3.610972e-02
2.83738e+01    GZ17   38.826 -122.850    -502.000   -2000.000     420.000 ZYY  6.579898e-01  4.526142e-02  3.610972e-02
5.15716e+01    GZ17   38.826 -122.850    -502.000   -2000.000     420.000 ZXX -6.743803e-01 -6.871669e-02  3.081409e-02
5.15716e+01    GZ17   38.826 -122.850    -502.000   -2000.000     420.000 ZXY  9.543256e-01  4.163862e-01  3.081409e-02
5.15716e+01    GZ17   38.826 -122.850    -502.000   -2000.000     420.000 ZYX -9.281478e-01 -4.040116e-01  3.081409e-02
5.15716e+01    GZ17   38.826 -122.850    -502.000   -2000.000     420.000 ZYY  6.032509e-01  1.129317e-01  3.372014e-02
9.37354e+01    GZ17   38.826 -122.850    -502.000   -2000.000     420.000 ZXX -7.348424e-01 -6.255889e-02  2.845225e-02
9.37354e+01    GZ17   38.826 -122.850    -502.000   -2000.000     420.000 ZXY  8.746975e-01  3.197062e-01  2.845225e-02
9.37354e+01    GZ17   38.826 -122.850    -502.000   -2000.000     420.000 ZYX -9.216633e-01 -2.670588e-01  2.845225e-02
9.37354e+01    GZ17   38.826 -122.850    -502.000   -2000.000     420.000 ZYY  5.720830e-01  1.210805e-01  3.849987e-02
1.70371e+02    GZ17   38.826 -122.850    -502.000   -2000.000     420.000 ZXX -6.843507e-01 -3.247628e-02  2.594604e-02
1.70371e+02    GZ17   38.826 -122.850    -502.000   -2000.000     420.000 ZXY  7.995558e-01  2.347003e-01  2.872175e-02
1.70371e+02    GZ17   38.826 -122.850    -502.000   -2000.000     420.000 ZYX -8.709823e-01 -1.725026e-01  3.685782e-02
1.70371e+02    GZ17   38.826 -122.850    -502.000   -2000.000     420.000 ZYY  5.045307e-01  2.006837e-02  5.508128e-02
3.09663e+02    GZ17   38.826 -122.850    -502.000   -2000.000     420.000 ZXX -5.994192e-01 -6.014027e-02  2.763775e-02
3.09663e+02    GZ17   38.826 -122.850    -502.000   -2000.000     420.000 ZXY  6.325525e-01  2.082935e-01  3.427747e-02
3.09663e+02    GZ17   38.826 -122.850    -502.000   -2000.000     420.000 ZYX -7.059163e-01 -1.686779e-01  4.523671e-02
3.09663e+02    GZ17   38.826 -122.850    -502.000   -2000.000     420.000 ZYY  4.560289e-01  3.547399e-02  5.533816e-02
2.00000e-03    GZ18   38.798 -122.813   -3500.000    1200.000     780.000 ZXX -2.540786e+01 -2.789462e+01  1.034514e+01
2.00000e-03    GZ18   38.798 -122.813   -3500.000    1200.000     780.000 ZXY  1.996288e+02  2.036858e+02  1.034514e+01
2.00000e-03    GZ18   38.798 -122.813   -3500.000    1200.000     780.000 ZYX -2.557306e+02 -3.287907e+02  1.034514e+01
2.00000e-03    GZ18   38.798 -122.813   -3500.000    1200.000     780.000 ZYY  5.929623e+01  2.895818e+00  1.034514e+01
3.63516e-03    GZ18   38.798 -122.813   -3500.000    1200.000     780.000 ZXX -1.631510e+01 -1.882853e+01  7.388201e+00
3.63516e-03    GZ18   38.798 -122.813   -3500.000    1200.000     780.000 ZXY  1.333333e+02  1.600357e+02  7.388201e+00
3.63516e-03    GZ18   38.798 -122.813   -3500.000    1200.000     780.000 ZYX -1.704671e+02 -2.352396e+02  7.388201e+00
3.63516e-03    GZ18   38.798 -122.813   -3500.000    1200.000     780.000 ZYY  4.428891e+01  1.930650e+01  7.388201e+00
6.60718e-03    GZ18   38.798 -122.813   -3500.000    1200.000     780.000 ZXX -1.153332e+01 -1.378764e+01  5.055012e+00
6.60718e-03    GZ18   38.798 -122.813   -3500.000    1200.000     780.000 ZXY  8.661972e+01  1.147973e+02  5.055012e+00
6.60718e-03    GZ18   38.798 -122.813   -3500.000    1200.000     780.000 ZYX -1.079767e+02 -1.647005e+02  5.055012e+00
6.60718e-03    GZ18   38.798 -122.813   -3500.000    1200.000     780.000 ZYY  2.859043e+01  1.977220e+01  5.055012e+00
1.20091e-02    GZ18   38.798 -122.813   -3500.000    1200.000     780.000 ZXX -7.194962e+00 -1.063686e+01  3.465777e+00
1.20091e-02    GZ18   38.798 -122.813   -3500.000    1200.000     780.000 ZXY  6.006570e+01  8.027038e+01  3.465777e+00
1.20091e-02    GZ18   38.798 -122.813   -3500.000    1200.000     780.000 ZYX -6.858814e+01 -1.136479e+02  3.465777e+00
1.20091e-02    GZ18   38.798 -122.813   -3500.000    1200.000     780.000 ZYY  1.903208e+01  1.651786e+01  3.465777e+00
2.18274e-02    GZ18   38.798 -122.813   -3500.000    1200.000     780.000 ZXX -3.519537e+00 -8.834531e+00  2.292550e+00
2.18274e-02    GZ18   38.798 -122.813   -3500.000    1200.000     780.000 ZXY  4.130604e+01  5.252080e+01  2.292550e+00
2.18274e-02    GZ18   38.798 -122.813   -3500.000    1200.000     780.000 ZYX -4.480836e+01 -7.475445e+01  2.292550e+00
2.18274e-02    GZ18   38.798 -122.813   -3500.000    1200.000     780.000 ZYY  1.316394e+01  1.163714e+01  2.292550e+00
3.96730e-02    GZ18   38.798 -122.813   -3500.000    1200.000     780.000 ZXX -1.114980e+00 -5.774270e+00  1.546940e+00
3.96730e-02    GZ18   38.798 -122.813   -3500.000    1200.000     780.000 ZXY  3.056840e+01  3.472832e+01  1.546940e+00
3.96730e-02    GZ18   38.798 -122.813   -3500.000    1200.000     780.000 ZYX -3.173223e+01 -4.763642e+01  1.546940e+00
3.96730e-02    GZ18   38.798 -122.813   -3500.000    1200.000     780.000 ZYY  7.842348e+00  9.670458e+00  1.546940e+00
7.21087e-02    GZ18   38.798 -122.813   -3500.000    1200.000     780.000 ZXX  2.205894e-01 -3.246588e+00  1.090722e+00
7.21087e-02    GZ18   38.798 -122.813   -3500.000    1200.000     780.000 ZXY  2.542824e+01  2.158749e+01  1.090722e+00
7.21087e-02    GZ18   38.798 -122.813   -3500.000    1200.000     780.000 ZYX -2.427662e+01 -3.115495e+01  1.090722e+00
7.21087e-02    GZ18   38.798 -122.813   -3500.000    1200.000     780.000 ZYY  5.399474e+00  5.141757e+00  1.090722e+00
1.31063e-01    GZ18   38.798 -122.813   -3500.000    1200.000     780.000 ZXX  7.912819e-01 -1.334190e+00  8.214250e-01
1.31063e-01    GZ18   38.798 -122.813   -3500.000    1200.000     780.000 ZXY  2.284765e+01  1.392616e+01  8.214250e-01
1.31063e-01    GZ18   38.798 -122.813   -3500.000    1200.000     780.000 ZYX -1.880621e+01 -2.058431e+01  8.214250e-01
1.31063e-01    GZ18   38.798 -122.813   -3500.000    1200.000     780.000 ZYY  5.053662e+00  1.855755e+00  8.214250e-01
2.38218e-01    GZ18   38.798 -122.813   -3500.000    1200.000     780.000 ZXX  2.682209e-01  2.707364e-01  6.683932e-01
2.38218e-01    GZ18   38.798 -122.813   -3500.000    1200.000     780.000 ZXY  2.111312e+01  9.881112e+00  6.683932e-01
2.38218e-01    GZ18   38.798 -122.813   -3500.000    1200.000     780.000 ZYX -1.514814e+01 -1.446689e+01  6.683932e-01
2.38218e-01    GZ18   38.798 -122.813   -3500.000    1200.000     780.000 ZYY  5.944084e+00  1.254086e+00  6.683932e-01
4.32979e-01    GZ18   38.798 -122.813   -3500.000    1200.000     780.000 ZXX -3.175355e-01  1.339354e+00  5.575108e-01
4.32979e-01    GZ18   38.798 -122.813   -3500.000    1200.000     780.000 ZXY  1.931180e+01  8.001928e+00  5.575108e-01
4.32979e-01    GZ18   38.798 -122.813   -3500.000    1200.000     780.000 ZYX -1.225980e+01 -1.039183e+01  5.575108e-01
4.32979e-01    GZ18   38.798 -122.813   -3500.000    1200.000     780.000 ZYY  7.487143e+00  5.446391e-01  5.575108e-01
7.86973e-01    GZ18   38.798 -122.813   -3500.000    1200.000     780.000 ZXX -1.471105e+00  1.926229e+00  4.615159e-01
7.86973e-01    GZ18   38.798 -122.813   -3500.000    1200.000     780.000 ZXY  1.719398e+01  6.903552e+00  4.615159e-01
7.86973e-01    GZ18   38.798 -122.813   -3500.000    1200.000     780.000 ZYX -9.780391e+00 -7.570135e+00  4.615159e-01
7.86973e-01    GZ18   38.798 -122.813   -3500.000    1200.000     780.000 ZYY  7.862552e+00  8.163034e-01  4.615159e-01
1.43038e+00    GZ18   38.798 -122.813   -3500.000    1200.000     780.000 ZXX -2.803675e+00  1.783707e+00  3.841686e-01
1.43038e+00    GZ18   38.798 -122.813   -3500.000    1200.000     780.000 ZXY  1.487499e+01  6.632200e+00  3.841686e-01
1.43038e+00    GZ18   38.798 -122.813   -3500.000    1200.000     780.000 ZYX -7.890161e+00 -5.776789e+00  3.841686e-01
1.43038e+00    GZ18   38.798 -122.813   -3500.000    1200.000     780.000 ZYY  7.499304e+00  1.600634e+00  3.841686e-01
2.59984e+00    GZ18   38.798 -122.813   -3500.000    1200.000     780.000 ZXX -3.556638e+00  9.285972e-01  3.184934e-01
2.59984e+00    GZ18   38.798 -122.813   -3500.000    1200.000     780.000 ZXY  1.249886e+01  6.296891e+00  3.184934e-01
2.59984e+00    GZ18   38.798 -122.813   -3500.000    1200.000     780.000 ZYX -6.360536e+00 -4.603561e+00  3.184934e-01
2.59984e+00    GZ18   38.798 -122.813   -3500.000    1200.000     780.000 ZYY  6.724388e+00  2.067312e+00  3.184934e-01
4.72540e+00    GZ18   38.798 -122.813   -3500.000    1200.000     780.000 ZXX -3.680228e+00 -7.231247e-02  2.458216e-01
4.72540e+00    GZ18   38.798 -122.813   -3500.000    1200.000     780.000 ZXY  9.620484e+00  5.038082e+00  2.458216e-01
4.72540e+00    GZ18   38.798 -122.813   -3500.000    1200.000     780.000 ZYX -5.029877e+00 -3.430221e+00  2.458216e-01
4.72540e+00    GZ18   38.798 -122.813   -3500.000    1200.000     780.000 ZYY  5.426716e+00  1.765013e+00  2.458216e-01
8.58879e+00    GZ18   38.798 -122.813   -3500.000    1200.000     780.000 ZXX -3.765224e+00 -2.010644e-01  1.936166e-01
8.58879e+00    GZ18   38.798 -122.813   -3500.000    1200.000     780.000 ZXY  7.485078e+00  3.582152e+00  1.936166e-01
8.58879e+00    GZ18   38.798 -122.813   -3500.000    1200.000     780.000 ZYX -4.518450e+00 -2.127316e+00  1.936166e-01
8.58879e+00    GZ18   38.798 -122.813   -3500.000    1200.000     780.000 ZYY  4.639661e+00  6.730785e-01  1.936166e-01
1.56108e+01    GZ18   38.798 -122.813   -3500.000    1200.000     780.000 ZXX -4.311219e+00  3.551664e-01  1.607184e-01
1.56108e+01    GZ18   38.798 -122.813   -3500.000    1200.000     780.000 ZXY  6.300751e+00  2.766969e+00  1.685844e-01
1.56108e+01    GZ18   38.798 -122.813   -3500.000    1200.000     780.000 ZYX -3.972214e+00 -1.262115e+00  1.607184e-01
1.56108e+01    GZ18   38.798 -122.813   -3500.000    1200.000     780.000 ZYY  4.016344e+00  5.294649e-01  1.607184e-01
2.83738e+01    GZ18   38.798 -122.813   -3500.000    1200.000     780.000 ZXX -3.999008e+00  8.135797e-02  1.439446e-01
2.83738e+01    GZ18   38.798 -122.813   -3500.000    1200.000     780.000 ZXY  5.649154e+00  2.318469e+00  1.780333e-01
2.83738e+01    GZ18   38.798 -122.813   -3500.000    1200.000     780.000 ZYX -3.642647e+00 -9.519381e-01  1.439446e-01
2.83738e+01    GZ18   38.798 -122.813   -3500.000    1200.000     780.000 ZYY  3.632543e+00  2.812626e-01  1.560445e-01
5.15716e+01    GZ18   38.798 -122.813   -3500.000    1200.000     780.000 ZXX -3.889894e+00 -1.803546e-01  1.347777e-01
5.15716e+01    GZ18   38.798 -122.813   -3500.000    1200.000     780.000 ZXY  5.290657e+00  2.071712e+00  1.832319e-01
5.15716e+01    GZ18   38.798 -122.813   -3500.000    1200.000     780.000 ZYX -3.461325e+00 -7.812841e-01  1.347777e-01
5.15716e+01    GZ18   38.798 -122.813   -3500.000    1200.000     780.000 ZYY  3.498840e+00  8.366399e-01  1.837455e-01
9.37354e+01    GZ18   38.798 -122.813   -3500.000    1200.000     780.000 ZXX -3.510432e+00 -4.348990e-01  1.351974e-01
9.37354e+01    GZ18   38.798 -122.813   -3500.000    1200.000     780.000 ZXY  4.498065e+00  1.658622e+00  1.611565e-01
9.37354e+01    GZ18   38.798 -122.813   -3500.000    1200.000     780.000 ZYX -3.009206e+00 -6.569179e-01  1.155227e-01
9.37354e+01    GZ18   38.798 -122.813   -3500.000    1200.000     780.000 ZYY  2.968102e+00  6.526987e-01  1.626892e-01
1.70371e+02    GZ18   38.798 -122.813   -3500.000    1200.000     780.000 ZXX -2.834086e+00 -6.202395e-01  1.191024e-01
1.70371e+02    GZ18   38.798 -122.813   -3500.000    1200.000     780.000 ZXY  3.825380e+00  1.310378e+00  1.786614e-01
1.70371e+02    GZ18   38.798 -122.813   -3500.000    1200.000     780.000 ZYX -2.458276e+00 -6.885736e-01  9.687311e-02
1.70371e+02    GZ18   38.798 -122.813   -3500.000    1200.000     780.000 ZYY  2.173588e+00  6.017828e-01  1.402967e-01
3.09663e+02    GZ18   38.798 -122.813   -3500.000    1200.000     780.000 ZXX -2.447495e+00 -4.994372e-01  7.912908e-02
3.09663e+02    GZ18   38.798 -122.813   -3500.000    1200.000     780.000 ZXY  3.006109e+00  1.245412e+00  1.163701e-01
3.09663e+02    GZ18   38.798 -122.813   -3500.000    1200.000     780.000 ZYX -2.032802e+00 -5.914553e-01  7.912908e-02
3.09663e+02    GZ18   38.798 -122.813   -3500.000    1200.000     780.000 ZYY  1.860502e+00  6.630108e-01  9.343894e-02
5.62837e+02    GZ18   38.798 -122.813   -3500.000    1200.000     780.000 ZXX -2.156060e+00 -5.159046e-01  6.547722e-02
5.62837e+02    GZ18   38.798 -122.813   -3500.000    1200.000     780.000 ZXY  2.346058e+00  9.822086e-01  9.479102e-02
5.62837e+02    GZ18   38.798 -122.813   -3500.000    1200.000     780.000 ZYX -1.759445e+00 -5.501013e-01  6.547722e-02
5.62837e+02    GZ18   38.798 -122.813   -3500.000    1200.000     780.000 ZYY  1.601933e+00  4.678703e-01  8.525159e-02
1.02300e+03    GZ18   38.798 -122.813   -3500.000    1200.000     780.000 ZXX -1.907707e+00 -4.802572e-01  5.382430e-02
1.02300e+03    GZ18   38.798 -122.813   -3500.000    1200.000     780.000 ZXY  1.775771e+00  8.116277e-01  8.894103e-02
1.02300e+03    GZ18   38.798 -122.813   -3500.000    1200.000     780.000 ZYX -1.497595e+00 -4.864418e-01  5.382430e-02
1.02300e+03    GZ18   38.798 -122.813   -3500.000    1200.000     780.000 ZYY  1.158981e+00  3.362429e-01  7.009044e-02
2.00000e-03    GZ19   38.810 -122.831   -2300.000    -400.000     690.000 ZXX  1.639399e+01  4.490147e+00  7.459404e+00
2.00000e-03    GZ19   38.810 -122.831   -2300.000    -400.000     690.000 ZXY  1.758177e+02  1.820444e+02  7.459404e+00
2.00000e-03    GZ19   38.810 -122.831   -2300.000    -400.000     690.000 ZYX -1.639163e+02 -1.806720e+02  7.459404e+00
2.00000e-03    GZ19   38.810 -122.831   -2300.000    -400.000     690.000 ZYY -3.111351e+01 -1.707100e+01  7.459404e+00
3.63516e-03    GZ19   38.810 -122.831   -2300.000    -400.000     690.000 ZXX  1.411903e+01  2.776218e+00  5.891550e+00
3.63516e-03    GZ19   38.810 -122.831   -2300.000    -400.000     690.000 ZXY  1.336196e+02  1.576635e+02  5.891550e+00
3.63516e-03    GZ19   38.810 -122.831   -2300.000    -400.000     690.000 ZYX -1.265976e+02 -1.361601e+02  5.891550e+00
3.63516e-03    GZ19   38.810 -122.831   -2300.000    -400.000     690.000 ZYY -3.274221e+01 -1.989096e+01  5.891550e+00
6.60718e-03    GZ19   38.810 -122.831   -2300.000    -400.000     690.000 ZXX  1.297216e+01  3.971818e+00  4.326086e+00
6.60718e-03    GZ19   38.810 -122.831   -2300.000    -400.000     690.000 ZXY  9.064693e+01  1.210911e+02  4.326086e+00
6.60718e-03    GZ19   38.810 -122.831   -2300.000    -400.000     690.000 ZYX -8.692502e+01 -1.059411e+02  4.326086e+00
6.60718e-03    GZ19   38.810 -122.831   -2300.000    -400.000     690.000 ZYY -2.505813e+01 -1.613644e+01  4.326086e+00
1.20091e-02    GZ19   38.810 -122.831   -2300.000    -400.000     690.000 ZXX  1.083554e+01  4.926078e+00  3.030672e+00
1.20091e-02    GZ19   38.810 -122.831   -2300.000    -400.000     690.000 ZXY  5.848560e+01  8.802686e+01  3.030672e+00
1.20091e-02    GZ19   38.810 -122.831   -2300.000    -400.000     690.000 ZYX -5.637856e+01 -7.794333e+01  3.030672e+00
1.20091e-02    GZ19   38.810 -122.831   -2300.000    -400.000     690.000 ZYY -1.874390e+01 -1.562156e+01  3.030672e+00
2.18274e-02    GZ19   38.810 -122.831   -2300.000    -400.000     690.000 ZXX  8.320824e+00  5.061395e+00  2.078422e+00
2.18274e-02    GZ19   38.810 -122.831   -2300.000    -400.000     690.000 ZXY  3.685038e+01  6.269353e+01  2.078422e+00
2.18274e-02    GZ19   38.810 -122.831   -2300.000    -400.000     690.000 ZYX -3.543990e+01 -5.536480e+01  2.078422e+00
2.18274e-02    GZ19   38.810 -122.831   -2300.000    -400.000     690.000 ZYY -1.342687e+01 -1.279101e+01  2.078422e+00
3.96730e-02    GZ19   38.810 -122.831   -2300.000    -400.000     690.000 ZXX  6.005658e+00  4.253786e+00  1.334018e+00
3.96730e-02    GZ19   38.810 -122.831   -2300.000    -400.000     690.000 ZXY  2.235245e+01  3.991664e+01  1.334018e+00
3.96730e-02    GZ19   38.810 -122.831   -2300.000    -400.000     690.000 ZYX -2.206520e+01 -3.693452e+01  1.334018e+00
3.96730e-02    GZ19   38.810 -122.831   -2300.000    -400.000     690.000 ZYY -9.374871e+00 -9.541890e+00  1.334018e+00
7.21087e-02    GZ19   38.810 -122.831   -2300.000    -400.000     690.000 ZXX  4.642567e+00  3.561757e+00  8.511775e-01
7.21087e-02    GZ19   38.810 -122.831   -2300.000    -400.000     690.000 ZXY  1.572975e+01  2.411009e+01  8.511775e-01
7.21087e-02    GZ19   38.810 -122.831   -2300.000    -400.000     690.000 ZYX -1.491677e+01 -2.352670e+01  8.511775e-01
7.21087e-02    GZ19   38.810 -122.831   -2300.000    -400.000     690.000 ZYY -6.986537e+00 -6.220528e+00  8.511775e-01
1.31063e-01    GZ19   38.810 -122.831   -2300.000    -400.000     690.000 ZXX  3.583641e+00  2.883810e+00  5.682686e-01
1.31063e-01    GZ19   38.810 -122.831   -2300.000    -400.000     690.000 ZXY  1.315272e+01  1.443891e+01  5.682686e-01
1.31063e-01    GZ19   38.810 -122.831   -2300.000    -400.000     690.000 ZYX -1.115102e+01 -1.447897e+01  5.682686e-01
1.31063e-01    GZ19   38.810 -122.831   -2300.000    -400.000     690.000 ZYY -6.048643e+00 -4.146690e+00  5.682686e-01
2.38218e-01    GZ19   38.810 -122.831   -2300.000    -400.000     690.000 ZXX  2.621773e+00  2.601018e+00  4.237603e-01
2.38218e-01    GZ19   38.810 -122.831   -2300.000    -400.000     690.000 ZXY  1.186028e+01  9.134722e+00  4.237603e-01
2.38218e-01    GZ19   38.810 -122.831   -2300.000    -400.000     690.000 ZYX -9.468673e+00 -9.220426e+00  4.237603e-01
2.38218e-01    GZ19   38.810 -122.831   -2300.000    -400.000     690.000 ZYY -5.383146e+00 -3.233771e+00  4.237603e-01
4.32979e-01    GZ19   38.810 -122.831   -2300.000    -400.000     690.000 ZXX  1.773599e+00  2.586597e+00  3.478190e-01
4.32979e-01    GZ19   38.810 -122.831   -2300.000    -400.000     690.000 ZXY  1.070606e+01  6.727668e+00  3.478190e-01
4.32979e-01    GZ19   38.810 -122.831   -2300.000    -400.000     690.000 ZYX -8.161191e+00 -6.639591e+00  3.478190e-01
4.32979e-01    GZ19   38.810 -122.831   -2300.000    -400.000     690.000 ZYY -4.445884e+00 -3.227383e+00  3.478190e-01
7.86973e-01    GZ19   38.810 -122.831   -2300.000    -400.000     690.000 ZXX  6.835998e-01  2.521821e+00  2.886456e-01
7.86973e-01    GZ19   38.810 -122.831   -2300.000    -400.000     690.000 ZXY  9.252031e+00  5.392020e+00  2.886456e-01
7.86973e-01    GZ19   38.810 -122.831   -2300.000    -400.000     690.000 ZYX -6.753663e+00 -5.282197e+00  2.886456e-01
7.86973e-01    GZ19   38.810 -122.831   -2300.000    -400.000     690.000 ZYY -3.255067e+00 -2.892092e+00  2.886456e-01
1.43038e+00    GZ19   38.810 -122.831   -2300.000    -400.000     690.000 ZXX -5.005875e-01  2.231035e+00  2.364360e-01
1.43038e+00    GZ19   38.810 -122.831   -2300.000    -400.000     690.000 ZXY  7.800421e+00  4.594911e+00  2.364360e-01
1.43038e+00    GZ19   38.810 -122.831   -2300.000    -400.000     690.000 ZYX -5.152359e+00 -4.494854e+00  2.364360e-01
1.43038e+00    GZ19   38.810 -122.831   -2300.000    -400.000     690.000 ZYY -2.070050e+00 -2.452400e+00  2.364360e-01
2.59984e+00    GZ19   38.810 -122.831   -2300.000    -400.000     690.000 ZXX -1.365902e+00  1.475121e+00  1.847807e-01
2.59984e+00    GZ19   38.810 -122.831   -2300.000    -400.000     690.000 ZXY  6.245300e+00  3.772847e+00  1.847807e-01
2.59984e+00    GZ19   38.810 -122.831   -2300.000    -400.000     690.000 ZYX -3.661754e+00 -3.688696e+00  1.847807e-01
2.59984e+00    GZ19   38.810 -122.831   -2300.000    -400.000     690.000 ZYY -1.235058e+00 -1.874799e+00  1.847807e-01
4.72540e+00    GZ19   38.810 -122.831   -2300.000    -400.000     690.000 ZXX -1.643208e+00  6.806471e-01  1.362560e-01
4.72540e+00    GZ19   38.810 -122.831   -2300.000    -400.000     690.000 ZXY  4.884355e+00  2.827471e+00  1.362560e-01
4.72540e+00    GZ19   38.810 -122.831   -2300.000    -400.000     690.000 ZYX -2.502141e+00 -2.659157e+00  1.362560e-01
4.72540e+00    GZ19   38.810 -122.831   -2300.000    -400.000     690.000 ZYY -8.107946e-01 -1.242145e+00  1.362560e-01
8.58879e+00    GZ19   38.810 -122.831   -2300.000    -400.000     690.000 ZXX -1.637170e+00  3.931439e-01  1.000049e-01
8.58879e+00    GZ19   38.810 -122.831   -2300.000    -400.000     690.000 ZXY  3.874709e+00  1.998789e+00  1.000049e-01
8.58879e+00    GZ19   38.810 -122.831   -2300.000    -400.000     690.000 ZYX -1.898846e+00 -1.658336e+00  1.000049e-01
8.58879e+00    GZ19   38.810 -122.831   -2300.000    -400.000     690.000 ZYY -7.350158e-01 -6.614195e-01  1.000049e-01
1.56108e+01    GZ19   38.810 -122.831   -2300.000    -400.000     690.000 ZXX -1.686447e+00  2.506224e-01  7.924108e-02
1.56108e+01    GZ19   38.810 -122.831   -2300.000    -400.000     690.000 ZXY  3.314398e+00  1.537353e+00  9.236496e-02
1.56108e+01    GZ19   38.810 -122.831   -2300.000    -400.000     690.000 ZYX -1.526556e+00 -1.066074e+00  7.924108e-02
1.56108e+01    GZ19   38.810 -122.831   -2300.000    -400.000     690.000 ZYY -6.986292e-01 -5.196165e-01  7.924108e-02
2.83738e+01    GZ19   38.810 -122.831   -2300.000    -400.000     690.000 ZXX -1.820633e+00  1.125068e-01  6.650196e-02
2.83738e+01    GZ19   38.810 -122.831   -2300.000    -400.000     690.000 ZXY  3.006125e+00  1.283480e+00  1.011646e-01
2.83738e+01    GZ19   38.810 -122.831   -2300.000    -400.000     690.000 ZYX -1.258457e+00 -6.612454e-01  6.650196e-02
2.83738e+01    GZ19   38.810 -122.831   -2300.000    -400.000     690.000 ZYY -5.344682e-01 -5.822286e-01  6.650196e-02
5.15716e+01    GZ19   38.810 -122.831   -2300.000    -400.000     690.000 ZXX -1.894460e+00  3.651802e-02  5.884768e-02
5.15716e+01    GZ19   38.810 -122.831   -2300.000    -400.000     690.000 ZXY  2.836518e+00  1.143803e+00  1.060061e-01
5.15716e+01    GZ19   38.810 -122.831   -2300.000    -400.000     690.000 ZYX -1.001917e+00 -4.510635e-01  5.884768e-02
5.15716e+01    GZ19   38.810 -122.831   -2300.000    -400.000     690.000 ZYY -1.988405e-01 -4.573167e-01  5.884768e-02
9.37354e+01    GZ19   38.810 -122.831   -2300.000    -400.000     690.000 ZXX -1.790156e+00 -1.053645e-01  6.609401e-02
9.37354e+01    GZ19   38.810 -122.831   -2300.000    -400.000     690.000 ZXY  2.555366e+00  8.131211e-01  1.131909e-01
9.37354e+01    GZ19   38.810 -122.831   -2300.000    -400.000     690.000 ZYX -7.575997e-01 -3.624719e-01  5.008677e-02
9.37354e+01    GZ19   38.810 -122.831   -2300.000    -400.000     690.000 ZYY -7.032375e-02 -3.224165e-01  5.008677e-02
1.70371e+02    GZ19   38.810 -122.831   -2300.000    -400.000     690.000 ZXX -1.484032e+00 -2.360408e-01  5.905777e-02
1.70371e+02    GZ19   38.810 -122.831   -2300.000    -400.000     690.000 ZXY  2.031214e+00  7.183915e-01  9.059572e-02
1.70371e+02    GZ19   38.810 -122.831   -2300.000    -400.000     690.000 ZYX -6.609302e-01 -2.684217e-01  4.156417e-02
1.70371e+02    GZ19   38.810 -122.831   -2300.000    -400.000     690.000 ZYY -8.881790e-02 -2.503060e-01  4.369063e-02
3.09663e+02    GZ19   38.810 -122.831   -2300.000    -400.000     690.000 ZXX -1.308172e+00 -2.391550e-01  3.687734e-02
3.09663e+02    GZ19   38.810 -122.831   -2300.000    -400.000     690.000 ZXY  1.646517e+00  6.972994e-01  6.516435e-02
3.09663e+02    GZ19   38.810 -122.831   -2300.000    -400.000     690.000 ZYX -5.179583e-01 -2.176301e-01  3.494951e-02
3.09663e+02    GZ19   38.810 -122.831   -2300.000    -400.000     690.000 ZYY -1.886909e-02 -1.409888e-01  3.494951e-02
5.62837e+02    GZ19   38.810 -122.831   -2300.000    -400.000     690.000 ZXX -1.164051e+00 -2.548919e-01  2.902306e-02
5.62837e+02    GZ19   38.810 -122.831   -2300.000    -400.000     690.000 ZXY  1.288181e+00  5.530288e-01  4.647880e-02
5.62837e+02    GZ19   38.810 -122.831   -2300.000    -400.000     690.000 ZYX -4.395273e-01 -1.669022e-01  2.902306e-02
5.62837e+02    GZ19   38.810 -122.831   -2300.000    -400.000     690.000 ZYY  1.014945e-02 -1.389479e-01  2.902306e-02
1.02300e+03    GZ19   38.810 -122.831   -2300.000    -400.000     690.000 ZXX -1.023966e+00 -2.596837e-01  2.404260e-02
1.02300e+03    GZ19   38.810 -122.831   -2300.000    -400.000     690.000 ZXY  9.714936e-01  4.765537e-01  4.328084e-02
1.02300e+03    GZ19   38.810 -122.831   -2300.000    -400.000     690.000 ZYX -3.667116e-01 -1.345177e-01  2.404260e-02
1.02300e+03    GZ19   38.810 -122.831   -2300.000    -400.000     690.000 ZYY  3.123710e-02 -1.149692e-01  2.404260e-02
2.00000e-03    GZ20   38.806 -122.823   -2700.000     400.000     720.000 ZXX  1.628024e+01  4.925757e+00  4.093938e+00
2.00000e-03    GZ20   38.806 -122.823   -2700.000     400.000     720.000 ZXY  1.043783e+02  7.487385e+01  4.093938e+00
2.00000e-03    GZ20   38.806 -122.823   -2700.000     400.000     720.000 ZYX -1.035974e+02 -1.014111e+02  4.093938e+00
2.00000e-03    GZ20   38.806 -122.823   -2700.000     400.000     720.000 ZYY  7.300641e+00  1.438935e+01  4.093938e+00
3.63516e-03    GZ20   38.806 -122.823   -2700.000     400.000     720.000 ZXX  1.665212e+01  4.111291e+00  2.728588e+00
3.63516e-03    GZ20   38.806 -122.823   -2700.000     400.000     720.000 ZXY  6.863157e+01  5.040831e+01  2.728588e+00
3.63516e-03    GZ20   38.806 -122.823   -2700.000     400.000     720.000 ZYX -6.829817e+01 -6.873200e+01  2.728588e+00
3.63516e-03    GZ20   38.806 -122.823   -2700.000     400.000     720.000 ZYY -1.607676e+00  7.744986e+00  2.728588e+00
6.60718e-03    GZ20   38.806 -122.823   -2700.000     400.000     720.000 ZXX  1.247000e+01  3.469868e+00  2.021079e+00
6.60718e-03    GZ20   38.806 -122.823   -2700.000     400.000     720.000 ZXY  5.043634e+01  3.622932e+01  2.021079e+00
6.60718e-03    GZ20   38.806 -122.823   -2700.000     400.000     720.000 ZYX -5.389721e+01 -4.901983e+01  2.021079e+00
6.60718e-03    GZ20   38.806 -122.823   -2700.000     400.000     720.000 ZYY -1.541593e+00  5.144060e+00  2.021079e+00
1.20091e-02    GZ20   38.806 -122.823   -2700.000     400.000     720.000 ZXX  1.119362e+01  2.505700e+00  1.563183e+00
1.20091e-02    GZ20   38.806 -122.823   -2700.000     400.000     720.000 ZXY  3.990428e+01  2.761385e+01  1.563183e+00
1.20091e-02    GZ20   38.806 -122.823   -2700.000     400.000     720.000 ZYX -4.227375e+01 -3.608125e+01  1.563183e+00
1.20091e-02    GZ20   38.806 -122.823   -2700.000     400.000     720.000 ZYY -2.150843e+00  2.069227e+00  1.563183e+00
2.18274e-02    GZ20   38.806 -122.823   -2700.000     400.000     720.000 ZXX  1.047548e+01  8.806935e-01  1.195427e+00
2.18274e-02    GZ20   38.806 -122.823   -2700.000     400.000     720.000 ZXY  3.149902e+01  2.059837e+01  1.195427e+00
2.18274e-02    GZ20   38.806 -122.823   -2700.000     400.000     720.000 ZYX -3.259331e+01 -2.637968e+01  1.195427e+00
2.18274e-02    GZ20   38.806 -122.823   -2700.000     400.000     720.000 ZYY -3.963651e+00  1.620563e+00  1.195427e+00
3.96730e-02    GZ20   38.806 -122.823   -2700.000     400.000     720.000 ZXX  1.133257e+01  3.462788e-01  9.293111e-01
3.96730e-02    GZ20   38.806 -122.823   -2700.000     400.000     720.000 ZXY  2.579734e+01  1.531401e+01  9.293111e-01
3.96730e-02    GZ20   38.806 -122.823   -2700.000     400.000     720.000 ZYX -2.594912e+01 -1.832206e+01  9.293111e-01
3.96730e-02    GZ20   38.806 -122.823   -2700.000     400.000     720.000 ZYY -5.635086e+00  2.588324e+00  9.293111e-01
7.21087e-02    GZ20   38.806 -122.823   -2700.000     400.000     720.000 ZXX  1.185008e+01  1.330614e+00  7.653802e-01
7.21087e-02    GZ20   38.806 -122.823   -2700.000     400.000     720.000 ZXY  2.280006e+01  1.034366e+01  7.653802e-01
7.21087e-02    GZ20   38.806 -122.823   -2700.000     400.000     720.000 ZYX -2.226508e+01 -1.290742e+01  7.653802e-01
7.21087e-02    GZ20   38.806 -122.823   -2700.000     400.000     720.000 ZYY -6.730024e+00  9.969795e-01  7.653802e-01
1.31063e-01    GZ20   38.806 -122.823   -2700.000     400.000     720.000 ZXX  1.114349e+01  2.361627e+00  6.676532e-01
1.31063e-01    GZ20   38.806 -122.823   -2700.000     400.000     720.000 ZXY  2.102902e+01  7.840076e+00  6.676532e-01
1.31063e-01    GZ20   38.806 -122.823   -2700.000     400.000     720.000 ZYX -1.961454e+01 -9.492849e+00  6.676532e-01
1.31063e-01    GZ20   38.806 -122.823   -2700.000     400.000     720.000 ZYY -6.359861e+00 -6.808872e-01  6.676532e-01
2.38218e-01    GZ20   38.806 -122.823   -2700.000     400.000     720.000 ZXX  1.005344e+01  3.561615e+00  6.214932e-01
2.38218e-01    GZ20   38.806 -122.823   -2700.000     400.000     720.000 ZXY  2.086113e+01  6.521247e+00  6.214932e-01
2.38218e-01    GZ20   38.806 -122.823   -2700.000     400.000     720.000 ZYX -1.761392e+01 -7.867334e+00  6.214932e-01
2.38218e-01    GZ20   38.806 -122.823   -2700.000     400.000     720.000 ZYY -4.938161e+00 -1.552735e+00  6.214932e-01
4.32979e-01    GZ20   38.806 -122.823   -2700.000     400.000     720.000 ZXX  8.029410e+00  4.759597e+00  5.454778e-01
4.32979e-01    GZ20   38.806 -122.823   -2700.000     400.000     720.000 ZXY  1.788779e+01  6.166560e+00  5.454778e-01
4.32979e-01    GZ20   38.806 -122.823   -2700.000     400.000     720.000 ZYX -1.534151e+01 -7.485318e+00  5.454778e-01
4.32979e-01    GZ20   38.806 -122.823   -2700.000     400.000     720.000 ZYY -3.288903e+00 -1.927133e+00  5.454778e-01
7.86973e-01    GZ20   38.806 -122.823   -2700.000     400.000     720.000 ZXX  5.170964e+00  5.769724e+00  4.569498e-01
7.86973e-01    GZ20   38.806 -122.823   -2700.000     400.000     720.000 ZXY  1.439310e+01  6.173160e+00  4.569498e-01
7.86973e-01    GZ20   38.806 -122.823   -2700.000     400.000     720.000 ZYX -1.226091e+01 -7.656974e+00  4.569498e-01
7.86973e-01    GZ20   38.806 -122.823   -2700.000     400.000     720.000 ZYY -2.184200e+00 -2.068368e+00  4.569498e-01
1.43038e+00    GZ20   38.806 -122.823   -2700.000     400.000     720.000 ZXX  2.019842e+00  5.529090e+00  3.705404e-01
1.43038e+00    GZ20   38.806 -122.823   -2700.000     400.000     720.000 ZXY  1.160302e+01  5.758241e+00  3.705404e-01
1.43038e+00    GZ20   38.806 -122.823   -2700.000     400.000     720.000 ZYX -8.852271e+00 -7.376702e+00  3.705404e-01
1.43038e+00    GZ20   38.806 -122.823   -2700.000     400.000     720.000 ZYY -1.109732e+00 -1.963739e+00  3.705404e-01
2.59984e+00    GZ20   38.806 -122.823   -2700.000     400.000     720.000 ZXX -1.818654e-01  3.985016e+00  2.906128e-01
2.59984e+00    GZ20   38.806 -122.823   -2700.000     400.000     720.000 ZXY  9.554684e+00  5.190791e+00  2.906128e-01
2.59984e+00    GZ20   38.806 -122.823   -2700.000     400.000     720.000 ZYX -5.874426e+00 -6.128609e+00  2.906128e-01
2.59984e+00    GZ20   38.806 -122.823   -2700.000     400.000     720.000 ZYY -5.002414e-01 -1.430543e+00  2.906128e-01
4.72540e+00    GZ20   38.806 -122.823   -2700.000     400.000     720.000 ZXX -1.324057e+00  2.488992e+00  2.104754e-01
4.72540e+00    GZ20   38.806 -122.823   -2700.000     400.000     720.000 ZXY  7.492429e+00  3.852068e+00  2.104754e-01
4.72540e+00    GZ20   38.806 -122.823   -2700.000     400.000     720.000 ZYX -3.936432e+00 -4.182336e+00  2.104754e-01
4.72540e+00    GZ20   38.806 -122.823   -2700.000     400.000     720.000 ZYY -3.039606e-01 -9.435597e-01  2.104754e-01
8.58879e+00    GZ20   38.806 -122.823   -2700.000     400.000     720.000 ZXX -1.936113e+00  1.642822e+00  1.524510e-01
8.58879e+00    GZ20   38.806 -122.823   -2700.000     400.000     720.000 ZXY  5.890098e+00  2.754651e+00  1.524510e-01
8.58879e+00    GZ20   38.806 -122.823   -2700.000     400.000     720.000 ZYX -2.872187e+00 -2.546119e+00  1.524510e-01
8.58879e+00    GZ20   38.806 -122.823   -2700.000     400.000     720.000 ZYY -1.124969e-01 -6.688464e-01  1.524510e-01
1.56108e+01    GZ20   38.806 -122.823   -2700.000     400.000     720.000 ZXX -2.272855e+00  1.177274e+00  1.256863e-01
1.56108e+01    GZ20   38.806 -122.823   -2700.000     400.000     720.000 ZXY  4.999916e+00  2.144543e+00  1.492378e-01
1.56108e+01    GZ20   38.806 -122.823   -2700.000     400.000     720.000 ZYX -2.286672e+00 -1.635678e+00  1.212605e-01
1.56108e+01    GZ20   38.806 -122.823   -2700.000     400.000     720.000 ZYY -7.156889e-03 -5.177040e-01  1.212605e-01
2.83738e+01    GZ20   38.806 -122.823   -2700.000     400.000     720.000 ZXX -2.508859e+00  7.210343e-01  1.132379e-01
2.83738e+01    GZ20   38.806 -122.823   -2700.000     400.000     720.000 ZXY  4.510154e+00  1.808872e+00  1.619373e-01
2.83738e+01    GZ20   38.806 -122.823   -2700.000     400.000     720.000 ZYX -1.964532e+00 -1.134770e+00  1.048067e-01
2.83738e+01    GZ20   38.806 -122.823   -2700.000     400.000     720.000 ZYY  5.079939e-02 -4.345479e-01  1.048067e-01
5.15716e+01    GZ20   38.806 -122.823   -2700.000     400.000     720.000 ZXX -2.527763e+00  2.890005e-01  1.225028e-01
5.15716e+01    GZ20   38.806 -122.823   -2700.000     400.000     720.000 ZXY  3.914653e+00  1.661643e+00  1.317139e-01
5.15716e+01    GZ20   38.806 -122.823   -2700.000     400.000     720.000 ZYX -1.655532e+00 -8.074376e-01  9.037025e-02
5.15716e+01    GZ20   38.806 -122.823   -2700.000     400.000     720.000 ZYY  1.022097e-01 -2.992889e-01  9.037025e-02
9.37354e+01    GZ20   38.806 -122.823   -2700.000     400.000     720.000 ZXX -2.466878e+00  7.059336e-02  1.406616e-01
9.37354e+01    GZ20   38.806 -122.823   -2700.000     400.000     720.000 ZXY  3.101842e+00  1.461843e+00  1.421340e-01
9.37354e+01    GZ20   38.806 -122.823   -2700.000     400.000     720.000 ZYX -1.413859e+00 -5.140260e-01  7.593562e-02
9.37354e+01    GZ20   38.806 -122.823   -2700.000     400.000     720.000 ZYY  2.199286e-01 -7.813026e-02  7.593562e-02
1.70371e+02    GZ20   38.806 -122.823   -2700.000     400.000     720.000 ZXX -2.159490e+00 -1.270728e-01  1.694313e-01
1.70371e+02    GZ20   38.806 -122.823   -2700.000     400.000     720.000 ZXY  2.850836e+00  1.078741e+00  1.846906e-01
1.70371e+02    GZ20   38.806 -122.823   -2700.000     400.000     720.000 ZYX -1.417196e+00 -3.022757e-01  9.052687e-02
1.70371e+02    GZ20   38.806 -122.823   -2700.000     400.000     720.000 ZYY  1.876969e-01 -5.580894e-02  7.766426e-02
3.09663e+02    GZ20   38.806 -122.823   -2700.000     400.000     720.000 ZXX -2.019916e+00 -2.472392e-01  1.420677e-01
3.09663e+02    GZ20   38.806 -122.823   -2700.000     400.000     720.000 ZXY  2.492038e+00  9.106114e-01  1.391968e-01
3.09663e+02    GZ20   38.806 -122.823   -2700.000     400.000     720.000 ZYX -1.074293e+00 -3.729496e-01  8.852250e-02
3.09663e+02    GZ20   38.806 -122.823   -2700.000     400.000     720.000 ZYY  9.621680e-02 -1.190673e-01  9.000908e-02
5.62837e+02    GZ20   38.806 -122.823   -2700.000     400.000     720.000 ZXX -1.563468e+00 -1.909300e-01  7.887124e-02
5.62837e+02    GZ20   38.806 -122.823   -2700.000     400.000     720.000 ZXY  1.895198e+00  8.026337e-01  7.576383e-02
5.62837e+02    GZ20   38.806 -122.823   -2700.000     400.000     720.000 ZYX -7.652914e-01 -3.080185e-01  6.820786e-02
5.62837e+02    GZ20   38.806 -122.823   -2700.000     400.000     720.000 ZYY  1.019603e-01 -8.984291e-02  5.682984e-02
1.02300e+03    GZ20   38.806 -122.823   -2700.000     400.000     720.000 ZXX -1.349705e+00 -2.599964e-01  6.233714e-02
1.02300e+03    GZ20   38.806 -122.823   -2700.000     400.000     720.000 ZXY  1.574939e+00  6.742462e-01  6.335995e-02
1.02300e+03    GZ20   38.806 -122.823   -2700.000     400.000     720.000 ZYX -5.630358e-01 -2.691733e-01  4.441258e-02
1.02300e+03    GZ20   38.806 -122.823   -2700.000     400.000     720.000 ZYY  9.023489e-02 -7.651689e-02  5.417228e-02
6.60718e-03    GZ21   38.808 -122.805   -2500.000    2000.000     450.000 ZYY  2.457965e+01  4.693773e+01  7.947608e-01
1.20091e-02    GZ21   38.808 -122.805   -2500.000    2000.000     450.000 ZYX -4.043850e+01 -7.174381e+01  1.343146e+00
1.20091e-02    GZ21   38.808 -122.805   -2500.000    2000.000     450.000 ZYY  3.069687e+01  4.543232e+01  1.343146e+00
2.18274e-02    GZ21   38.808 -122.805   -2500.000    2000.000     450.000 ZYX -3.127631e+01 -4.740575e+01  2.344919e+00
2.18274e-02    GZ21   38.808 -122.805   -2500.000    2000.000     450.000 ZYY  2.799427e+01  4.020920e+01  2.344919e+00
3.96730e-02    GZ21   38.808 -122.805   -2500.000    2000.000     450.000 ZYX -2.679853e+01 -3.519049e+01  1.535132e+00
3.96730e-02    GZ21   38.808 -122.805   -2500.000    2000.000     450.000 ZYY  1.610180e+01  2.254406e+01  1.535132e+00
7.21087e-02    GZ21   38.808 -122.805   -2500.000    2000.000     450.000 ZYX -2.166249e+01 -2.138670e+01  9.602002e-01
7.21087e-02    GZ21   38.808 -122.805   -2500.000    2000.000     450.000 ZYY  9.558769e+00  1.282501e+01  9.602002e-01
1.31063e-01    GZ21   38.808 -122.805   -2500.000    2000.000     450.000 ZYX -1.999538e+01 -1.334029e+01  6.731233e-01
1.31063e-01    GZ21   38.808 -122.805   -2500.000    2000.000     450.000 ZYY  5.958907e+00  7.477749e+00  6.731233e-01
2.38218e-01    GZ21   38.808 -122.805   -2500.000    2000.000     450.000 ZYX -1.929000e+01 -9.331464e+00  5.146087e-01
2.38218e-01    GZ21   38.808 -122.805   -2500.000    2000.000     450.000 ZYY  3.978325e+00  4.535780e+00  5.146087e-01
4.32979e-01    GZ21   38.808 -122.805   -2500.000    2000.000     450.000 ZYX -1.710435e+01 -8.223435e+00  4.126198e-01
4.32979e-01    GZ21   38.808 -122.805   -2500.000    2000.000     450.000 ZYY  2.888642e+00  2.917160e+00  4.126198e-01
7.86973e-01    GZ21   38.808 -122.805   -2500.000    2000.000     450.000 ZYX -1.418885e+01 -8.109517e+00  3.541006e-01
7.86973e-01    GZ21   38.808 -122.805   -2500.000    2000.000     450.000 ZYY  2.289117e+00  2.026623e+00  3.541006e-01
1.43038e+00    GZ21   38.808 -122.805   -2500.000    2000.000     450.000 ZXX -1.296131e+00  1.168511e+00  3.095244e-01
1.43038e+00    GZ21   38.808 -122.805   -2500.000    2000.000     450.000 ZYX -1.026058e+01 -8.121035e+00  3.095244e-01
1.43038e+00    GZ21   38.808 -122.805   -2500.000    2000.000     450.000 ZYY  2.186998e+00  1.615953e+00  3.095244e-01
2.59984e+00    GZ21   38.808 -122.805   -2500.000    2000.000     450.000 ZXX -1.661324e+00  6.036076e-01  2.670718e-01
2.59984e+00    GZ21   38.808 -122.805   -2500.000    2000.000     450.000 ZYX -6.794338e+00 -6.799152e+00  2.670718e-01
2.59984e+00    GZ21   38.808 -122.805   -2500.000    2000.000     450.000 ZYY  2.221494e+00  1.421583e+00  2.670718e-01
4.72540e+00    GZ21   38.808 -122.805   -2500.000    2000.000     450.000 ZXX -1.656958e+00  5.125926e-01  2.045546e-01
4.72540e+00    GZ21   38.808 -122.805   -2500.000    2000.000     450.000 ZXY  6.039311e+00  3.558310e+00  2.380207e-01
4.72540e+00    GZ21   38.808 -122.805   -2500.000    2000.000     450.000 ZYX -4.678160e+00 -4.660053e+00  2.045546e-01
4.72540e+00    GZ21   38.808 -122.805   -2500.000    2000.000     450.000 ZYY  2.426712e+00  1.046868e+00  2.045546e-01
8.58879e+00    GZ21   38.808 -122.805   -2500.000    2000.000     450.000 ZXX -1.638210e+00  4.800190e-01  1.704741e-01
8.58879e+00    GZ21   38.808 -122.805   -2500.000    2000.000     450.000 ZYX -4.184366e+00 -2.549546e+00  1.704741e-01
8.58879e+00    GZ21   38.808 -122.805   -2500.000    2000.000     450.000 ZYY  2.273358e+00  3.913429e-01  1.704741e-01
1.56108e+01    GZ21   38.808 -122.805   -2500.000    2000.000     450.000 ZXX -1.901821e+00  2.661499e-01  1.471268e-01
1.56108e+01    GZ21   38.808 -122.805   -2500.000    2000.000     450.000 ZYX -3.443111e+00 -1.611945e+00  1.471268e-01
1.56108e+01    GZ21   38.808 -122.805   -2500.000    2000.000     450.000 ZYY  1.788984e+00  4.446751e-01  1.471268e-01
2.83738e+01    GZ21   38.808 -122.805   -2500.000    2000.000     450.000 ZXX -2.198703e+00  3.986148e-02  1.065893e-01
2.83738e+01    GZ21   38.808 -122.805   -2500.000    2000.000     450.000 ZXY  3.949801e+00  1.910777e+00  1.154119e-01
2.83738e+01    GZ21   38.808 -122.805   -2500.000    2000.000     450.000 ZYX -2.543822e+00 -1.298842e+00  1.065893e-01
2.83738e+01    GZ21   38.808 -122.805   -2500.000    2000.000     450.000 ZYY  1.522489e+00  4.740176e-01  1.065893e-01
5.15716e+01    GZ21   38.808 -122.805   -2500.000    2000.000     450.000 ZXX -2.118087e+00 -6.910174e-02  8.526415e-02
5.15716e+01    GZ21   38.808 -122.805   -2500.000    2000.000     450.000 ZXY  3.256548e+00  1.653786e+00  9.736991e-02
5.15716e+01    GZ21   38.808 -122.805   -2500.000    2000.000     450.000 ZYX -1.966616e+00 -9.442542e-01  8.526415e-02
5.15716e+01    GZ21   38.808 -122.805   -2500.000    2000.000     450.000 ZYY  1.351090e+00  5.439749e-01  8.526415e-02
9.37354e+01    GZ21   38.808 -122.805   -2500.000    2000.000     450.000 ZXX -2.119076e+00 -1.763045e-01  9.905950e-02
9.37354e+01    GZ21   38.808 -122.805   -2500.000    2000.000     450.000 ZXY  2.689226e+00  1.335688e+00  1.047009e-01
9.37354e+01    GZ21   38.808 -122.805   -2500.000    2000.000     450.000 ZYX -1.889741e+00 -6.689669e-01  7.458940e-02
9.37354e+01    GZ21   38.808 -122.805   -2500.000    2000.000     450.000 ZYY  1.232231e+00  4.741210e-01  7.458940e-02
1.70371e+02    GZ21   38.808 -122.805   -2500.000    2000.000     450.000 ZXX -2.062989e+00 -1.851191e-01  1.326679e-01
1.70371e+02    GZ21   38.808 -122.805   -2500.000    2000.000     450.000 ZXY  2.340184e+00  1.083639e+00  1.558648e-01
1.70371e+02    GZ21   38.808 -122.805   -2500.000    2000.000     450.000 ZYX -1.787029e+00 -5.253197e-01  9.039571e-02
1.70371e+02    GZ21   38.808 -122.805   -2500.000    2000.000     450.000 ZYY  1.076565e+00  3.436002e-01  1.123350e-01
3.09663e+02    GZ21   38.808 -122.805   -2500.000    2000.000     450.000 ZXX -1.483098e+00 -2.581869e-01  2.047483e-01
3.09663e+02    GZ21   38.808 -122.805   -2500.000    2000.000     450.000 ZXY  1.876128e+00  6.807581e-01  1.849914e-01
3.09663e+02    GZ21   38.808 -122.805   -2500.000    2000.000     450.000 ZYX -1.450353e+00 -3.230404e-01  1.064909e-01
3.09663e+02    GZ21   38.808 -122.805   -2500.000    2000.000     450.000 ZYY  7.031469e-01  3.588554e-01  1.247004e-01
5.62837e+02    GZ21   38.808 -122.805   -2500.000    2000.000     450.000 ZXX -1.439493e+00 -2.083823e-01  1.427999e-01
5.62837e+02    GZ21   38.808 -122.805   -2500.000    2000.000     450.000 ZXY  1.443444e+00  5.809446e-01  1.582998e-01
5.62837e+02    GZ21   38.808 -122.805   -2500.000    2000.000     450.000 ZYX -1.085098e+00 -4.035614e-01  4.161086e-02
5.62837e+02    GZ21   38.808 -122.805   -2500.000    2000.000     450.000 ZYY  7.160166e-01  2.379915e-01  5.617779e-02
1.02300e+03    GZ21   38.808 -122.805   -2500.000    2000.000     450.000 ZXX -1.184163e+00 -3.767437e-01  8.041402e-02
1.02300e+03    GZ21   38.808 -122.805   -2500.000    2000.000     450.000 ZXY  1.322299e+00  4.438806e-01  2.953769e-01
1.02300e+03    GZ21   38.808 -122.805   -2500.000    2000.000     450.000 ZYX -7.732666e-01 -3.766992e-01  3.382144e-02
1.02300e+03    GZ21   38.808 -122.805   -2500.000    2000.000     450.000 ZYY  5.179671e-01  4.838333e-01  5.583137e-02
2.00000e-03    GZ22   38.826 -122.824    -502.000     400.000     570.000 ZXX -2.322007e+02 -3.429448e+02  9.866389e+00
2.00000e-03    GZ22   38.826 -122.824    -502.000     400.000     570.000 ZXY  1.707842e+02  1.944615e+02  9.866389e+00
2.00000e-03    GZ22   38.826 -122.824    -502.000     400.000     570.000 ZYX -1.638820e+02 -1.890601e+02  9.866389e+00
2.00000e-03    GZ22   38.826 -122.824    -502.000     400.000     570.000 ZYY -1.602038e+02 -1.835087e+02  9.866389e+00
3.63516e-03    GZ22   38.826 -122.824    -502.000     400.000     570.000 ZXX -1.612170e+02 -2.265781e+02  6.420107e+00
3.63516e-03    GZ22   38.826 -122.824    -502.000     400.000     570.000 ZXY  1.219589e+02  1.622407e+02  6.420107e+00
3.63516e-03    GZ22   38.826 -122.824    -502.000     400.000     570.000 ZYX -1.027647e+02 -1.257896e+02  6.420107e+00
3.63516e-03    GZ22   38.826 -122.824    -502.000     400.000     570.000 ZYY -9.372389e+01 -1.170212e+02  6.420107e+00
6.60718e-03    GZ22   38.826 -122.824    -502.000     400.000     570.000 ZXX -1.124077e+02 -1.641339e+02  4.700813e+00
6.60718e-03    GZ22   38.826 -122.824    -502.000     400.000     570.000 ZXY  8.050358e+01  1.101544e+02  4.700813e+00
6.60718e-03    GZ22   38.826 -122.824    -502.000     400.000     570.000 ZYX -7.121085e+01 -9.543158e+01  4.700813e+00
6.60718e-03    GZ22   38.826 -122.824    -502.000     400.000     570.000 ZYY -7.048421e+01 -9.017316e+01  4.700813e+00
1.20091e-02    GZ22   38.826 -122.824    -502.000     400.000     570.000 ZXX -7.536399e+01 -1.144427e+02  3.240916e+00
1.20091e-02    GZ22   38.826 -122.824    -502.000     400.000     570.000 ZXY  5.185612e+01  7.979723e+01  3.240916e+00
1.20091e-02    GZ22   38.826 -122.824    -502.000     400.000     570.000 ZYX -4.663204e+01 -6.732956e+01  3.240916e+00
1.20091e-02    GZ22   38.826 -122.824    -502.000     400.000     570.000 ZYY -4.735398e+01 -6.327499e+01  3.240916e+00
2.18274e-02    GZ22   38.826 -122.824    -502.000     400.000     570.000 ZXX -5.051232e+01 -7.956985e+01  2.297793e+00
2.18274e-02    GZ22   38.826 -122.824    -502.000     400.000     570.000 ZXY  3.422763e+01  5.578637e+01  2.297793e+00
2.18274e-02    GZ22   38.826 -122.824    -502.000     400.000     570.000 ZYX -3.181392e+01 -4.707983e+01  2.297793e+00
2.18274e-02    GZ22   38.826 -122.824    -502.000     400.000     570.000 ZYY -3.685193e+01 -4.599499e+01  2.297793e+00
3.96730e-02    GZ22   38.826 -122.824    -502.000     400.000     570.000 ZXX -3.237373e+01 -5.414491e+01  1.520558e+00
3.96730e-02    GZ22   38.826 -122.824    -502.000     400.000     570.000 ZXY  2.147008e+01  3.713811e+01  1.520558e+00
3.96730e-02    GZ22   38.826 -122.824    -502.000     400.000     570.000 ZYX -2.240257e+01 -3.265735e+01  1.520558e+00
3.96730e-02    GZ22   38.826 -122.824    -502.000     400.000     570.000 ZYY -2.125033e+01 -3.184651e+01  1.520558e+00
7.21087e-02    GZ22   38.826 -122.824    -502.000     400.000     570.000 ZXX -2.112009e+01 -3.440122e+01  9.949643e-01
7.21087e-02    GZ22   38.826 -122.824    -502.000     400.000     570.000 ZXY  1.410238e+01  2.318597e+01  9.949643e-01
7.21087e-02    GZ22   38.826 -122.824    -502.000     400.000     570.000 ZYX -1.507865e+01 -2.180970e+01  9.949643e-01
7.21087e-02    GZ22   38.826 -122.824    -502.000     400.000     570.000 ZYY -1.368156e+01 -2.206665e+01  9.949643e-01
1.31063e-01    GZ22   38.826 -122.824    -502.000     400.000     570.000 ZXX -1.556684e+01 -2.015800e+01  6.375965e-01
1.31063e-01    GZ22   38.826 -122.824    -502.000     400.000     570.000 ZXY  1.107404e+01  1.334188e+01  6.375965e-01
1.31063e-01    GZ22   38.826 -122.824    -502.000     400.000     570.000 ZYX -1.078457e+01 -1.341295e+01  6.375965e-01
1.31063e-01    GZ22   38.826 -122.824    -502.000     400.000     570.000 ZYY -8.938165e+00 -1.450456e+01  6.375965e-01
2.38218e-01    GZ22   38.826 -122.824    -502.000     400.000     570.000 ZXX -1.438025e+01 -1.162959e+01  4.423598e-01
2.38218e-01    GZ22   38.826 -122.824    -502.000     400.000     570.000 ZXY  1.128898e+01  7.395417e+00  4.423598e-01
2.38218e-01    GZ22   38.826 -122.824    -502.000     400.000     570.000 ZYX -9.164102e+00 -8.130751e+00  4.423598e-01
2.38218e-01    GZ22   38.826 -122.824    -502.000     400.000     570.000 ZYY -6.500846e+00 -8.868981e+00  4.423598e-01
4.32979e-01    GZ22   38.826 -122.824    -502.000     400.000     570.000 ZXX -1.369898e+01 -7.786196e+00  3.547848e-01
4.32979e-01    GZ22   38.826 -122.824    -502.000     400.000     570.000 ZXY  9.951463e+00  4.595026e+00  3.547848e-01
4.32979e-01    GZ22   38.826 -122.824    -502.000     400.000     570.000 ZYX -8.510910e+00 -5.493303e+00  3.547848e-01
4.32979e-01    GZ22   38.826 -122.824    -502.000     400.000     570.000 ZYY -5.316636e+00 -5.836738e+00  3.547848e-01
7.86973e-01    GZ22   38.826 -122.824    -502.000     400.000     570.000 ZXX -1.254716e+01 -6.129985e+00  3.033396e-01
7.86973e-01    GZ22   38.826 -122.824    -502.000     400.000     570.000 ZXY  8.879236e+00  3.736240e+00  3.033396e-01
7.86973e-01    GZ22   38.826 -122.824    -502.000     400.000     570.000 ZYX -7.679548e+00 -4.533188e+00  3.033396e-01
7.86973e-01    GZ22   38.826 -122.824    -502.000     400.000     570.000 ZYY -4.206529e+00 -4.111243e+00  3.033396e-01
1.43038e+00    GZ22   38.826 -122.824    -502.000     400.000     570.000 ZXX -1.098806e+01 -5.618541e+00  2.764975e-01
1.43038e+00    GZ22   38.826 -122.824    -502.000     400.000     570.000 ZXY  8.249591e+00  3.311084e+00  2.764975e-01
1.43038e+00    GZ22   38.826 -122.824    -502.000     400.000     570.000 ZYX -6.373307e+00 -4.433747e+00  2.764975e-01
1.43038e+00    GZ22   38.826 -122.824    -502.000     400.000     570.000 ZYY -3.013831e+00 -3.148642e+00  2.764975e-01
2.59984e+00    GZ22   38.826 -122.824    -502.000     400.000     570.000 ZXX -8.826674e+00 -5.355402e+00  2.343122e-01
2.59984e+00    GZ22   38.826 -122.824    -502.000     400.000     570.000 ZXY  7.404129e+00  2.965546e+00  2.343122e-01
2.59984e+00    GZ22   38.826 -122.824    -502.000     400.000     570.000 ZYX -4.549233e+00 -4.140092e+00  2.343122e-01
2.59984e+00    GZ22   38.826 -122.824    -502.000     400.000     570.000 ZYY -2.189171e+00 -2.618284e+00  2.343122e-01
4.72540e+00    GZ22   38.826 -122.824    -502.000     400.000     570.000 ZXX -6.742119e+00 -4.169993e+00  1.757222e-01
4.72540e+00    GZ22   38.826 -122.824    -502.000     400.000     570.000 ZXY  5.812252e+00  2.391581e+00  1.757222e-01
4.72540e+00    GZ22   38.826 -122.824    -502.000     400.000     570.000 ZYX -2.980581e+00 -2.974377e+00  1.757222e-01
4.72540e+00    GZ22   38.826 -122.824    -502.000     400.000     570.000 ZYY -1.503125e+00 -1.775089e+00  1.757222e-01
8.58879e+00    GZ22   38.826 -122.824    -502.000     400.000     570.000 ZXX -5.302128e+00 -2.637548e+00  1.267689e-01
8.58879e+00    GZ22   38.826 -122.824    -502.000     400.000     570.000 ZXY  4.455973e+00  1.877505e+00  1.267689e-01
8.58879e+00    GZ22   38.826 -122.824    -502.000     400.000     570.000 ZYX -1.957192e+00 -1.847799e+00  1.267689e-01
8.58879e+00    GZ22   38.826 -122.824    -502.000     400.000     570.000 ZYY -1.018818e+00 -1.130076e+00  1.267689e-01
1.56108e+01    GZ22   38.826 -122.824    -502.000     400.000     570.000 ZXX -4.504708e+00 -1.777595e+00  9.904818e-02
1.56108e+01    GZ22   38.826 -122.824    -502.000     400.000     570.000 ZXY  3.701168e+00  1.590971e+00  9.904818e-02
1.56108e+01    GZ22   38.826 -122.824    -502.000     400.000     570.000 ZYX -1.359618e+00 -1.218292e+00  9.904818e-02
1.56108e+01    GZ22   38.826 -122.824    -502.000     400.000     570.000 ZYY -7.503671e-01 -7.720272e-01  9.904818e-02
2.83738e+01    GZ22   38.826 -122.824    -502.000     400.000     570.000 ZXX -4.065982e+00 -1.304462e+00  8.375116e-02
2.83738e+01    GZ22   38.826 -122.824    -502.000     400.000     570.000 ZXY  3.285886e+00  1.433324e+00  9.933479e-02
2.83738e+01    GZ22   38.826 -122.824    -502.000     400.000     570.000 ZYX -1.030844e+00 -8.719462e-01  8.375116e-02
2.83738e+01    GZ22   38.826 -122.824    -502.000     400.000     570.000 ZYY -6.026698e-01 -5.750350e-01  8.375116e-02
5.15716e+01    GZ22   38.826 -122.824    -502.000     400.000     570.000 ZXX -3.824602e+00 -1.044153e+00  7.409900e-02
5.15716e+01    GZ22   38.826 -122.824    -502.000     400.000     570.000 ZXY  3.057405e+00  1.346589e+00  1.015305e-01
5.15716e+01    GZ22   38.826 -122.824    -502.000     400.000     570.000 ZYX -8.698107e-01 -5.488114e-01  7.409900e-02
5.15716e+01    GZ22   38.826 -122.824    -502.000     400.000     570.000 ZYY -5.214093e-01 -4.666532e-01  7.409900e-02
9.37354e+01    GZ22   38.826 -122.824    -502.000     400.000     570.000 ZXX -4.099939e+00 -7.420175e-01  1.168562e-01
9.37354e+01    GZ22   38.826 -122.824    -502.000     400.000     570.000 ZXY  2.810465e+00  1.357122e+00  1.406693e-01
9.37354e+01    GZ22   38.826 -122.824    -502.000     400.000     570.000 ZYX -7.843260e-01 -3.502390e-01  7.445877e-02
9.37354e+01    GZ22   38.826 -122.824    -502.000     400.000     570.000 ZYY -3.614095e-01 -2.438400e-01  7.445877e-02
1.70371e+02    GZ22   38.826 -122.824    -502.000     400.000     570.000 ZXX -3.857968e+00 -6.273595e-01  1.353793e-01
1.70371e+02    GZ22   38.826 -122.824    -502.000     400.000     570.000 ZXY  2.579978e+00  1.056365e+00  1.540065e-01
1.70371e+02    GZ22   38.826 -122.824    -502.000     400.000     570.000 ZYX -8.240257e-01 -2.177390e-01  7.907770e-02
1.70371e+02    GZ22   38.826 -122.824    -502.000     400.000     570.000 ZYY -2.998017e-01 -1.653383e-01  8.446988e-02
3.09663e+02    GZ22   38.826 -122.824    -502.000     400.000     570.000 ZXX -3.082362e+00 -7.476784e-01  1.199030e-01
3.09663e+02    GZ22   38.826 -122.824    -502.000     400.000     570.000 ZXY  2.213417e+00  7.062785e-01  1.397877e-01
3.09663e+02    GZ22   38.826 -122.824    -502.000     400.000     570.000 ZYX -6.257281e-01 -1.965297e-01  8.293769e-02
3.09663e+02    GZ22   38.826 -122.824    -502.000     400.000     570.000 ZYY -3.109140e-01 -1.981241e-01  8.430874e-02
5.62837e+02    GZ22   38.826 -122.824    -502.000     400.000     570.000 ZXX -2.278459e+00 -6.485548e-01  4.381306e-02
5.62837e+02    GZ22   38.826 -122.824    -502.000     400.000     570.000 ZXY  1.698351e+00  5.663454e-01  5.447408e-02
5.62837e+02    GZ22   38.826 -122.824    -502.000     400.000     570.000 ZYX -3.825918e-01 -2.219051e-01  4.528164e-02
5.62837e+02    GZ22   38.826 -122.824    -502.000     400.000     570.000 ZYY -2.111047e-01 -2.232423e-01  5.468691e-02
1.02300e+03    GZ22   38.826 -122.824    -502.000     400.000     570.000 ZXX -1.885777e+00 -6.874958e-01  4.556433e-02
1.02300e+03    GZ22   38.826 -122.824    -502.000     400.000     570.000 ZXY  1.429016e+00  3.922354e-01  5.819712e-02
1.02300e+03    GZ22   38.826 -122.824    -502.000     400.000     570.000 ZYX -2.806239e-01 -1.562432e-01  3.391387e-02
1.02300e+03    GZ22   38.826 -122.824    -502.000     400.000     570.000 ZYY -1.605074e-01 -1.447160e-01  4.380536e-02
2.00000e-03    GZ23   38.820 -122.831   -1100.000    -400.000     450.000 ZXX  2.096813e+01  5.671795e+00  8.044487e+00
2.00000e-03    GZ23   38.820 -122.831   -1100.000    -400.000     450.000 ZXY  2.380915e+02  3.111204e+02  8.044487e+00
2.00000e-03    GZ23   38.820 -122.831   -1100.000    -400.000     450.000 ZYX -1.605579e+02 -8.795923e+01  8.044487e+00
2.00000e-03    GZ23   38.820 -122.831   -1100.000    -400.000     450.000 ZYY -4.607346e+01 -1.574323e+01  8.044487e+00
3.63516e-03    GZ23   38.820 -122.831   -1100.000    -400.000     450.000 ZXX  1.618930e+01  5.735872e+00  5.773373e+00
3.63516e-03    GZ23   38.820 -122.831   -1100.000    -400.000     450.000 ZXY  1.303526e+02  2.130299e+02  5.773373e+00
3.63516e-03    GZ23   38.820 -122.831   -1100.000    -400.000     450.000 ZYX -1.129697e+02 -9.542616e+01  5.773373e+00
3.63516e-03    GZ23   38.820 -122.831   -1100.000    -400.000     450.000 ZYY -3.164762e+01 -2.006027e+01  5.773373e+00
6.60718e-03    GZ23   38.820 -122.831   -1100.000    -400.000     450.000 ZXX  1.521897e+01  6.676454e+00  4.090056e+00
6.60718e-03    GZ23   38.820 -122.831   -1100.000    -400.000     450.000 ZXY  8.125215e+01  1.487787e+02  4.090056e+00
6.60718e-03    GZ23   38.820 -122.831   -1100.000    -400.000     450.000 ZYX -7.065344e+01 -8.355016e+01  4.090056e+00
6.60718e-03    GZ23   38.820 -122.831   -1100.000    -400.000     450.000 ZYY -2.407057e+01 -1.624313e+01  4.090056e+00
1.20091e-02    GZ23   38.820 -122.831   -1100.000    -400.000     450.000 ZXX  1.159927e+01  7.850893e+00  2.786076e+00
1.20091e-02    GZ23   38.820 -122.831   -1100.000    -400.000     450.000 ZXY  5.073401e+01  1.011593e+02  2.786076e+00
1.20091e-02    GZ23   38.820 -122.831   -1100.000    -400.000     450.000 ZYX -4.299691e+01 -6.261650e+01  2.786076e+00
1.20091e-02    GZ23   38.820 -122.831   -1100.000    -400.000     450.000 ZYY -1.893860e+01 -1.587882e+01  2.786076e+00
2.18274e-02    GZ23   38.820 -122.831   -1100.000    -400.000     450.000 ZXX  7.536930e+00  7.244566e+00  1.847371e+00
2.18274e-02    GZ23   38.820 -122.831   -1100.000    -400.000     450.000 ZXY  2.986185e+01  6.800066e+01  1.847371e+00
2.18274e-02    GZ23   38.820 -122.831   -1100.000    -400.000     450.000 ZYX -2.573055e+01 -4.385168e+01  1.847371e+00
2.18274e-02    GZ23   38.820 -122.831   -1100.000    -400.000     450.000 ZYY -1.347553e+01 -1.258131e+01  1.847371e+00
3.96730e-02    GZ23   38.820 -122.831   -1100.000    -400.000     450.000 ZXX  4.702845e+00  5.351790e+00  1.173365e+00
3.96730e-02    GZ23   38.820 -122.831   -1100.000    -400.000     450.000 ZXY  1.705902e+01  4.329649e+01  1.173365e+00
3.96730e-02    GZ23   38.820 -122.831   -1100.000    -400.000     450.000 ZYX -1.559934e+01 -2.870621e+01  1.173365e+00
3.96730e-02    GZ23   38.820 -122.831   -1100.000    -400.000     450.000 ZYY -8.980904e+00 -9.746184e+00  1.173365e+00
7.21087e-02    GZ23   38.820 -122.831   -1100.000    -400.000     450.000 ZXX  3.346244e+00  3.697536e+00  7.300099e-01
7.21087e-02    GZ23   38.820 -122.831   -1100.000    -400.000     450.000 ZXY  1.019465e+01  2.642781e+01  7.300099e-01
7.21087e-02    GZ23   38.820 -122.831   -1100.000    -400.000     450.000 ZYX -1.037774e+01 -1.795988e+01  7.300099e-01
7.21087e-02    GZ23   38.820 -122.831   -1100.000    -400.000     450.000 ZYY -5.857313e+00 -7.177438e+00  7.300099e-01
1.31063e-01    GZ23   38.820 -122.831   -1100.000    -400.000     450.000 ZXX  2.823551e+00  2.492584e+00  4.598840e-01
1.31063e-01    GZ23   38.820 -122.831   -1100.000    -400.000     450.000 ZXY  7.240624e+00  1.640638e+01  4.679171e-01
1.31063e-01    GZ23   38.820 -122.831   -1100.000    -400.000     450.000 ZYX -7.693842e+00 -1.045484e+01  4.598840e-01
1.31063e-01    GZ23   38.820 -122.831   -1100.000    -400.000     450.000 ZYY -4.271643e+00 -5.211330e+00  4.598840e-01
2.38218e-01    GZ23   38.820 -122.831   -1100.000    -400.000     450.000 ZXX  2.431276e+00  2.154381e+00  4.830702e-01
2.38218e-01    GZ23   38.820 -122.831   -1100.000    -400.000     450.000 ZXY  6.010071e+00  1.025782e+01  1.291170e+00
2.38218e-01    GZ23   38.820 -122.831   -1100.000    -400.000     450.000 ZYX -6.562496e+00 -6.294257e+00  3.124971e-01
2.38218e-01    GZ23   38.820 -122.831   -1100.000    -400.000     450.000 ZYY -3.047026e+00 -3.327681e+00  7.651331e-01
2.00000e-03    GZ24   38.819 -122.856   -1300.000   -2600.000     720.000 ZYY -8.516969e+00 -1.231170e+01  5.490793e-01
3.63516e-03    GZ24   38.819 -122.856   -1300.000   -2600.000     720.000 ZXX  4.023850e+01  4.610459e+01  1.174643e+00
3.63516e-03    GZ24   38.819 -122.856   -1300.000   -2600.000     720.000 ZYY -9.007325e+00 -1.455310e+01  1.174643e+00
6.60718e-03    GZ24   38.819 -122.856   -1300.000   -2600.000     720.000 ZXX  3.073923e+01  3.816428e+01  5.084520e+00
6.60718e-03    GZ24   38.819 -122.856   -1300.000   -2600.000     720.000 ZXY  1.046980e+02  1.197253e+02  5.084520e+00
6.60718e-03    GZ24   38.819 -122.856   -1300.000   -2600.000     720.000 ZYX -1.332076e+02 -1.195859e+02  5.084520e+00
6.60718e-03    GZ24   38.819 -122.856   -1300.000   -2600.000     720.000 ZYY -9.385944e+00 -1.435323e+01  5.084520e+00
1.20091e-02    GZ24   38.819 -122.856   -1300.000   -2600.000     720.000 ZXX  2.098510e+01  2.898402e+01  3.751356e+00
1.20091e-02    GZ24   38.819 -122.856   -1300.000   -2600.000     720.000 ZXY  7.429221e+01  9.159921e+01  3.751356e+00
1.20091e-02    GZ24   38.819 -122.856   -1300.000   -2600.000     720.000 ZYX -8.789264e+01 -9.763612e+01  3.751356e+00
1.20091e-02    GZ24   38.819 -122.856   -1300.000   -2600.000     720.000 ZYY -7.423827e+00 -9.296119e+00  3.751356e+00
2.18274e-02    GZ24   38.819 -122.856   -1300.000   -2600.000     720.000 ZXX  1.342179e+01  2.114570e+01  2.662134e+00
2.18274e-02    GZ24   38.819 -122.856   -1300.000   -2600.000     720.000 ZXY  5.092882e+01  6.745074e+01  2.662134e+00
2.18274e-02    GZ24   38.819 -122.856   -1300.000   -2600.000     720.000 ZYX -5.602225e+01 -7.340225e+01  2.662134e+00
2.18274e-02    GZ24   38.819 -122.856   -1300.000   -2600.000     720.000 ZYY -5.242814e+00 -6.433927e+00  2.662134e+00
3.96730e-02    GZ24   38.819 -122.856   -1300.000   -2600.000     720.000 ZXX  8.019124e+00  1.488855e+01  1.820516e+00
3.96730e-02    GZ24   38.819 -122.856   -1300.000   -2600.000     720.000 ZXY  3.327824e+01  4.767573e+01  1.820516e+00
3.96730e-02    GZ24   38.819 -122.856   -1300.000   -2600.000     720.000 ZYX -3.506002e+01 -5.210092e+01  1.820516e+00
3.96730e-02    GZ24   38.819 -122.856   -1300.000   -2600.000     720.000 ZYY -3.357011e+00 -4.629529e+00  1.820516e+00
7.21087e-02    GZ24   38.819 -122.856   -1300.000   -2600.000     720.000 ZXX  4.441691e+00  9.534663e+00  1.188860e+00
7.21087e-02    GZ24   38.819 -122.856   -1300.000   -2600.000     720.000 ZXY  2.113814e+01  3.179686e+01  1.188860e+00
7.21087e-02    GZ24   38.819 -122.856   -1300.000   -2600.000     720.000 ZYX -2.196918e+01 -3.444753e+01  1.188860e+00
7.21087e-02    GZ24   38.819 -122.856   -1300.000   -2600.000     720.000 ZYY -1.493256e+00 -3.771700e+00  1.188860e+00
1.31063e-01    GZ24   38.819 -122.856   -1300.000   -2600.000     720.000 ZXX  2.535321e+00  6.140681e+00  7.843959e-01
1.31063e-01    GZ24   38.819 -122.856   -1300.000   -2600.000     720.000 ZXY  1.474914e+01  2.085983e+01  7.843959e-01
1.31063e-01    GZ24   38.819 -122.856   -1300.000   -2600.000     720.000 ZYX -1.487826e+01 -2.212049e+01  7.843959e-01
1.31063e-01    GZ24   38.819 -122.856   -1300.000   -2600.000     720.000 ZYY -2.987409e-01 -3.415397e+00  7.843959e-01
2.38218e-01    GZ24   38.819 -122.856   -1300.000   -2600.000     720.000 ZXX  1.665615e+00  4.067162e+00  5.268581e-01
2.38218e-01    GZ24   38.819 -122.856   -1300.000   -2600.000     720.000 ZXY  1.153191e+01  1.285540e+01  5.268581e-01
2.38218e-01    GZ24   38.819 -122.856   -1300.000   -2600.000     720.000 ZYX -1.132927e+01 -1.376262e+01  5.268581e-01
2.38218e-01    GZ24   38.819 -122.856   -1300.000   -2600.000     720.000 ZYY  1.061729e+00 -2.679573e+00  5.268581e-01
4.32979e-01    GZ24   38.819 -122.856   -1300.000   -2600.000     720.000 ZXX  1.200381e+00  2.816355e+00  3.931917e-01
4.32979e-01    GZ24   38.819 -122.856   -1300.000   -2600.000     720.000 ZXY  1.019769e+01  8.158214e+00  3.931917e-01
4.32979e-01    GZ24   38.819 -122.856   -1300.000   -2600.000     720.000 ZYX -9.832850e+00 -8.728738e+00  3.931917e-01
4.32979e-01    GZ24   38.819 -122.856   -1300.000   -2600.000     720.000 ZYY  1.819330e+00 -1.767851e+00  3.931917e-01
7.86973e-01    GZ24   38.819 -122.856   -1300.000   -2600.000     720.000 ZXX  5.626475e-01  2.416542e+00  3.222107e-01
7.86973e-01    GZ24   38.819 -122.856   -1300.000   -2600.000     720.000 ZXY  9.082092e+00  5.863006e+00  3.222107e-01
7.86973e-01    GZ24   38.819 -122.856   -1300.000   -2600.000     720.000 ZYX -8.719096e+00 -6.151759e+00  3.222107e-01
7.86973e-01    GZ24   38.819 -122.856   -1300.000   -2600.000     720.000 ZYY  2.142181e+00 -1.066596e+00  3.222107e-01
1.43038e+00    GZ24   38.819 -122.856   -1300.000   -2600.000     720.000 ZXX -3.497301e-01  2.092710e+00  2.712196e-01
1.43038e+00    GZ24   38.819 -122.856   -1300.000   -2600.000     720.000 ZXY  7.817245e+00  4.689750e+00  2.712196e-01
1.43038e+00    GZ24   38.819 -122.856   -1300.000   -2600.000     720.000 ZYX -7.495279e+00 -4.914675e+00  2.712196e-01
1.43038e+00    GZ24   38.819 -122.856   -1300.000   -2600.000     720.000 ZYY  2.394359e+00 -5.206200e-01  2.712196e-01
2.59984e+00    GZ24   38.819 -122.856   -1300.000   -2600.000     720.000 ZXX -1.173502e+00  1.455112e+00  2.217693e-01
2.59984e+00    GZ24   38.819 -122.856   -1300.000   -2600.000     720.000 ZXY  6.363455e+00  3.870676e+00  2.217693e-01
2.59984e+00    GZ24   38.819 -122.856   -1300.000   -2600.000     720.000 ZYX -6.032197e+00 -4.159913e+00  2.217693e-01
2.59984e+00    GZ24   38.819 -122.856   -1300.000   -2600.000     720.000 ZYY  2.396162e+00 -5.472349e-02  2.217693e-01
4.72540e+00    GZ24   38.819 -122.856   -1300.000   -2600.000     720.000 ZXX -1.474566e+00  7.049041e-01  1.696493e-01
4.72540e+00    GZ24   38.819 -122.856   -1300.000   -2600.000     720.000 ZXY  4.987641e+00  2.826421e+00  1.696493e-01
4.72540e+00    GZ24   38.819 -122.856   -1300.000   -2600.000     720.000 ZYX -4.549668e+00 -3.202715e+00  1.696493e-01
4.72540e+00    GZ24   38.819 -122.856   -1300.000   -2600.000     720.000 ZYY  2.205222e+00  8.832758e-02  1.696493e-01
8.58879e+00    GZ24   38.819 -122.856   -1300.000   -2600.000     720.000 ZXX -1.460237e+00  4.385252e-01  1.294840e-01
8.58879e+00    GZ24   38.819 -122.856   -1300.000   -2600.000     720.000 ZXY  4.126345e+00  2.067620e+00  1.294840e-01
8.58879e+00    GZ24   38.819 -122.856   -1300.000   -2600.000     720.000 ZYX -3.399667e+00 -2.147873e+00  1.294840e-01
8.58879e+00    GZ24   38.819 -122.856   -1300.000   -2600.000     720.000 ZYY  2.042934e+00 -1.719125e-01  1.294840e-01
1.56108e+01    GZ24   38.819 -122.856   -1300.000   -2600.000     720.000 ZXX -1.637405e+00  3.809830e-01  1.070666e-01
1.56108e+01    GZ24   38.819 -122.856   -1300.000   -2600.000     720.000 ZXY  3.652474e+00  1.650141e+00  1.070666e-01
1.56108e+01    GZ24   38.819 -122.856   -1300.000   -2600.000     720.000 ZYX -2.762121e+00 -1.558847e+00  1.070666e-01
1.56108e+01    GZ24   38.819 -122.856   -1300.000   -2600.000     720.000 ZYY  1.983188e+00 -2.493874e-01  1.070666e-01
2.83738e+01    GZ24   38.819 -122.856   -1300.000   -2600.000     720.000 ZXX -1.626151e+00  2.313228e-01  9.469740e-02
2.83738e+01    GZ24   38.819 -122.856   -1300.000   -2600.000     720.000 ZXY  3.391759e+00  1.420451e+00  1.069123e-01
2.83738e+01    GZ24   38.819 -122.856   -1300.000   -2600.000     720.000 ZYX -2.411353e+00 -1.234774e+00  9.469740e-02
2.83738e+01    GZ24   38.819 -122.856   -1300.000   -2600.000     720.000 ZYY  1.717893e+00  2.345266e-01  9.469740e-02
5.15716e+01    GZ24   38.819 -122.856   -1300.000   -2600.000     720.000 ZXX -1.581185e+00  1.215599e-01  8.111834e-02
5.15716e+01    GZ24   38.819 -122.856   -1300.000   -2600.000     720.000 ZXY  2.946163e+00  1.223390e+00  1.157136e-01
5.15716e+01    GZ24   38.819 -122.856   -1300.000   -2600.000     720.000 ZYX -2.120689e+00 -8.691769e-01  8.111834e-02
5.15716e+01    GZ24   38.819 -122.856   -1300.000   -2600.000     720.000 ZYY  1.552449e+00  3.256784e-01  8.111834e-02
9.37354e+01    GZ24   38.819 -122.856   -1300.000   -2600.000     720.000 ZXX -1.681491e+00  6.874453e-03  7.116431e-02
9.37354e+01    GZ24   38.819 -122.856   -1300.000   -2600.000     720.000 ZXY  2.479451e+00  9.425889e-01  1.053388e-01
9.37354e+01    GZ24   38.819 -122.856   -1300.000   -2600.000     720.000 ZYX -2.028942e+00 -5.885717e-01  7.116431e-02
9.37354e+01    GZ24   38.819 -122.856   -1300.000   -2600.000     720.000 ZYY  1.352308e+00  2.563375e-01  7.116431e-02
1.70371e+02    GZ24   38.819 -122.856   -1300.000   -2600.000     720.000 ZXX -1.597264e+00 -1.783658e-01  9.237932e-02
1.70371e+02    GZ24   38.819 -122.856   -1300.000   -2600.000     720.000 ZXY  2.142027e+00  6.829693e-01  1.303232e-01
1.70371e+02    GZ24   38.819 -122.856   -1300.000   -2600.000     720.000 ZYX -1.963932e+00 -5.209349e-01  6.451343e-02
1.70371e+02    GZ24   38.819 -122.856   -1300.000   -2600.000     720.000 ZYY  1.127393e+00  1.097205e-01  8.052207e-02
3.09663e+02    GZ24   38.819 -122.856   -1300.000   -2600.000     720.000 ZXX -1.366783e+00 -1.733664e-01  7.238064e-02
3.09663e+02    GZ24   38.819 -122.856   -1300.000   -2600.000     720.000 ZXY  1.696928e+00  7.435233e-01  8.724545e-02
3.09663e+02    GZ24   38.819 -122.856   -1300.000   -2600.000     720.000 ZYX -1.561572e+00 -4.347087e-01  5.238988e-02
3.09663e+02    GZ24   38.819 -122.856   -1300.000   -2600.000     720.000 ZYY  9.212510e-01  2.153809e-01  6.554491e-02
5.62837e+02    GZ24   38.819 -122.856   -1300.000   -2600.000     720.000 ZXX -1.181946e+00 -1.973506e-01  4.395020e-02
5.62837e+02    GZ24   38.819 -122.856   -1300.000   -2600.000     720.000 ZXY  1.388998e+00  6.396865e-01  6.644357e-02
5.62837e+02    GZ24   38.819 -122.856   -1300.000   -2600.000     720.000 ZYX -1.315043e+00 -4.104576e-01  4.490825e-02
5.62837e+02    GZ24   38.819 -122.856   -1300.000   -2600.000     720.000 ZYY  7.722300e-01  2.106726e-01  6.743291e-02
2.00000e-03    GZ25   38.823 -122.873    -700.000   -4000.000     900.000 ZXX -1.977330e+01 -3.708909e+00  5.875061e+00
2.00000e-03    GZ25   38.823 -122.873    -700.000   -4000.000     900.000 ZXY  1.273516e+02  1.248363e+02  5.875061e+00
2.00000e-03    GZ25   38.823 -122.873    -700.000   -4000.000     900.000 ZYX -1.344870e+02 -1.670886e+02  5.875061e+00
3.63516e-03    GZ25   38.823 -122.873    -700.000   -4000.000     900.000 ZXX -9.167074e+00 -3.133002e+00  4.467032e+00
3.63516e-03    GZ25   38.823 -122.873    -700.000   -4000.000     900.000 ZXY  9.708683e+01  1.020429e+02  4.467032e+00
3.63516e-03    GZ25   38.823 -122.873    -700.000   -4000.000     900.000 ZYX -9.665288e+01 -1.240710e+02  4.467032e+00
3.63516e-03    GZ25   38.823 -122.873    -700.000   -4000.000     900.000 ZYY  7.399968e+00  1.695857e+01  4.467032e+00
6.60718e-03    GZ25   38.823 -122.873    -700.000   -4000.000     900.000 ZXX -6.381533e+00 -4.785695e+00  3.170549e+00
6.60718e-03    GZ25   38.823 -122.873    -700.000   -4000.000     900.000 ZXY  6.938617e+01  7.554013e+01  3.170549e+00
6.60718e-03    GZ25   38.823 -122.873    -700.000   -4000.000     900.000 ZYX -6.408675e+01 -8.799462e+01  3.170549e+00
6.60718e-03    GZ25   38.823 -122.873    -700.000   -4000.000     900.000 ZYY  5.609706e+00  1.036213e+01  3.170549e+00
1.20091e-02    GZ25   38.823 -122.873    -700.000   -4000.000     900.000 ZXX -4.495383e+00 -4.044195e+00  2.269630e+00
1.20091e-02    GZ25   38.823 -122.873    -700.000   -4000.000     900.000 ZXY  5.110207e+01  5.553704e+01  2.269630e+00
1.20091e-02    GZ25   38.823 -122.873    -700.000   -4000.000     900.000 ZYX -4.499402e+01 -6.104693e+01  2.269630e+00
1.20091e-02    GZ25   38.823 -122.873    -700.000   -4000.000     900.000 ZYY  2.608185e+00  6.325635e+00  2.269630e+00
2.18274e-02    GZ25   38.823 -122.873    -700.000   -4000.000     900.000 ZXX -2.959606e+00 -3.625830e+00  1.610722e+00
2.18274e-02    GZ25   38.823 -122.873    -700.000   -4000.000     900.000 ZXY  3.586754e+01  4.051555e+01  1.610722e+00
2.18274e-02    GZ25   38.823 -122.873    -700.000   -4000.000     900.000 ZYX -3.235302e+01 -4.232399e+01  1.610722e+00
2.18274e-02    GZ25   38.823 -122.873    -700.000   -4000.000     900.000 ZYY  1.730873e+00  3.953780e+00  1.610722e+00
3.96730e-02    GZ25   38.823 -122.873    -700.000   -4000.000     900.000 ZXX -2.257186e+00 -2.374952e+00  1.141857e+00
3.96730e-02    GZ25   38.823 -122.873    -700.000   -4000.000     900.000 ZXY  2.471781e+01  2.949161e+01  1.141857e+00
3.96730e-02    GZ25   38.823 -122.873    -700.000   -4000.000     900.000 ZYX -2.351874e+01 -2.939471e+01  1.141857e+00
3.96730e-02    GZ25   38.823 -122.873    -700.000   -4000.000     900.000 ZYY  1.199416e+00  2.344448e+00  1.141857e+00
7.21087e-02    GZ25   38.823 -122.873    -700.000   -4000.000     900.000 ZXX -1.533468e+00 -1.650608e+00  8.022239e-01
7.21087e-02    GZ25   38.823 -122.873    -700.000   -4000.000     900.000 ZXY  1.708583e+01  2.083236e+01  8.022239e-01
7.21087e-02    GZ25   38.823 -122.873    -700.000   -4000.000     900.000 ZYX -1.693968e+01 -2.042542e+01  8.022239e-01
7.21087e-02    GZ25   38.823 -122.873    -700.000   -4000.000     900.000 ZYY  8.193351e-01  1.323811e+00  8.022239e-01
1.31063e-01    GZ25   38.823 -122.873    -700.000   -4000.000     900.000 ZXX -1.051884e+00 -1.163232e+00  5.588727e-01
1.31063e-01    GZ25   38.823 -122.873    -700.000   -4000.000     900.000 ZXY  1.211713e+01  1.419842e+01  5.588727e-01
1.31063e-01    GZ25   38.823 -122.873    -700.000   -4000.000     900.000 ZYX -1.247704e+01 -1.377651e+01  5.588727e-01
1.31063e-01    GZ25   38.823 -122.873    -700.000   -4000.000     900.000 ZYY  7.514663e-01  5.485567e-01  5.588727e-01
2.38218e-01    GZ25   38.823 -122.873    -700.000   -4000.000     900.000 ZXX -8.365533e-01 -6.733966e-01  3.921837e-01
2.38218e-01    GZ25   38.823 -122.873    -700.000   -4000.000     900.000 ZXY  9.371039e+00  8.798458e+00  3.921837e-01
2.38218e-01    GZ25   38.823 -122.873    -700.000   -4000.000     900.000 ZYX -9.815182e+00 -8.966718e+00  3.921837e-01
2.38218e-01    GZ25   38.823 -122.873    -700.000   -4000.000     900.000 ZYY  8.696344e-01 -6.031601e-02  3.921837e-01
4.32979e-01    GZ25   38.823 -122.873    -700.000   -4000.000     900.000 ZXX -6.481012e-01 -2.948341e-01  3.073761e-01
4.32979e-01    GZ25   38.823 -122.873    -700.000   -4000.000     900.000 ZXY  8.114662e+00  5.980622e+00  3.073761e-01
4.32979e-01    GZ25   38.823 -122.873    -700.000   -4000.000     900.000 ZYX -8.451574e+00 -6.075248e+00  3.073761e-01
4.32979e-01    GZ25   38.823 -122.873    -700.000   -4000.000     900.000 ZYY  1.173234e+00 -1.366049e-01  3.073761e-01
7.86973e-01    GZ25   38.823 -122.873    -700.000   -4000.000     900.000 ZXX -7.118478e-01  1.289803e-01  2.545276e-01
7.86973e-01    GZ25   38.823 -122.873    -700.000   -4000.000     900.000 ZXY  7.108568e+00  4.340501e+00  2.545276e-01
7.86973e-01    GZ25   38.823 -122.873    -700.000   -4000.000     900.000 ZYX -7.417528e+00 -4.416235e+00  2.545276e-01
7.86973e-01    GZ25   38.823 -122.873    -700.000   -4000.000     900.000 ZYY  1.283731e+00 -1.633996e-01  2.545276e-01
1.43038e+00    GZ25   38.823 -122.873    -700.000   -4000.000     900.000 ZXX -1.012757e+00  3.738018e-01  2.163149e-01
1.43038e+00    GZ25   38.823 -122.873    -700.000   -4000.000     900.000 ZXY  6.118317e+00  3.515546e+00  2.163149e-01
1.43038e+00    GZ25   38.823 -122.873    -700.000   -4000.000     900.000 ZYX -6.419738e+00 -3.603886e+00  2.163149e-01
1.43038e+00    GZ25   38.823 -122.873    -700.000   -4000.000     900.000 ZYY  1.480953e+00 -1.047957e-01  2.163149e-01
2.59984e+00    GZ25   38.823 -122.873    -700.000   -4000.000     900.000 ZXX -1.344641e+00  2.974676e-01  1.815798e-01
2.59984e+00    GZ25   38.823 -122.873    -700.000   -4000.000     900.000 ZXY  5.032990e+00  3.009443e+00  1.815798e-01
2.59984e+00    GZ25   38.823 -122.873    -700.000   -4000.000     900.000 ZYX -5.350658e+00 -3.222633e+00  1.815798e-01
2.59984e+00    GZ25   38.823 -122.873    -700.000   -4000.000     900.000 ZYY  1.536016e+00 -4.182687e-02  1.815798e-01
4.72540e+00    GZ25   38.823 -122.873    -700.000   -4000.000     900.000 ZXX -1.392184e+00  2.036350e-03  1.410055e-01
4.72540e+00    GZ25   38.823 -122.873    -700.000   -4000.000     900.000 ZXY  3.978468e+00  2.206787e+00  1.410055e-01
4.72540e+00    GZ25   38.823 -122.873    -700.000   -4000.000     900.000 ZYX -4.100989e+00 -2.600124e+00  1.410055e-01
4.72540e+00    GZ25   38.823 -122.873    -700.000   -4000.000     900.000 ZYY  1.419598e+00  7.321879e-03  1.410055e-01
8.58879e+00    GZ25   38.823 -122.873    -700.000   -4000.000     900.000 ZXX -1.325120e+00  7.229412e-02  1.092082e-01
8.58879e+00    GZ25   38.823 -122.873    -700.000   -4000.000     900.000 ZXY  3.358671e+00  1.652563e+00  1.092082e-01
8.58879e+00    GZ25   38.823 -122.873    -700.000   -4000.000     900.000 ZYX -3.069120e+00 -1.762136e+00  1.092082e-01
8.58879e+00    GZ25   38.823 -122.873    -700.000   -4000.000     900.000 ZYY  1.445932e+00 -1.910317e-01  1.092082e-01
1.56108e+01    GZ25   38.823 -122.873    -700.000   -4000.000     900.000 ZXX -1.327313e+00  5.826331e-02  9.139935e-02
1.56108e+01    GZ25   38.823 -122.873    -700.000   -4000.000     900.000 ZXY  3.017282e+00  1.345922e+00  9.139935e-02
1.56108e+01    GZ25   38.823 -122.873    -700.000   -4000.000     900.000 ZYX -2.495024e+00 -1.291454e+00  9.139935e-02
1.56108e+01    GZ25   38.823 -122.873    -700.000   -4000.000     900.000 ZYY  1.318229e+00 -5.374143e-02  9.139935e-02
2.83738e+01    GZ25   38.823 -122.873    -700.000   -4000.000     900.000 ZXX -1.380227e+00 -1.681341e-02  8.161835e-02
2.83738e+01    GZ25   38.823 -122.873    -700.000   -4000.000     900.000 ZXY  2.829455e+00  1.177213e+00  8.161835e-02
2.83738e+01    GZ25   38.823 -122.873    -700.000   -4000.000     900.000 ZYX -2.179166e+00 -1.032494e+00  8.161835e-02
2.83738e+01    GZ25   38.823 -122.873    -700.000   -4000.000     900.000 ZYY  1.154402e+00  1.395958e-01  8.161835e-02
5.15716e+01    GZ25   38.823 -122.873    -700.000   -4000.000     900.000 ZXX -1.424321e+00 -1.834755e-02  6.739573e-02
5.15716e+01    GZ25   38.823 -122.873    -700.000   -4000.000     900.000 ZXY  2.180124e+00  9.551469e-01  6.739573e-02
5.15716e+01    GZ25   38.823 -122.873    -700.000   -4000.000     900.000 ZYX -1.966184e+00 -7.705714e-01  6.739573e-02
5.15716e+01    GZ25   38.823 -122.873    -700.000   -4000.000     900.000 ZYY  1.107882e+00  2.624287e-01  7.395241e-02
9.37354e+01    GZ25   38.823 -122.873    -700.000   -4000.000     900.000 ZXX -1.444252e+00 -7.090597e-02  5.887731e-02
9.37354e+01    GZ25   38.823 -122.873    -700.000   -4000.000     900.000 ZXY  1.878403e+00  8.323360e-01  6.852718e-02
9.37354e+01    GZ25   38.823 -122.873    -700.000   -4000.000     900.000 ZYX -1.759592e+00 -5.805025e-01  5.887731e-02
9.37354e+01    GZ25   38.823 -122.873    -700.000   -4000.000     900.000 ZYY  9.975937e-01  2.233180e-01  9.305428e-02
1.70371e+02    GZ25   38.823 -122.873    -700.000   -4000.000     900.000 ZXX -1.352564e+00 -2.693310e-01  5.291795e-02
1.70371e+02    GZ25   38.823 -122.873    -700.000   -4000.000     900.000 ZXY  1.500379e+00  7.067469e-01  6.245514e-02
1.70371e+02    GZ25   38.823 -122.873    -700.000   -4000.000     900.000 ZYX -1.546628e+00 -4.539103e-01  6.502517e-02
1.70371e+02    GZ25   38.823 -122.873    -700.000   -4000.000     900.000 ZYY  8.089286e-01  1.186817e-01  1.079050e-01
3.09663e+02    GZ25   38.823 -122.873    -700.000   -4000.000     900.000 ZXX -1.060290e+00 -1.688335e-01  4.178025e-02
3.09663e+02    GZ25   38.823 -122.873    -700.000   -4000.000     900.000 ZXY  1.298737e+00  5.975424e-01  4.265165e-02
3.09663e+02    GZ25   38.823 -122.873    -700.000   -4000.000     900.000 ZYX -1.263262e+00 -4.214958e-01  5.597942e-02
3.09663e+02    GZ25   38.823 -122.873    -700.000   -4000.000     900.000 ZYY  6.560001e-01  2.317843e-01  6.858196e-02
5.62837e+02    GZ25   38.823 -122.873    -700.000   -4000.000     900.000 ZXX -9.985357e-01 -1.635133e-01  3.497396e-02
5.62837e+02    GZ25   38.823 -122.873    -700.000   -4000.000     900.000 ZXY  9.931161e-01  4.883755e-01  3.497396e-02
5.62837e+02    GZ25   38.823 -122.873    -700.000   -4000.000     900.000 ZYX -1.127561e+00 -3.728972e-01  3.497396e-02
5.62837e+02    GZ25   38.823 -122.873    -700.000   -4000.000     900.000 ZYY  5.698770e-01  1.480355e-01  3.497396e-02
1.02300e+03    GZ25   38.823 -122.873    -700.000   -4000.000     900.000 ZXX -8.528706e-01 -2.078412e-01  2.816005e-02
1.02300e+03    GZ25   38.823 -122.873    -700.000   -4000.000     900.000 ZXY  8.144487e-01  3.459393e-01  2.977071e-02
1.02300e+03    GZ25   38.823 -122.873    -700.000   -4000.000     900.000 ZYX -9.091166e-01 -3.276439e-01  2.816005e-02
1.02300e+03    GZ25   38.823 -122.873    -700.000   -4000.000     900.000 ZYY  5.473912e-01  9.376983e-02  3.331138e-02
3.63516e-03    GZ26   38.826 -122.888    -302.000   -5200.000     840.000 ZXX -3.035517e+01 -1.710046e+01  5.921976e+00
3.63516e-03    GZ26   38.826 -122.888    -302.000   -5200.000     840.000 ZXY  1.756268e+02  1.010879e+02  5.921976e+00
3.63516e-03    GZ26   38.826 -122.888    -302.000   -5200.000     840.000 ZYX -1.175231e+02 -1.512337e+02  5.921976e+00
6.60718e-03    GZ26   38.826 -122.888    -302.000   -5200.000     840.000 ZXX -1.580962e+01 -8.614100e+00  4.140732e+00
6.60718e-03    GZ26   38.826 -122.888    -302.000   -5200.000     840.000 ZXY  1.159082e+02  7.972366e+01  4.140732e+00
6.60718e-03    GZ26   38.826 -122.888    -302.000   -5200.000     840.000 ZYX -8.302955e+01 -1.063737e+02  4.140732e+00
6.60718e-03    GZ26   38.826 -122.888    -302.000   -5200.000     840.000 ZYY  3.063419e+01  1.566745e+01  4.140732e+00
1.20091e-02    GZ26   38.826 -122.888    -302.000   -5200.000     840.000 ZXX -8.195707e+00 -5.817027e+00  2.812588e+00
1.20091e-02    GZ26   38.826 -122.888    -302.000   -5200.000     840.000 ZXY  7.236896e+01  6.205444e+01  2.812588e+00
1.20091e-02    GZ26   38.826 -122.888    -302.000   -5200.000     840.000 ZYX -5.791627e+01 -7.151865e+01  2.812588e+00
1.20091e-02    GZ26   38.826 -122.888    -302.000   -5200.000     840.000 ZYY  1.496683e+01  1.028850e+01  2.812588e+00
2.18274e-02    GZ26   38.826 -122.888    -302.000   -5200.000     840.000 ZXX -4.006663e+00 -4.278125e+00  1.996664e+00
2.18274e-02    GZ26   38.826 -122.888    -302.000   -5200.000     840.000 ZXY  4.980830e+01  4.590207e+01  1.996664e+00
2.18274e-02    GZ26   38.826 -122.888    -302.000   -5200.000     840.000 ZYX -4.176548e+01 -5.015811e+01  1.996664e+00
2.18274e-02    GZ26   38.826 -122.888    -302.000   -5200.000     840.000 ZYY  9.012180e+00  7.522146e+00  1.996664e+00
3.96730e-02    GZ26   38.826 -122.888    -302.000   -5200.000     840.000 ZXX -2.180749e+00 -3.312827e+00  1.517522e+00
3.96730e-02    GZ26   38.826 -122.888    -302.000   -5200.000     840.000 ZXY  3.667958e+01  3.586568e+01  1.517522e+00
3.96730e-02    GZ26   38.826 -122.888    -302.000   -5200.000     840.000 ZYX -3.406270e+01 -3.631082e+01  1.517522e+00
3.96730e-02    GZ26   38.826 -122.888    -302.000   -5200.000     840.000 ZYY  5.789630e+00  5.919999e+00  1.517522e+00
7.21087e-02    GZ26   38.826 -122.888    -302.000   -5200.000     840.000 ZXX -1.367007e+00 -2.229324e+00  1.119709e+00
7.21087e-02    GZ26   38.826 -122.888    -302.000   -5200.000     840.000 ZXY  2.647281e+01  2.698378e+01  1.119709e+00
7.21087e-02    GZ26   38.826 -122.888    -302.000   -5200.000     840.000 ZYX -2.535709e+01 -2.663765e+01  1.119709e+00
7.21087e-02    GZ26   38.826 -122.888    -302.000   -5200.000     840.000 ZYY  3.934489e+00  4.508906e+00  1.119709e+00
1.31063e-01    GZ26   38.826 -122.888    -302.000   -5200.000     840.000 ZXX -8.301282e-01 -1.631522e+00  8.131033e-01
1.31063e-01    GZ26   38.826 -122.888    -302.000   -5200.000     840.000 ZXY  1.901944e+01  1.982989e+01  8.131033e-01
1.31063e-01    GZ26   38.826 -122.888    -302.000   -5200.000     840.000 ZYX -1.872963e+01 -1.901825e+01  8.131033e-01
1.31063e-01    GZ26   38.826 -122.888    -302.000   -5200.000     840.000 ZYY  2.682830e+00  2.965932e+00  8.131033e-01
2.38218e-01    GZ26   38.826 -122.888    -302.000   -5200.000     840.000 ZXX -3.382346e-01 -1.069362e+00  5.811836e-01
2.38218e-01    GZ26   38.826 -122.888    -302.000   -5200.000     840.000 ZXY  1.402055e+01  1.345509e+01  5.811836e-01
2.38218e-01    GZ26   38.826 -122.888    -302.000   -5200.000     840.000 ZYX -1.410036e+01 -1.315539e+01  5.811836e-01
2.38218e-01    GZ26   38.826 -122.888    -302.000   -5200.000     840.000 ZYY  1.983667e+00  1.721208e+00  5.811836e-01
4.32979e-01    GZ26   38.826 -122.888    -302.000   -5200.000     840.000 ZXX -3.495584e-01 -1.293614e-01  4.371406e-01
4.32979e-01    GZ26   38.826 -122.888    -302.000   -5200.000     840.000 ZXY  1.106807e+01  9.215276e+00  4.371406e-01
4.32979e-01    GZ26   38.826 -122.888    -302.000   -5200.000     840.000 ZYX -1.146921e+01 -9.197813e+00  4.371406e-01
4.32979e-01    GZ26   38.826 -122.888    -302.000   -5200.000     840.000 ZYY  1.706484e+00  8.443385e-01  4.371406e-01
7.86973e-01    GZ26   38.826 -122.888    -302.000   -5200.000     840.000 ZXX -3.884584e-01  4.483610e-01  3.492252e-01
7.86973e-01    GZ26   38.826 -122.888    -302.000   -5200.000     840.000 ZXY  9.462551e+00  6.661314e+00  3.492252e-01
7.86973e-01    GZ26   38.826 -122.888    -302.000   -5200.000     840.000 ZYX -9.473633e+00 -6.826261e+00  3.492252e-01
7.86973e-01    GZ26   38.826 -122.888    -302.000   -5200.000     840.000 ZYY  1.785738e+00  4.144113e-01  3.492252e-01
1.43038e+00    GZ26   38.826 -122.888    -302.000   -5200.000     840.000 ZXX -7.720008e-01  7.763239e-01  2.864607e-01
1.43038e+00    GZ26   38.826 -122.888    -302.000   -5200.000     840.000 ZXY  8.067411e+00  5.130765e+00  2.864607e-01
1.43038e+00    GZ26   38.826 -122.888    -302.000   -5200.000     840.000 ZYX -7.794379e+00 -5.453587e+00  2.864607e-01
1.43038e+00    GZ26   38.826 -122.888    -302.000   -5200.000     840.000 ZYY  2.036008e+00  2.321720e-01  2.864607e-01
2.59984e+00    GZ26   38.826 -122.888    -302.000   -5200.000     840.000 ZXX -1.391850e+00  6.819121e-01  2.348065e-01
2.59984e+00    GZ26   38.826 -122.888    -302.000   -5200.000     840.000 ZXY  6.669165e+00  4.145752e+00  2.348065e-01
2.59984e+00    GZ26   38.826 -122.888    -302.000   -5200.000     840.000 ZYX -6.320148e+00 -4.560951e+00  2.348065e-01
2.59984e+00    GZ26   38.826 -122.888    -302.000   -5200.000     840.000 ZYY  2.006915e+00  2.586068e-01  2.348065e-01
4.72540e+00    GZ26   38.826 -122.888    -302.000   -5200.000     840.000 ZXX -1.488991e+00  1.732610e-01  1.798142e-01
4.72540e+00    GZ26   38.826 -122.888    -302.000   -5200.000     840.000 ZXY  5.326326e+00  2.979221e+00  1.798142e-01
4.72540e+00    GZ26   38.826 -122.888    -302.000   -5200.000     840.000 ZYX -4.792131e+00 -3.412230e+00  1.798142e-01
4.72540e+00    GZ26   38.826 -122.888    -302.000   -5200.000     840.000 ZYY  1.788831e+00  2.335818e-01  1.798142e-01
8.58879e+00    GZ26   38.826 -122.888    -302.000   -5200.000     840.000 ZXX -1.426926e+00 -1.599158e-02  1.408229e-01
8.58879e+00    GZ26   38.826 -122.888    -302.000   -5200.000     840.000 ZXY  4.649311e+00  2.058555e+00  1.408229e-01
8.58879e+00    GZ26   38.826 -122.888    -302.000   -5200.000     840.000 ZYX -3.805623e+00 -2.056786e+00  1.408229e-01
8.58879e+00    GZ26   38.826 -122.888    -302.000   -5200.000     840.000 ZYY  1.816823e+00 -1.368200e-01  1.408229e-01
1.56108e+01    GZ26   38.826 -122.888    -302.000   -5200.000     840.000 ZXX -1.776454e+00  3.903925e-01  1.198686e-01
1.56108e+01    GZ26   38.826 -122.888    -302.000   -5200.000     840.000 ZXY  4.278593e+00  1.547098e+00  1.481301e-01
1.56108e+01    GZ26   38.826 -122.888    -302.000   -5200.000     840.000 ZYX -3.260505e+00 -1.296998e+00  1.198686e-01
1.56108e+01    GZ26   38.826 -122.888    -302.000   -5200.000     840.000 ZYY  1.825283e+00 -1.130561e-01  1.198686e-01
2.83738e+01    GZ26   38.826 -122.888    -302.000   -5200.000     840.000 ZXX -2.188709e+00  3.907426e-01  1.069237e-01
2.83738e+01    GZ26   38.826 -122.888    -302.000   -5200.000     840.000 ZXY  3.852633e+00  1.321485e+00  1.553921e-01
2.83738e+01    GZ26   38.826 -122.888    -302.000   -5200.000     840.000 ZYX -2.960590e+00 -8.789760e-01  1.069237e-01
2.83738e+01    GZ26   38.826 -122.888    -302.000   -5200.000     840.000 ZYY  1.516674e+00  6.477044e-02  1.069237e-01
5.15716e+01    GZ26   38.826 -122.888    -302.000   -5200.000     840.000 ZXX -2.090425e+00  4.938943e-02  1.050231e-01
5.15716e+01    GZ26   38.826 -122.888    -302.000   -5200.000     840.000 ZXY  3.258053e+00  1.085123e+00  1.630004e-01
5.15716e+01    GZ26   38.826 -122.888    -302.000   -5200.000     840.000 ZYX -2.597663e+00 -7.127133e-01  9.185408e-02
5.15716e+01    GZ26   38.826 -122.888    -302.000   -5200.000     840.000 ZYY  1.384894e+00  2.272085e-02  9.517408e-02
9.37354e+01    GZ26   38.826 -122.888    -302.000   -5200.000     840.000 ZXX -2.071198e+00 -3.433746e-02  1.428844e-01
9.37354e+01    GZ26   38.826 -122.888    -302.000   -5200.000     840.000 ZXY  2.957217e+00  1.108239e+00  2.790268e-01
9.37354e+01    GZ26   38.826 -122.888    -302.000   -5200.000     840.000 ZYX -2.391354e+00 -4.904373e-01  9.328606e-02
9.37354e+01    GZ26   38.826 -122.888    -302.000   -5200.000     840.000 ZYY  1.536904e+00  2.226505e-01  1.616542e-01
1.70371e+02    GZ26   38.826 -122.888    -302.000   -5200.000     840.000 ZXX -1.626735e+00 -1.951417e-01  9.467635e-02
1.70371e+02    GZ26   38.826 -122.888    -302.000   -5200.000     840.000 ZXY  2.215222e+00  7.926257e-01  1.736620e-01
1.70371e+02    GZ26   38.826 -122.888    -302.000   -5200.000     840.000 ZYX -1.907240e+00 -4.776600e-01  8.147357e-02
1.70371e+02    GZ26   38.826 -122.888    -302.000   -5200.000     840.000 ZYY  1.101472e+00  2.583292e-01  1.338803e-01
3.09663e+02    GZ26   38.826 -122.888    -302.000   -5200.000     840.000 ZXX -1.371904e+00 -2.187679e-01  9.727513e-02
3.09663e+02    GZ26   38.826 -122.888    -302.000   -5200.000     840.000 ZXY  1.867451e+00  8.545303e-01  1.344044e-01
3.09663e+02    GZ26   38.826 -122.888    -302.000   -5200.000     840.000 ZYX -1.573486e+00 -4.076390e-01  7.321501e-02
3.09663e+02    GZ26   38.826 -122.888    -302.000   -5200.000     840.000 ZYY  9.508317e-01  2.074690e-01  9.834245e-02
5.62837e+02    GZ26   38.826 -122.888    -302.000   -5200.000     840.000 ZXX -1.252856e+00 -2.553498e-01  1.050831e-01
5.62837e+02    GZ26   38.826 -122.888    -302.000   -5200.000     840.000 ZXY  1.481854e+00  4.687082e-01  2.236929e-01
5.62837e+02    GZ26   38.826 -122.888    -302.000   -5200.000     840.000 ZYX -1.238678e+00 -4.652649e-01  4.389848e-02
5.62837e+02    GZ26   38.826 -122.888    -302.000   -5200.000     840.000 ZYY  6.905810e-01  9.100516e-02  7.399461e-02
1.02300e+03    GZ26   38.826 -122.888    -302.000   -5200.000     840.000 ZXX -9.733869e-01 -8.907917e-02  1.861541e-01
1.02300e+03    GZ26   38.826 -122.888    -302.000   -5200.000     840.000 ZXY  1.054117e+00  5.155070e-01  3.425317e-01
1.02300e+03    GZ26   38.826 -122.888    -302.000   -5200.000     840.000 ZYX -9.861012e-01 -4.628202e-01  4.332310e-02
1.02300e+03    GZ26   38.826 -122.888    -302.000   -5200.000     840.000 ZYY  5.848839e-01  3.328924e-03  9.991615e-02
2.00000e-03    GZ27   38.827 -122.878    -302.000   -4400.000     810.000 ZYX -1.503444e+02 -2.220241e+02  1.029038e+01
3.63516e-03    GZ27   38.827 -122.878    -302.000   -4400.000     810.000 ZXX  2.197404e+01  2.690791e+01  7.839278e+01
3.63516e-03    GZ27   38.827 -122.878    -302.000   -4400.000     810.000 ZYX -1.077754e+02 -1.544727e+02  7.839278e+00
6.60718e-03    GZ27   38.827 -122.878    -302.000   -4400.000     810.000 ZXX  6.635231e+00  2.184037e+01  4.772356e+01
6.60718e-03    GZ27   38.827 -122.878    -302.000   -4400.000     810.000 ZXY  7.776580e+01  1.093683e+02  4.772356e+01
6.60718e-03    GZ27   38.827 -122.878    -302.000   -4400.000     810.000 ZYX -7.710451e+01 -1.283567e+02  4.772356e+00
1.20091e-02    GZ27   38.827 -122.878    -302.000   -4400.000     810.000 ZXX  5.437330e+00  1.427919e+01  2.864479e+01
1.20091e-02    GZ27   38.827 -122.878    -302.000   -4400.000     810.000 ZXY  4.188100e+01  5.993820e+01  2.864479e+01
1.20091e-02    GZ27   38.827 -122.878    -302.000   -4400.000     810.000 ZYX -5.618980e+01 -9.251581e+01  2.864479e+00
2.18274e-02    GZ27   38.827 -122.878    -302.000   -4400.000     810.000 ZXX  4.660497e+00  1.016710e+01  1.878210e+01
2.18274e-02    GZ27   38.827 -122.878    -302.000   -4400.000     810.000 ZXY  2.780439e+01  4.200460e+01  1.878210e+01
2.18274e-02    GZ27   38.827 -122.878    -302.000   -4400.000     810.000 ZYX -3.839397e+01 -6.067292e+01  1.878210e+00
2.18274e-02    GZ27   38.827 -122.878    -302.000   -4400.000     810.000 ZYY -3.353485e+01 -3.146823e+01  1.878210e+00
3.96730e-02    GZ27   38.827 -122.878    -302.000   -4400.000     810.000 ZXX  3.422405e+00  6.623030e+00  1.328701e+01
3.96730e-02    GZ27   38.827 -122.878    -302.000   -4400.000     810.000 ZXY  1.856975e+01  3.110998e+01  1.328701e+01
3.96730e-02    GZ27   38.827 -122.878    -302.000   -4400.000     810.000 ZYX -2.788367e+01 -4.087985e+01  1.328701e+00
3.96730e-02    GZ27   38.827 -122.878    -302.000   -4400.000     810.000 ZYY -2.190513e+01 -2.526274e+01  1.328701e+00
7.21087e-02    GZ27   38.827 -122.878    -302.000   -4400.000     810.000 ZXX  3.025589e+00  4.830764e+00  9.799541e+00
7.21087e-02    GZ27   38.827 -122.878    -302.000   -4400.000     810.000 ZXY  1.522432e+01  2.401059e+01  9.799541e+00
7.21087e-02    GZ27   38.827 -122.878    -302.000   -4400.000     810.000 ZYX -2.030035e+01 -2.761793e+01  9.799541e-01
7.21087e-02    GZ27   38.827 -122.878    -302.000   -4400.000     810.000 ZYY -1.590038e+01 -1.921169e+01  9.799541e-01
1.31063e-01    GZ27   38.827 -122.878    -302.000   -4400.000     810.000 ZXX  3.023161e+00  2.378173e+00  7.333756e+00
1.31063e-01    GZ27   38.827 -122.878    -302.000   -4400.000     810.000 ZXY  1.418272e+01  1.891802e+01  7.333756e+00
1.31063e-01    GZ27   38.827 -122.878    -302.000   -4400.000     810.000 ZYX -1.446891e+01 -1.837039e+01  7.333756e-01
1.31063e-01    GZ27   38.827 -122.878    -302.000   -4400.000     810.000 ZYY -1.061492e+01 -1.355725e+01  7.333756e-01
2.38218e-01    GZ27   38.827 -122.878    -302.000   -4400.000     810.000 ZXX  2.411644e+00  9.350344e-01  5.806113e+00
2.38218e-01    GZ27   38.827 -122.878    -302.000   -4400.000     810.000 ZXY  1.351084e+01  1.561177e+01  7.662441e+00
2.38218e-01    GZ27   38.827 -122.878    -302.000   -4400.000     810.000 ZYX -1.152710e+01 -1.277594e+01  8.820497e-01
2.38218e-01    GZ27   38.827 -122.878    -302.000   -4400.000     810.000 ZYY -7.931148e+00 -8.149293e+00  1.723666e+00
4.32979e-01    GZ27   38.827 -122.878    -302.000   -4400.000     810.000 ZXX  2.080085e+00  1.581836e-01  4.391812e+00
4.32979e-01    GZ27   38.827 -122.878    -302.000   -4400.000     810.000 ZYX -9.988023e+00 -7.747771e+00  4.391812e-01
4.32979e-01    GZ27   38.827 -122.878    -302.000   -4400.000     810.000 ZYY -6.318343e+00 -6.294548e+00  4.391812e-01
7.86973e-01    GZ27   38.827 -122.878    -302.000   -4400.000     810.000 ZXX  2.046936e+00 -1.602919e-01  3.405128e+00
7.86973e-01    GZ27   38.827 -122.878    -302.000   -4400.000     810.000 ZYX -8.404592e+00 -5.949894e+00  3.405128e-01
7.86973e-01    GZ27   38.827 -122.878    -302.000   -4400.000     810.000 ZYY -5.104140e+00 -4.368441e+00  3.405128e-01
1.43038e+00    GZ27   38.827 -122.878    -302.000   -4400.000     810.000 ZXX  2.011827e+00 -3.527355e-01  3.651645e+00
1.43038e+00    GZ27   38.827 -122.878    -302.000   -4400.000     810.000 ZYX -6.810221e+00 -4.952204e+00  2.732448e-01
1.43038e+00    GZ27   38.827 -122.878    -302.000   -4400.000     810.000 ZYY -4.077824e+00 -3.572601e+00  2.732448e-01
2.59984e+00    GZ27   38.827 -122.878    -302.000   -4400.000     810.000 ZXX  1.445362e+00 -8.845957e-01  4.843848e+00
2.59984e+00    GZ27   38.827 -122.878    -302.000   -4400.000     810.000 ZYX -5.165941e+00 -4.431963e+00  1.854823e-01
2.59984e+00    GZ27   38.827 -122.878    -302.000   -4400.000     810.000 ZYY -2.832787e+00 -2.537365e+00  2.289155e-01
4.72540e+00    GZ27   38.827 -122.878    -302.000   -4400.000     810.000 ZXX  1.245347e+00 -1.519813e+00  5.743499e+00
4.72540e+00    GZ27   38.827 -122.878    -302.000   -4400.000     810.000 ZYX -3.593530e+00 -3.158970e+00  2.459474e-01
4.72540e+00    GZ27   38.827 -122.878    -302.000   -4400.000     810.000 ZYY -1.922821e+00 -1.704261e+00  4.106591e-01
8.58879e+00    GZ27   38.827 -122.878    -302.000   -4400.000     810.000 ZXX  1.256839e+00 -1.679452e+00  5.746784e+00
8.58879e+00    GZ27   38.827 -122.878    -302.000   -4400.000     810.000 ZYX -3.038912e+00 -2.368899e+00  2.772837e-01
1.56108e+01    GZ27   38.827 -122.878    -302.000   -4400.000     810.000 ZXY  1.087435e+00  7.950906e-01  1.119379e+00
1.56108e+01    GZ27   38.827 -122.878    -302.000   -4400.000     810.000 ZYX -2.012038e+00 -1.681382e+00  1.313528e-01
2.83738e+01    GZ27   38.827 -122.878    -302.000   -4400.000     810.000 ZXY  7.441456e-01  6.648570e-01  8.947169e-01
2.83738e+01    GZ27   38.827 -122.878    -302.000   -4400.000     810.000 ZYX -1.399893e+00 -1.127557e+00  8.293134e-02
5.15716e+01    GZ27   38.827 -122.878    -302.000   -4400.000     810.000 ZXY  8.592116e-01  5.484871e-01  9.821166e-01
5.15716e+01    GZ27   38.827 -122.878    -302.000   -4400.000     810.000 ZYX -9.606208e-01 -8.363022e-01  9.007466e-02
5.15716e+01    GZ27   38.827 -122.878    -302.000   -4400.000     810.000 ZYY -7.338092e-01 -8.350809e-01  1.351330e-01
9.37354e+01    GZ27   38.827 -122.878    -302.000   -4400.000     810.000 ZXY  8.750039e-01  6.944378e-01  1.234502e+00
9.37354e+01    GZ27   38.827 -122.878    -302.000   -4400.000     810.000 ZYY -5.977424e-01 -7.279957e-01  1.841240e-01
1.70371e+02    GZ27   38.827 -122.878    -302.000   -4400.000     810.000 ZYY -6.203381e-01 -5.542551e-01  2.681917e-01
2.00000e-03    GZ28   38.837 -122.885     700.000   -5000.000     570.000 ZXX -7.355482e+01 -4.934123e+01  1.173926e+01
2.00000e-03    GZ28   38.837 -122.885     700.000   -5000.000     570.000 ZXY  2.541352e+02  2.735992e+02  2.297194e+01
2.00000e-03    GZ28   38.837 -122.885     700.000   -5000.000     570.000 ZYX -1.898661e+02 -1.811218e+02  2.684718e+01
2.00000e-03    GZ28   38.837 -122.885     700.000   -5000.000     570.000 ZYY  1.178789e+02  7.355966e+01  5.499330e+01
3.63516e-03    GZ28   38.837 -122.885     700.000   -5000.000     570.000 ZXX -1.405704e+01 -2.389706e+01  5.853192e+00
3.63516e-03    GZ28   38.837 -122.885     700.000   -5000.000     570.000 ZXY  1.224468e+02  1.682362e+02  5.853192e+00
3.63516e-03    GZ28   38.837 -122.885     700.000   -5000.000     570.000 ZYX -1.148653e+02 -1.343765e+02  5.853192e+00
3.63516e-03    GZ28   38.837 -122.885     700.000   -5000.000     570.000 ZYY  7.381839e+01  6.648913e+01  1.016783e+01
6.60718e-03    GZ28   38.837 -122.885     700.000   -5000.000     570.000 ZXX -6.156136e+00 -8.768549e+00  3.591512e+00
6.60718e-03    GZ28   38.837 -122.885     700.000   -5000.000     570.000 ZXY  6.990357e+01  1.007662e+02  3.591512e+00
6.60718e-03    GZ28   38.837 -122.885     700.000   -5000.000     570.000 ZYX -6.759641e+01 -8.914536e+01  3.591512e+00
6.60718e-03    GZ28   38.837 -122.885     700.000   -5000.000     570.000 ZYY  4.011958e+01  4.486249e+01  3.591512e+00
1.20091e-02    GZ28   38.837 -122.885     700.000   -5000.000     570.000 ZXX -1.985661e+00 -4.765043e+00  2.333042e+00
1.20091e-02    GZ28   38.837 -122.885     700.000   -5000.000     570.000 ZXY  4.283043e+01  6.692281e+01  2.333042e+00
1.20091e-02    GZ28   38.837 -122.885     700.000   -5000.000     570.000 ZYX -4.244512e+01 -5.899192e+01  2.333042e+00
1.20091e-02    GZ28   38.837 -122.885     700.000   -5000.000     570.000 ZYY  2.181766e+01  3.140173e+01  2.333042e+00
2.18274e-02    GZ28   38.837 -122.885     700.000   -5000.000     570.000 ZXX -4.773799e-01 -3.012938e+00  1.592189e+00
2.18274e-02    GZ28   38.837 -122.885     700.000   -5000.000     570.000 ZXY  2.783659e+01  4.619245e+01  1.592189e+00
2.18274e-02    GZ28   38.837 -122.885     700.000   -5000.000     570.000 ZYX -2.896846e+01 -4.083180e+01  1.592189e+00
2.18274e-02    GZ28   38.837 -122.885     700.000   -5000.000     570.000 ZYY  1.204823e+01  2.151239e+01  1.592189e+00
3.96730e-02    GZ28   38.837 -122.885     700.000   -5000.000     570.000 ZXX  2.296806e-01 -1.757803e+00  1.082136e+00
3.96730e-02    GZ28   38.837 -122.885     700.000   -5000.000     570.000 ZXY  1.845802e+01  3.107677e+01  1.082136e+00
3.96730e-02    GZ28   38.837 -122.885     700.000   -5000.000     570.000 ZYX -1.969072e+01 -2.829713e+01  1.082136e+00
3.96730e-02    GZ28   38.837 -122.885     700.000   -5000.000     570.000 ZYY  7.885455e+00  1.462418e+01  1.082136e+00
7.21087e-02    GZ28   38.837 -122.885     700.000   -5000.000     570.000 ZXX  2.897321e-01 -9.052299e-01  7.338253e-01
7.21087e-02    GZ28   38.837 -122.885     700.000   -5000.000     570.000 ZXY  1.234461e+01  2.071615e+01  7.338253e-01
7.21087e-02    GZ28   38.837 -122.885     700.000   -5000.000     570.000 ZYX -1.363032e+01 -1.953932e+01  7.338253e-01
7.21087e-02    GZ28   38.837 -122.885     700.000   -5000.000     570.000 ZYY  4.870257e+00  9.539460e+00  7.338253e-01
1.31063e-01    GZ28   38.837 -122.885     700.000   -5000.000     570.000 ZXX  3.341293e-01 -3.969441e-01  4.876004e-01
1.31063e-01    GZ28   38.837 -122.885     700.000   -5000.000     570.000 ZXY  8.377452e+00  1.341684e+01  4.876004e-01
1.31063e-01    GZ28   38.837 -122.885     700.000   -5000.000     570.000 ZYX -9.226933e+00 -1.319704e+01  4.876004e-01
1.31063e-01    GZ28   38.837 -122.885     700.000   -5000.000     570.000 ZYY  2.992954e+00  5.963368e+00  4.876004e-01
2.38218e-01    GZ28   38.837 -122.885     700.000   -5000.000     570.000 ZXX  2.185773e-01 -1.686397e-01  3.260022e-01
2.38218e-01    GZ28   38.837 -122.885     700.000   -5000.000     570.000 ZXY  6.115086e+00  8.382113e+00  3.260022e-01
2.38218e-01    GZ28   38.837 -122.885     700.000   -5000.000     570.000 ZYX -6.715584e+00 -8.707016e+00  3.260022e-01
2.38218e-01    GZ28   38.837 -122.885     700.000   -5000.000     570.000 ZYY  2.395494e+00  3.539536e+00  3.260022e-01
4.32979e-01    GZ28   38.837 -122.885     700.000   -5000.000     570.000 ZXX  3.026458e-01  7.321716e-03  2.281950e-01
4.32979e-01    GZ28   38.837 -122.885     700.000   -5000.000     570.000 ZXY  4.909172e+00  5.438648e+00  2.281950e-01
4.32979e-01    GZ28   38.837 -122.885     700.000   -5000.000     570.000 ZYX -5.206563e+00 -5.629456e+00  2.281950e-01
4.32979e-01    GZ28   38.837 -122.885     700.000   -5000.000     570.000 ZYY  1.845933e+00  2.228336e+00  2.281950e-01
7.86973e-01    GZ28   38.837 -122.885     700.000   -5000.000     570.000 ZXX  2.288820e-01  2.675048e-01  1.699675e-01
7.86973e-01    GZ28   38.837 -122.885     700.000   -5000.000     570.000 ZXY  4.156151e+00  3.661322e+00  1.699675e-01
7.86973e-01    GZ28   38.837 -122.885     700.000   -5000.000     570.000 ZYX -4.255946e+00 -3.747507e+00  1.699675e-01
7.86973e-01    GZ28   38.837 -122.885     700.000   -5000.000     570.000 ZYY  1.581153e+00  1.245764e+00  1.699675e-01
1.43038e+00    GZ28   38.837 -122.885     700.000   -5000.000     570.000 ZXX -2.747266e-02  4.907058e-01  1.346359e-01
1.43038e+00    GZ28   38.837 -122.885     700.000   -5000.000     570.000 ZXY  3.543770e+00  2.631528e+00  1.346359e-01
1.43038e+00    GZ28   38.837 -122.885     700.000   -5000.000     570.000 ZYX -3.542383e+00 -2.753014e+00  1.346359e-01
1.43038e+00    GZ28   38.837 -122.885     700.000   -5000.000     570.000 ZYY  1.478926e+00  7.415811e-01  1.346359e-01
2.59984e+00    GZ28   38.837 -122.885     700.000   -5000.000     570.000 ZXX -3.672399e-01  4.667136e-01  1.088403e-01
2.59984e+00    GZ28   38.837 -122.885     700.000   -5000.000     570.000 ZXY  2.912262e+00  2.032994e+00  1.088403e-01
2.59984e+00    GZ28   38.837 -122.885     700.000   -5000.000     570.000 ZYX -2.925712e+00 -2.153073e+00  1.088403e-01
2.59984e+00    GZ28   38.837 -122.885     700.000   -5000.000     570.000 ZYY  1.502786e+00  5.921925e-01  1.088403e-01
4.72540e+00    GZ28   38.837 -122.885     700.000   -5000.000     570.000 ZXX -5.208185e-01  2.832283e-01  7.835373e-02
4.72540e+00    GZ28   38.837 -122.885     700.000   -5000.000     570.000 ZXY  2.188146e+00  1.301948e+00  7.835373e-02
4.72540e+00    GZ28   38.837 -122.885     700.000   -5000.000     570.000 ZYX -2.218379e+00 -1.379539e+00  7.835373e-02
4.72540e+00    GZ28   38.837 -122.885     700.000   -5000.000     570.000 ZYY  1.325267e+00  5.025222e-01  7.835373e-02
8.58879e+00    GZ28   38.837 -122.885     700.000   -5000.000     570.000 ZXX -6.193208e-01  1.591973e-01  6.043418e-02
8.58879e+00    GZ28   38.837 -122.885     700.000   -5000.000     570.000 ZXY  1.769168e+00  8.701191e-01  6.043418e-02
8.58879e+00    GZ28   38.837 -122.885     700.000   -5000.000     570.000 ZYX -1.806371e+00 -9.230178e-01  6.043418e-02
8.58879e+00    GZ28   38.837 -122.885     700.000   -5000.000     570.000 ZYY  1.070943e+00  3.416177e-01  6.043418e-02
1.56108e+01    GZ28   38.837 -122.885     700.000   -5000.000     570.000 ZXX -7.435505e-01  1.229995e-01  5.081931e-02
1.56108e+01    GZ28   38.837 -122.885     700.000   -5000.000     570.000 ZXY  1.538654e+00  6.325341e-01  5.939100e-02
1.56108e+01    GZ28   38.837 -122.885     700.000   -5000.000     570.000 ZYX -1.579691e+00 -6.718478e-01  5.081931e-02
1.56108e+01    GZ28   38.837 -122.885     700.000   -5000.000     570.000 ZYY  9.444870e-01  2.916366e-01  5.081931e-02
2.83738e+01    GZ28   38.837 -122.885     700.000   -5000.000     570.000 ZXX -7.885874e-01  7.165916e-02  4.571757e-02
2.83738e+01    GZ28   38.837 -122.885     700.000   -5000.000     570.000 ZXY  1.411829e+00  5.018188e-01  6.288239e-02
2.83738e+01    GZ28   38.837 -122.885     700.000   -5000.000     570.000 ZYX -1.454975e+00 -5.336584e-01  4.571757e-02
2.83738e+01    GZ28   38.837 -122.885     700.000   -5000.000     570.000 ZYY  8.153779e-01  1.089479e-01  5.589187e-02
5.15716e+01    GZ28   38.837 -122.885     700.000   -5000.000     570.000 ZXX -7.404548e-01  4.423739e-02  3.757237e-02
5.15716e+01    GZ28   38.837 -122.885     700.000   -5000.000     570.000 ZXY  1.171950e+00  4.378345e-01  6.985104e-02
5.15716e+01    GZ28   38.837 -122.885     700.000   -5000.000     570.000 ZYX -1.196779e+00 -3.564062e-01  3.757237e-02
5.15716e+01    GZ28   38.837 -122.885     700.000   -5000.000     570.000 ZYY  8.876361e-01  1.520836e-01  6.050479e-02
9.37354e+01    GZ28   38.837 -122.885     700.000   -5000.000     570.000 ZXX -7.414436e-01 -6.290338e-02  4.421838e-02
9.37354e+01    GZ28   38.837 -122.885     700.000   -5000.000     570.000 ZXY  1.008456e+00  4.041011e-01  7.462030e-02
9.37354e+01    GZ28   38.837 -122.885     700.000   -5000.000     570.000 ZYX -1.044140e+00 -3.350853e-01  4.458094e-02
9.37354e+01    GZ28   38.837 -122.885     700.000   -5000.000     570.000 ZYY  7.916485e-01  1.872306e-01  8.918233e-02
1.70371e+02    GZ28   38.837 -122.885     700.000   -5000.000     570.000 ZXX -6.526537e-01 -5.534177e-02  4.555966e-02
1.70371e+02    GZ28   38.837 -122.885     700.000   -5000.000     570.000 ZXY  9.259066e-01  3.225405e-01  9.254873e-02
1.70371e+02    GZ28   38.837 -122.885     700.000   -5000.000     570.000 ZYX -8.906405e-01 -2.572460e-01  5.177465e-02
1.70371e+02    GZ28   38.837 -122.885     700.000   -5000.000     570.000 ZYY  5.738542e-01  2.408555e-01  1.083622e-01
3.09663e+02    GZ28   38.837 -122.885     700.000   -5000.000     570.000 ZXX -5.073012e-01 -6.894119e-02  3.300414e-02
3.09663e+02    GZ28   38.837 -122.885     700.000   -5000.000     570.000 ZXY  7.429497e-01  3.030733e-01  5.631612e-02
3.09663e+02    GZ28   38.837 -122.885     700.000   -5000.000     570.000 ZYX -7.378356e-01 -2.588472e-01  5.588439e-02
5.62837e+02    GZ28   38.837 -122.885     700.000   -5000.000     570.000 ZXX -5.081227e-01 -9.813793e-02  1.946474e-02
5.62837e+02    GZ28   38.837 -122.885     700.000   -5000.000     570.000 ZXY  6.061263e-01  2.252473e-01  3.212872e-02
5.62837e+02    GZ28   38.837 -122.885     700.000   -5000.000     570.000 ZYX -5.878424e-01 -2.551375e-01  8.220879e-02
1.02300e+03    GZ28   38.837 -122.885     700.000   -5000.000     570.000 ZXX -4.241308e-01 -9.063728e-02  1.686782e-02
1.02300e+03    GZ28   38.837 -122.885     700.000   -5000.000     570.000 ZXY  4.358671e-01  2.140683e-01  1.686782e-02
1.02300e+03    GZ28   38.837 -122.885     700.000   -5000.000     570.000 ZYX -5.887093e-01 -2.114246e-01  5.069591e-02
3.63516e-03    GZ29   38.839 -122.872     900.000   -4000.000     750.000 ZXY  1.515477e+02  1.782604e+02  7.265368e+00
3.63516e-03    GZ29   38.839 -122.872     900.000   -4000.000     750.000 ZYX -1.813302e+02 -1.730780e+02  7.265368e+00
6.60718e-03    GZ29   38.839 -122.872     900.000   -4000.000     750.000 ZXX -1.444455e+00  7.765302e-01  5.186734e+00
6.60718e-03    GZ29   38.839 -122.872     900.000   -4000.000     750.000 ZXY  9.874909e+01  1.323502e+02  5.186734e+00
6.60718e-03    GZ29   38.839 -122.872     900.000   -4000.000     750.000 ZYX -1.142431e+02 -1.374144e+02  5.186734e+00
6.60718e-03    GZ29   38.839 -122.872     900.000   -4000.000     750.000 ZYY -2.812030e+01 -2.948921e+01  5.186734e+00
1.20091e-02    GZ29   38.839 -122.872     900.000   -4000.000     750.000 ZXX -1.838616e+00  2.471402e-01  3.574864e+00
1.20091e-02    GZ29   38.839 -122.872     900.000   -4000.000     750.000 ZXY  6.407389e+01  9.531167e+01  3.574864e+00
1.20091e-02    GZ29   38.839 -122.872     900.000   -4000.000     750.000 ZYX -6.998882e+01 -9.991728e+01  3.574864e+00
1.20091e-02    GZ29   38.839 -122.872     900.000   -4000.000     750.000 ZYY -1.741757e+01 -2.365070e+01  3.574864e+00
2.18274e-02    GZ29   38.839 -122.872     900.000   -4000.000     750.000 ZXX -1.753557e+00 -3.983846e-01  2.414376e+00
2.18274e-02    GZ29   38.839 -122.872     900.000   -4000.000     750.000 ZXY  4.208713e+01  6.596814e+01  2.414376e+00
2.18274e-02    GZ29   38.839 -122.872     900.000   -4000.000     750.000 ZYX -4.397106e+01 -6.892356e+01  2.414376e+00
2.18274e-02    GZ29   38.839 -122.872     900.000   -4000.000     750.000 ZYY -1.024743e+01 -1.674735e+01  2.414376e+00
3.96730e-02    GZ29   38.839 -122.872     900.000   -4000.000     750.000 ZXX -1.358898e+00 -7.700686e-01  1.614521e+00
3.96730e-02    GZ29   38.839 -122.872     900.000   -4000.000     750.000 ZXY  2.794679e+01  4.461800e+01  1.614521e+00
3.96730e-02    GZ29   38.839 -122.872     900.000   -4000.000     750.000 ZYX -2.860876e+01 -4.630532e+01  1.614521e+00
3.96730e-02    GZ29   38.839 -122.872     900.000   -4000.000     750.000 ZYY -6.202488e+00 -1.101339e+01  1.614521e+00
7.21087e-02    GZ29   38.839 -122.872     900.000   -4000.000     750.000 ZXX -8.696311e-01 -7.695911e-01  1.081349e+00
7.21087e-02    GZ29   38.839 -122.872     900.000   -4000.000     750.000 ZXY  1.884194e+01  3.004244e+01  1.081349e+00
7.21087e-02    GZ29   38.839 -122.872     900.000   -4000.000     750.000 ZYX -1.927878e+01 -3.075761e+01  1.081349e+00
7.21087e-02    GZ29   38.839 -122.872     900.000   -4000.000     750.000 ZYY -3.917461e+00 -7.063362e+00  1.081349e+00
1.31063e-01    GZ29   38.839 -122.872     900.000   -4000.000     750.000 ZXX -5.490616e-01 -7.781424e-01  7.138470e-01
1.31063e-01    GZ29   38.839 -122.872     900.000   -4000.000     750.000 ZXY  1.326041e+01  1.954588e+01  7.138470e-01
1.31063e-01    GZ29   38.839 -122.872     900.000   -4000.000     750.000 ZYX -1.316682e+01 -1.980477e+01  7.138470e-01
1.31063e-01    GZ29   38.839 -122.872     900.000   -4000.000     750.000 ZYY -2.681528e+00 -4.434746e+00  7.138470e-01
2.38218e-01    GZ29   38.839 -122.872     900.000   -4000.000     750.000 ZXX -3.512414e-01 -4.601725e-01  4.742344e-01
2.38218e-01    GZ29   38.839 -122.872     900.000   -4000.000     750.000 ZXY  1.001522e+01  1.210151e+01  4.742344e-01
2.38218e-01    GZ29   38.839 -122.872     900.000   -4000.000     750.000 ZYX -9.920568e+00 -1.226741e+01  4.742344e-01
2.38218e-01    GZ29   38.839 -122.872     900.000   -4000.000     750.000 ZYY -2.029970e+00 -2.789046e+00  4.742344e-01
4.32979e-01    GZ29   38.839 -122.872     900.000   -4000.000     750.000 ZXX -9.864650e-02 -1.485131e-01  3.473687e-01
4.32979e-01    GZ29   38.839 -122.872     900.000   -4000.000     750.000 ZXY  8.257581e+00  7.916591e+00  3.473687e-01
4.32979e-01    GZ29   38.839 -122.872     900.000   -4000.000     750.000 ZYX -8.424690e+00 -7.953225e+00  3.473687e-01
4.32979e-01    GZ29   38.839 -122.872     900.000   -4000.000     750.000 ZYY -1.658097e+00 -2.078544e+00  3.473687e-01
7.86973e-01    GZ29   38.839 -122.872     900.000   -4000.000     750.000 ZXX -1.173056e-01  2.818895e-01  2.747819e-01
7.86973e-01    GZ29   38.839 -122.872     900.000   -4000.000     750.000 ZXY  7.090498e+00  5.460418e+00  2.747819e-01
7.86973e-01    GZ29   38.839 -122.872     900.000   -4000.000     750.000 ZYX -7.308863e+00 -5.714890e+00  2.747819e-01
7.86973e-01    GZ29   38.839 -122.872     900.000   -4000.000     750.000 ZYY -1.375024e+00 -1.670230e+00  2.747819e-01
1.43038e+00    GZ29   38.839 -122.872     900.000   -4000.000     750.000 ZXX -4.450023e-01  6.060138e-01  2.254105e-01
1.43038e+00    GZ29   38.839 -122.872     900.000   -4000.000     750.000 ZXY  6.081588e+00  4.160809e+00  2.254105e-01
1.43038e+00    GZ29   38.839 -122.872     900.000   -4000.000     750.000 ZYX -6.074814e+00 -4.621055e+00  2.254105e-01
1.43038e+00    GZ29   38.839 -122.872     900.000   -4000.000     750.000 ZYY -8.761225e-01 -1.426182e+00  2.254105e-01
2.59984e+00    GZ29   38.839 -122.872     900.000   -4000.000     750.000 ZXX -9.431457e-01  5.885564e-01  1.802742e-01
2.59984e+00    GZ29   38.839 -122.872     900.000   -4000.000     750.000 ZXY  4.911775e+00  3.393948e+00  1.802742e-01
2.59984e+00    GZ29   38.839 -122.872     900.000   -4000.000     750.000 ZYX -4.701936e+00 -3.804336e+00  1.802742e-01
2.59984e+00    GZ29   38.839 -122.872     900.000   -4000.000     750.000 ZYY -1.977217e-01 -1.086724e+00  1.802742e-01
4.72540e+00    GZ29   38.839 -122.872     900.000   -4000.000     750.000 ZXX -1.153684e+00  3.234060e-01  1.294365e-01
4.72540e+00    GZ29   38.839 -122.872     900.000   -4000.000     750.000 ZXY  3.775080e+00  2.534444e+00  1.294365e-01
4.72540e+00    GZ29   38.839 -122.872     900.000   -4000.000     750.000 ZYX -3.247540e+00 -2.477710e+00  1.294365e-01
4.72540e+00    GZ29   38.839 -122.872     900.000   -4000.000     750.000 ZYY  2.761321e-02 -7.877117e-01  1.294365e-01
8.58879e+00    GZ29   38.839 -122.872     900.000   -4000.000     750.000 ZXX -1.195163e+00  2.551951e-01  9.512208e-02
8.58879e+00    GZ29   38.839 -122.872     900.000   -4000.000     750.000 ZXY  2.879917e+00  1.776828e+00  9.512208e-02
8.58879e+00    GZ29   38.839 -122.872     900.000   -4000.000     750.000 ZYX -2.406712e+00 -1.688442e+00  9.512208e-02
8.58879e+00    GZ29   38.839 -122.872     900.000   -4000.000     750.000 ZYY  1.777625e-01 -5.455672e-01  9.512208e-02
1.56108e+01    GZ29   38.839 -122.872     900.000   -4000.000     750.000 ZXX -1.443722e+00  1.915707e-01  7.691311e-02
1.56108e+01    GZ29   38.839 -122.872     900.000   -4000.000     750.000 ZXY  2.382400e+00  1.354937e+00  7.691311e-02
1.56108e+01    GZ29   38.839 -122.872     900.000   -4000.000     750.000 ZYX -1.944104e+00 -1.254200e+00  7.691311e-02
1.56108e+01    GZ29   38.839 -122.872     900.000   -4000.000     750.000 ZYY  2.801377e-01 -4.056281e-01  7.691311e-02
2.83738e+01    GZ29   38.839 -122.872     900.000   -4000.000     750.000 ZXX -1.363075e+00  7.253593e-02  6.642894e-02
2.83738e+01    GZ29   38.839 -122.872     900.000   -4000.000     750.000 ZXY  2.108674e+00  1.122819e+00  6.642894e-02
2.83738e+01    GZ29   38.839 -122.872     900.000   -4000.000     750.000 ZYX -1.689584e+00 -1.015288e+00  6.642894e-02
2.83738e+01    GZ29   38.839 -122.872     900.000   -4000.000     750.000 ZYY  4.029393e-01 -2.681674e-01  6.642894e-02
5.15716e+01    GZ29   38.839 -122.872     900.000   -4000.000     750.000 ZXX -1.404449e+00 -1.873446e-02  5.969945e-02
5.15716e+01    GZ29   38.839 -122.872     900.000   -4000.000     750.000 ZXY  2.099751e+00  9.082938e-01  7.112123e-02
5.15716e+01    GZ29   38.839 -122.872     900.000   -4000.000     750.000 ZYX -1.499727e+00 -6.712950e-01  5.969945e-02
5.15716e+01    GZ29   38.839 -122.872     900.000   -4000.000     750.000 ZYY  4.712149e-01 -1.898997e-01  6.014889e-02
9.37354e+01    GZ29   38.839 -122.872     900.000   -4000.000     750.000 ZXX -1.390464e+00 -9.758899e-02  6.014617e-02
9.37354e+01    GZ29   38.839 -122.872     900.000   -4000.000     750.000 ZXY  1.836438e+00  7.880208e-01  8.169467e-02
9.37354e+01    GZ29   38.839 -122.872     900.000   -4000.000     750.000 ZYX -1.345052e+00 -4.474209e-01  5.258929e-02
9.37354e+01    GZ29   38.839 -122.872     900.000   -4000.000     750.000 ZYY  4.095399e-01 -5.828068e-02  6.802127e-02
1.70371e+02    GZ29   38.839 -122.872     900.000   -4000.000     750.000 ZXX -1.310034e+00 -1.038117e-01  5.933098e-02
1.70371e+02    GZ29   38.839 -122.872     900.000   -4000.000     750.000 ZXY  1.495652e+00  6.003216e-01  8.446509e-02
1.70371e+02    GZ29   38.839 -122.872     900.000   -4000.000     750.000 ZYX -1.262559e+00 -2.489120e-01  8.072603e-02
1.70371e+02    GZ29   38.839 -122.872     900.000   -4000.000     750.000 ZYY  2.801856e-01 -5.130928e-02  8.171357e-02
3.09663e+02    GZ29   38.839 -122.872     900.000   -4000.000     750.000 ZXX -1.050169e+00 -1.867633e-01  4.769412e-02
3.09663e+02    GZ29   38.839 -122.872     900.000   -4000.000     750.000 ZXY  1.220391e+00  4.997888e-01  6.057160e-02
3.09663e+02    GZ29   38.839 -122.872     900.000   -4000.000     750.000 ZYX -9.931283e-01 -3.062574e-01  8.013391e-02
3.09663e+02    GZ29   38.839 -122.872     900.000   -4000.000     750.000 ZYY  2.818242e-01 -7.092305e-02  1.020850e-01
5.62837e+02    GZ29   38.839 -122.872     900.000   -4000.000     750.000 ZXX -9.088128e-01 -1.296142e-01  4.360963e-02
5.62837e+02    GZ29   38.839 -122.872     900.000   -4000.000     750.000 ZXY  9.285174e-01  4.434854e-01  5.344021e-02
5.62837e+02    GZ29   38.839 -122.872     900.000   -4000.000     750.000 ZYX -7.584216e-01 -3.121719e-01  6.438055e-02
5.62837e+02    GZ29   38.839 -122.872     900.000   -4000.000     750.000 ZYY  2.945857e-01 -6.212604e-02  1.445010e-01
1.02300e+03    GZ29   38.839 -122.872     900.000   -4000.000     750.000 ZXX -7.493689e-01 -1.867040e-01  2.268612e-02
1.02300e+03    GZ29   38.839 -122.872     900.000   -4000.000     750.000 ZXY  7.305084e-01  4.160421e-01  4.397215e-02
1.02300e+03    GZ29   38.839 -122.872     900.000   -4000.000     750.000 ZYX -5.320409e-01 -3.202280e-01  1.324938e-01
1.02300e+03    GZ29   38.839 -122.872     900.000   -4000.000     750.000 ZYY  5.886704e-01 -4.486207e-01  3.967391e-01
2.00000e-03    GZ30   38.840 -122.796    1100.000    2800.000     330.000 ZXX  3.497220e+01  1.328218e+01  1.023930e+01
2.00000e-03    GZ30   38.840 -122.796    1100.000    2800.000     330.000 ZXY  2.316495e+02  3.006861e+02  1.023930e+01
2.00000e-03    GZ30   38.840 -122.796    1100.000    2800.000     330.000 ZYX -2.144509e+02 -2.194802e+02  1.023930e+01
2.00000e-03    GZ30   38.840 -122.796    1100.000    2800.000     330.000 ZYY -3.921060e+01 -2.429895e+01  1.023930e+01
3.63516e-03    GZ30   38.840 -122.796    1100.000    2800.000     330.000 ZXX  2.907095e+01  1.297849e+01  6.190255e+00
3.63516e-03    GZ30   38.840 -122.796    1100.000    2800.000     330.000 ZXY  1.224463e+02  1.778894e+02  6.190255e+00
3.63516e-03    GZ30   38.840 -122.796    1100.000    2800.000     330.000 ZYX -1.252067e+02 -1.522698e+02  6.190255e+00
3.63516e-03    GZ30   38.840 -122.796    1100.000    2800.000     330.000 ZYY -1.835485e+01 -2.106112e+01  6.190255e+00
6.60718e-03    GZ30   38.840 -122.796    1100.000    2800.000     330.000 ZXX  2.385740e+01  1.255309e+01  4.299222e+00
6.60718e-03    GZ30   38.840 -122.796    1100.000    2800.000     330.000 ZXY  7.696686e+01  1.252120e+02  4.299222e+00
6.60718e-03    GZ30   38.840 -122.796    1100.000    2800.000     330.000 ZYX -8.461265e+01 -1.110761e+02  4.299222e+00
6.60718e-03    GZ30   38.840 -122.796    1100.000    2800.000     330.000 ZYY -1.413732e+01 -1.323591e+01  4.299222e+00
1.20091e-02    GZ30   38.840 -122.796    1100.000    2800.000     330.000 ZXX  1.847255e+01  1.239553e+01  2.925397e+00
1.20091e-02    GZ30   38.840 -122.796    1100.000    2800.000     330.000 ZXY  4.534662e+01  8.434763e+01  2.925397e+00
1.20091e-02    GZ30   38.840 -122.796    1100.000    2800.000     330.000 ZYX -5.621350e+01 -8.168727e+01  2.925397e+00
1.20091e-02    GZ30   38.840 -122.796    1100.000    2800.000     330.000 ZYY -1.130844e+01 -9.994581e+00  2.925397e+00
2.18274e-02    GZ30   38.840 -122.796    1100.000    2800.000     330.000 ZXX  1.321848e+01  1.148328e+01  2.016311e+00
2.18274e-02    GZ30   38.840 -122.796    1100.000    2800.000     330.000 ZXY  2.913885e+01  5.868014e+01  2.016311e+00
2.18274e-02    GZ30   38.840 -122.796    1100.000    2800.000     330.000 ZYX -3.659690e+01 -5.825834e+01  2.016311e+00
2.18274e-02    GZ30   38.840 -122.796    1100.000    2800.000     330.000 ZYY -8.162901e+00 -7.775462e+00  2.016311e+00
3.96730e-02    GZ30   38.840 -122.796    1100.000    2800.000     330.000 ZXX  8.057519e+00  9.513525e+00  1.299154e+00
3.96730e-02    GZ30   38.840 -122.796    1100.000    2800.000     330.000 ZXY  1.686066e+01  3.680103e+01  1.299154e+00
3.96730e-02    GZ30   38.840 -122.796    1100.000    2800.000     330.000 ZYX -2.270680e+01 -4.026883e+01  1.299154e+00
3.96730e-02    GZ30   38.840 -122.796    1100.000    2800.000     330.000 ZYY -5.688124e+00 -6.285751e+00  1.299154e+00
7.21087e-02    GZ30   38.840 -122.796    1100.000    2800.000     330.000 ZXX  4.844454e+00  6.759421e+00  8.239877e-01
7.21087e-02    GZ30   38.840 -122.796    1100.000    2800.000     330.000 ZXY  1.052914e+01  2.310723e+01  8.239877e-01
7.21087e-02    GZ30   38.840 -122.796    1100.000    2800.000     330.000 ZYX -1.371700e+01 -2.629764e+01  8.239877e-01
7.21087e-02    GZ30   38.840 -122.796    1100.000    2800.000     330.000 ZYY -3.742477e+00 -4.809127e+00  8.239877e-01
1.31063e-01    GZ30   38.840 -122.796    1100.000    2800.000     330.000 ZXX  3.139032e+00  4.542415e+00  5.170013e-01
1.31063e-01    GZ30   38.840 -122.796    1100.000    2800.000     330.000 ZXY  7.184382e+00  1.424171e+01  5.170013e-01
1.31063e-01    GZ30   38.840 -122.796    1100.000    2800.000     330.000 ZYX -9.158509e+00 -1.618591e+01  5.170013e-01
1.31063e-01    GZ30   38.840 -122.796    1100.000    2800.000     330.000 ZYY -2.385095e+00 -3.647339e+00  5.170013e-01
2.38218e-01    GZ30   38.840 -122.796    1100.000    2800.000     330.000 ZXX  2.249761e+00  3.069093e+00  3.371475e-01
2.38218e-01    GZ30   38.840 -122.796    1100.000    2800.000     330.000 ZXY  5.558146e+00  8.676916e+00  3.371475e-01
2.38218e-01    GZ30   38.840 -122.796    1100.000    2800.000     330.000 ZYX -6.945993e+00 -1.007872e+01  3.371475e-01
2.38218e-01    GZ30   38.840 -122.796    1100.000    2800.000     330.000 ZYY -1.395417e+00 -2.640605e+00  3.371475e-01
4.32979e-01    GZ30   38.840 -122.796    1100.000    2800.000     330.000 ZXX  1.728964e+00  2.042208e+00  2.398229e-01
4.32979e-01    GZ30   38.840 -122.796    1100.000    2800.000     330.000 ZXY  4.659895e+00  5.481028e+00  2.398229e-01
4.32979e-01    GZ30   38.840 -122.796    1100.000    2800.000     330.000 ZYX -5.876809e+00 -6.645578e+00  2.398229e-01
4.32979e-01    GZ30   38.840 -122.796    1100.000    2800.000     330.000 ZYY -6.617701e-01 -1.990634e+00  2.398229e-01
7.86973e-01    GZ30   38.840 -122.796    1100.000    2800.000     330.000 ZXX  1.307962e+00  1.504554e+00  1.786762e-01
7.86973e-01    GZ30   38.840 -122.796    1100.000    2800.000     330.000 ZXY  3.893813e+00  3.726433e+00  1.786762e-01
7.86973e-01    GZ30   38.840 -122.796    1100.000    2800.000     330.000 ZYX -4.566395e+00 -4.711550e+00  1.786762e-01
7.86973e-01    GZ30   38.840 -122.796    1100.000    2800.000     330.000 ZYY -2.534202e-01 -1.307588e+00  1.786762e-01
1.43038e+00    GZ30   38.840 -122.796    1100.000    2800.000     330.000 ZXX  9.137900e-01  1.228158e+00  1.358467e-01
1.43038e+00    GZ30   38.840 -122.796    1100.000    2800.000     330.000 ZXY  3.174574e+00  2.680993e+00  1.358467e-01
1.43038e+00    GZ30   38.840 -122.796    1100.000    2800.000     330.000 ZYX -3.421680e+00 -3.508964e+00  1.358467e-01
1.43038e+00    GZ30   38.840 -122.796    1100.000    2800.000     330.000 ZYY  1.411801e-01 -7.701547e-01  1.358467e-01
2.59984e+00    GZ30   38.840 -122.796    1100.000    2800.000     330.000 ZXX  5.384917e-01  1.040685e+00  1.064170e-01
2.59984e+00    GZ30   38.840 -122.796    1100.000    2800.000     330.000 ZXY  2.493231e+00  2.161352e+00  1.064170e-01
2.59984e+00    GZ30   38.840 -122.796    1100.000    2800.000     330.000 ZYX -2.590646e+00 -2.765201e+00  1.064170e-01
2.59984e+00    GZ30   38.840 -122.796    1100.000    2800.000     330.000 ZYY  2.941428e-01 -5.300754e-01  1.064170e-01
4.72540e+00    GZ30   38.840 -122.796    1100.000    2800.000     330.000 ZXX  1.863377e-01  6.753132e-01  7.986764e-02
4.72540e+00    GZ30   38.840 -122.796    1100.000    2800.000     330.000 ZXY  2.052052e+00  1.625603e+00  7.986764e-02
4.72540e+00    GZ30   38.840 -122.796    1100.000    2800.000     330.000 ZYX -1.936022e+00 -1.882995e+00  7.986764e-02
4.72540e+00    GZ30   38.840 -122.796    1100.000    2800.000     330.000 ZYY  2.195131e-01 -3.779818e-01  7.986764e-02
8.58879e+00    GZ30   38.840 -122.796    1100.000    2800.000     330.000 ZXX -4.195740e-02  4.367207e-01  6.143294e-02
8.58879e+00    GZ30   38.840 -122.796    1100.000    2800.000     330.000 ZXY  1.811797e+00  1.084086e+00  6.143294e-02
8.58879e+00    GZ30   38.840 -122.796    1100.000    2800.000     330.000 ZYX -1.657879e+00 -1.089522e+00  6.143294e-02
8.58879e+00    GZ30   38.840 -122.796    1100.000    2800.000     330.000 ZYY  1.650554e-01 -2.518250e-01  6.143294e-02
1.56108e+01    GZ30   38.840 -122.796    1100.000    2800.000     330.000 ZXX -1.681143e-01  3.049786e-01  5.231824e-02
1.56108e+01    GZ30   38.840 -122.796    1100.000    2800.000     330.000 ZXY  1.679615e+00  7.813519e-01  6.307544e-02
1.56108e+01    GZ30   38.840 -122.796    1100.000    2800.000     330.000 ZYX -1.506602e+00 -6.472920e-01  5.231824e-02
1.56108e+01    GZ30   38.840 -122.796    1100.000    2800.000     330.000 ZYY  1.350434e-01 -1.814851e-01  5.231824e-02
2.83738e+01    GZ30   38.840 -122.796    1100.000    2800.000     330.000 ZXX -2.375236e-01  2.324963e-01  4.791558e-02
2.83738e+01    GZ30   38.840 -122.796    1100.000    2800.000     330.000 ZXY  1.606890e+00  6.147928e-01  6.638379e-02
2.83738e+01    GZ30   38.840 -122.796    1100.000    2800.000     330.000 ZYX -1.423373e+00 -4.039843e-01  4.791558e-02
2.83738e+01    GZ30   38.840 -122.796    1100.000    2800.000     330.000 ZYY  1.185313e-01 -1.427853e-01  5.273336e-02
5.15716e+01    GZ30   38.840 -122.796    1100.000    2800.000     330.000 ZXX -2.457928e-01  1.204449e-01  3.814173e-02
5.15716e+01    GZ30   38.840 -122.796    1100.000    2800.000     330.000 ZXY  1.172435e+00  4.737606e-01  6.726381e-02
5.15716e+01    GZ30   38.840 -122.796    1100.000    2800.000     330.000 ZYX -1.240062e+00 -3.079605e-01  3.814173e-02
5.15716e+01    GZ30   38.840 -122.796    1100.000    2800.000     330.000 ZYY  2.077282e-01 -7.494763e-02  6.759025e-02
9.37354e+01    GZ30   38.840 -122.796    1100.000    2800.000     330.000 ZXX -2.922285e-01  2.075453e-02  2.926755e-02
9.37354e+01    GZ30   38.840 -122.796    1100.000    2800.000     330.000 ZXY  8.860547e-01  3.499737e-01  5.080788e-02
9.37354e+01    GZ30   38.840 -122.796    1100.000    2800.000     330.000 ZYX -9.632574e-01 -2.643218e-01  3.848915e-02
9.37354e+01    GZ30   38.840 -122.796    1100.000    2800.000     330.000 ZYY  3.179862e-01 -3.425990e-02  8.146923e-02
1.70371e+02    GZ30   38.840 -122.796    1100.000    2800.000     330.000 ZXX -1.775029e-01 -5.018688e-02  3.151983e-02
1.70371e+02    GZ30   38.840 -122.796    1100.000    2800.000     330.000 ZXY  6.932516e-01  2.556067e-01  4.938264e-02
1.70371e+02    GZ30   38.840 -122.796    1100.000    2800.000     330.000 ZYX -8.202048e-01 -1.981110e-01  5.040669e-02
1.70371e+02    GZ30   38.840 -122.796    1100.000    2800.000     330.000 ZYY  1.296007e-01  4.428563e-02  8.532250e-02
3.09663e+02    GZ30   38.840 -122.796    1100.000    2800.000     330.000 ZXX -2.179482e-01 -2.522255e-02  2.362629e-02
3.09663e+02    GZ30   38.840 -122.796    1100.000    2800.000     330.000 ZXY  5.415275e-01  2.178635e-01  3.081212e-02
3.09663e+02    GZ30   38.840 -122.796    1100.000    2800.000     330.000 ZYX -5.918967e-01 -1.715472e-01  3.345209e-02
3.09663e+02    GZ30   38.840 -122.796    1100.000    2800.000     330.000 ZYY  1.586072e-01  2.142553e-03  4.331861e-02
5.62837e+02    GZ30   38.840 -122.796    1100.000    2800.000     330.000 ZXX -2.033531e-01 -8.465120e-03  2.048469e-02
5.62837e+02    GZ30   38.840 -122.796    1100.000    2800.000     330.000 ZXY  3.690221e-01  2.226052e-01  3.038790e-02
5.62837e+02    GZ30   38.840 -122.796    1100.000    2800.000     330.000 ZYX -4.735855e-01 -1.764047e-01  1.829114e-02
5.62837e+02    GZ30   38.840 -122.796    1100.000    2800.000     330.000 ZYY  1.646982e-01  3.553497e-02  3.223726e-02
1.02300e+03    GZ30   38.840 -122.796    1100.000    2800.000     330.000 ZXX -1.625387e-01 -2.678509e-02  2.761869e-02
1.02300e+03    GZ30   38.840 -122.796    1100.000    2800.000     330.000 ZXY  2.931153e-01  1.471401e-01  3.916780e-02
1.02300e+03    GZ30   38.840 -122.796    1100.000    2800.000     330.000 ZYX -3.434554e-01 -1.504279e-01  2.317715e-02
1.02300e+03    GZ30   38.840 -122.796    1100.000    2800.000     330.000 ZYY  2.087852e-01 -2.419368e-02  3.199854e-02
7.21087e-02    GZ31   38.843 -122.784    1500.000    3800.000     450.000 ZXX -5.302672e+01  3.165168e+01  1.406079e+02
7.21087e-02    GZ31   38.843 -122.784    1500.000    3800.000     450.000 ZXY  3.783874e+01  7.092732e+00  1.406079e+02
7.21087e-02    GZ31   38.843 -122.784    1500.000    3800.000     450.000 ZYX -4.120577e+01 -1.568076e+01  1.406079e+02
7.21087e-02    GZ31   38.843 -122.784    1500.000    3800.000     450.000 ZYY  3.198355e+01  1.160392e-01  1.406079e+02
1.31063e-01    GZ31   38.843 -122.784    1500.000    3800.000     450.000 ZXX -4.235831e+01 -2.477764e+01  1.122439e+02
1.31063e-01    GZ31   38.843 -122.784    1500.000    3800.000     450.000 ZXY  2.881943e+01  1.146970e+01  1.122439e+02
1.31063e-01    GZ31   38.843 -122.784    1500.000    3800.000     450.000 ZYX -3.379399e+01 -1.395532e+01  1.122439e+02
1.31063e-01    GZ31   38.843 -122.784    1500.000    3800.000     450.000 ZYY  2.501151e+01  6.149123e+00  1.122439e+02
2.38218e-01    GZ31   38.843 -122.784    1500.000    3800.000     450.000 ZXX -3.605408e+01 -1.769420e+01  9.289732e+01
2.38218e-01    GZ31   38.843 -122.784    1500.000    3800.000     450.000 ZXY  2.303933e+01  1.140493e+01  9.289732e+01
2.38218e-01    GZ31   38.843 -122.784    1500.000    3800.000     450.000 ZYX -2.947543e+01 -1.074792e+01  9.289732e+01
2.38218e-01    GZ31   38.843 -122.784    1500.000    3800.000     450.000 ZYY  2.041727e+01  7.553196e+00  9.289732e+01
4.32979e-01    GZ31   38.843 -122.784    1500.000    3800.000     450.000 ZXX -3.135411e+01 -1.258987e+01  7.709650e+01
4.32979e-01    GZ31   38.843 -122.784    1500.000    3800.000     450.000 ZXY  1.801204e+01  8.644203e+00  7.709650e+01
4.32979e-01    GZ31   38.843 -122.784    1500.000    3800.000     450.000 ZYX -2.619414e+01 -8.407677e+00  7.709650e+01
4.32979e-01    GZ31   38.843 -122.784    1500.000    3800.000     450.000 ZYY  1.620468e+01  6.894309e+00  7.709650e+01
7.86973e-01    GZ31   38.843 -122.784    1500.000    3800.000     450.000 ZXX -2.813534e+01 -1.056285e+01  6.704940e+01
7.86973e-01    GZ31   38.843 -122.784    1500.000    3800.000     450.000 ZXY  1.494578e+01  7.393465e+00  6.704940e+01
7.86973e-01    GZ31   38.843 -122.784    1500.000    3800.000     450.000 ZYX -2.357887e+01 -8.047691e+00  6.704940e+01
7.86973e-01    GZ31   38.843 -122.784    1500.000    3800.000     450.000 ZYY  1.310619e+01  6.538850e+00  6.704940e+01
1.43038e+00    GZ31   38.843 -122.784    1500.000    3800.000     450.000 ZXX -2.523606e+01  9.616703e+00  5.833866e+01
1.43038e+00    GZ31   38.843 -122.784    1500.000    3800.000     450.000 ZXY  1.252509e+01  5.711960e+00  5.833866e+01
1.43038e+00    GZ31   38.843 -122.784    1500.000    3800.000     450.000 ZYX -2.069988e+01 -8.055678e+00  5.833866e+01
1.43038e+00    GZ31   38.843 -122.784    1500.000    3800.000     450.000 ZYY  1.056802e+01  5.440363e+00  5.833866e+01
2.59984e+00    GZ31   38.843 -122.784    1500.000    3800.000     450.000 ZXX -2.203019e+01 -9.269025e+00  5.075622e+01
2.59984e+00    GZ31   38.843 -122.784    1500.000    3800.000     450.000 ZXY  1.090541e+01  4.897699e+00  5.075622e+01
2.59984e+00    GZ31   38.843 -122.784    1500.000    3800.000     450.000 ZYX -1.744300e+01 -8.122071e+00  5.075622e+01
2.59984e+00    GZ31   38.843 -122.784    1500.000    3800.000     450.000 ZYY  8.804700e+00  4.606146e+00  5.075622e+01
4.72540e+00    GZ31   38.843 -122.784    1500.000    3800.000     450.000 ZXX -1.759677e+01 -7.582913e+00  4.167019e+01
4.72540e+00    GZ31   38.843 -122.784    1500.000    3800.000     450.000 ZXY  9.442555e+00  4.593383e+00  4.167019e+01
4.72540e+00    GZ31   38.843 -122.784    1500.000    3800.000     450.000 ZYX -1.366128e+01 -6.813837e+00  4.167019e+01
4.72540e+00    GZ31   38.843 -122.784    1500.000    3800.000     450.000 ZYY  7.204939e+00  4.730430e+00  4.167019e+01
8.58879e+00    GZ31   38.843 -122.784    1500.000    3800.000     450.000 ZXX -1.492633e+01 -5.250274e+00  3.496636e+01
8.58879e+00    GZ31   38.843 -122.784    1500.000    3800.000     450.000 ZXY  8.634770e+00  3.514288e+00  3.496636e+01
8.58879e+00    GZ31   38.843 -122.784    1500.000    3800.000     450.000 ZYX -1.119644e+01 -4.857429e+00  3.496636e+01
8.58879e+00    GZ31   38.843 -122.784    1500.000    3800.000     450.000 ZYY  6.771564e+00  3.196518e+00  3.496636e+01
1.56108e+01    GZ31   38.843 -122.784    1500.000    3800.000     450.000 ZXX -1.369597e+01 -4.030287e+00  3.194610e+01
1.56108e+01    GZ31   38.843 -122.784    1500.000    3800.000     450.000 ZXY  9.102143e+00  1.718291e+00  3.194610e+01
1.56108e+01    GZ31   38.843 -122.784    1500.000    3800.000     450.000 ZYX -9.963674e+00 -3.723301e+00  3.194610e+01
1.56108e+01    GZ31   38.843 -122.784    1500.000    3800.000     450.000 ZYY  6.776096e+00  1.837245e+00  3.194610e+01
2.83738e+01    GZ31   38.843 -122.784    1500.000    3800.000     450.000 ZXX -1.298763e+01 -3.366085e+00  3.039404e+01
2.83738e+01    GZ31   38.843 -122.784    1500.000    3800.000     450.000 ZXY  9.333548e+00  7.458383e-01  3.039404e+01
2.83738e+01    GZ31   38.843 -122.784    1500.000    3800.000     450.000 ZYX -9.259545e+00 -3.102387e+00  3.281214e+01
2.83738e+01    GZ31   38.843 -122.784    1500.000    3800.000     450.000 ZYY  6.757267e+00  1.098339e+00  3.039404e+01
5.15716e+01    GZ31   38.843 -122.784    1500.000    3800.000     450.000 ZXX -1.151300e+01 -3.647981e+00  2.684421e+01
5.15716e+01    GZ31   38.843 -122.784    1500.000    3800.000     450.000 ZXY  8.225908e+00  7.504745e-01  2.684421e+01
5.15716e+01    GZ31   38.843 -122.784    1500.000    3800.000     450.000 ZYX -7.894253e+00 -3.130919e+00  3.259437e+01
5.15716e+01    GZ31   38.843 -122.784    1500.000    3800.000     450.000 ZYY  5.689366e+00  1.008351e+00  2.684421e+01
9.37354e+01    GZ31   38.843 -122.784    1500.000    3800.000     450.000 ZXX -1.086086e+01 -4.527072e+00  2.867987e+01
9.37354e+01    GZ31   38.843 -122.784    1500.000    3800.000     450.000 ZXY  8.561559e+00  5.444596e-01  2.652533e+01
9.37354e+01    GZ31   38.843 -122.784    1500.000    3800.000     450.000 ZYX -7.207504e+00 -3.636041e+00  4.006514e+01
9.37354e+01    GZ31   38.843 -122.784    1500.000    3800.000     450.000 ZYY  5.726636e+00  8.714532e-01  2.937960e+01
1.70371e+02    GZ31   38.843 -122.784    1500.000    3800.000     450.000 ZXX -8.610348e+00 -3.207571e+00  2.298076e+01
1.70371e+02    GZ31   38.843 -122.784    1500.000    3800.000     450.000 ZXY  7.704017e+00  1.163630e+00  2.156551e+01
1.70371e+02    GZ31   38.843 -122.784    1500.000    3800.000     450.000 ZYX -5.552752e+00 -2.510967e+00  3.399019e+01
1.70371e+02    GZ31   38.843 -122.784    1500.000    3800.000     450.000 ZYY  4.959585e+00  1.158166e+00  2.655727e+01
3.09663e+02    GZ31   38.843 -122.784    1500.000    3800.000     450.000 ZXX -6.731241e+00 -2.666178e+00  1.706969e+01
3.09663e+02    GZ31   38.843 -122.784    1500.000    3800.000     450.000 ZXY  6.310742e+00  1.099133e+00  1.826041e+01
3.09663e+02    GZ31   38.843 -122.784    1500.000    3800.000     450.000 ZYX -4.196940e+00 -1.953636e+00  2.279786e+01
3.09663e+02    GZ31   38.843 -122.784    1500.000    3800.000     450.000 ZYY  3.789494e+00  1.083351e+00  2.425408e+01
5.62837e+02    GZ31   38.843 -122.784    1500.000    3800.000     450.000 ZXX -5.379962e+00 -2.624959e+00  1.683326e+01
5.62837e+02    GZ31   38.843 -122.784    1500.000    3800.000     450.000 ZXY  5.110244e+00  1.163682e+00  1.646281e+01
5.62837e+02    GZ31   38.843 -122.784    1500.000    3800.000     450.000 ZYX -3.267851e+00 -1.625273e+00  1.702064e+01
5.62837e+02    GZ31   38.843 -122.784    1500.000    3800.000     450.000 ZYY  3.057579e+00  1.027192e+00  1.756236e+01
2.00000e-03    GZ32   38.805 -122.767   -2700.000    5200.000     300.000 ZXX  1.796751e+00 -3.439598e+00  8.629370e+00
2.00000e-03    GZ32   38.805 -122.767   -2700.000    5200.000     300.000 ZXY  1.846059e+02  2.398506e+02  8.629370e+00
2.00000e-03    GZ32   38.805 -122.767   -2700.000    5200.000     300.000 ZYX -2.293908e+02 -1.486737e+02  8.629370e+00
3.63516e-03    GZ32   38.805 -122.767   -2700.000    5200.000     300.000 ZXX  4.047016e+00 -4.219090e+00  6.527454e+00
3.63516e-03    GZ32   38.805 -122.767   -2700.000    5200.000     300.000 ZXY  1.333502e+02  1.790026e+02  6.527454e+00
3.63516e-03    GZ32   38.805 -122.767   -2700.000    5200.000     300.000 ZYX -1.628477e+02 -1.355047e+02  6.527454e+00
3.63516e-03    GZ32   38.805 -122.767   -2700.000    5200.000     300.000 ZYY -1.247992e+01 -1.628992e+01  6.527454e+00
6.60718e-03    GZ32   38.805 -122.767   -2700.000    5200.000     300.000 ZXX  7.221698e+00 -2.265347e+00  4.841476e+00
6.60718e-03    GZ32   38.805 -122.767   -2700.000    5200.000     300.000 ZXY  9.373988e+01  1.348638e+02  4.841476e+00
6.60718e-03    GZ32   38.805 -122.767   -2700.000    5200.000     300.000 ZYX -1.082141e+02 -1.157855e+02  4.841476e+00
6.60718e-03    GZ32   38.805 -122.767   -2700.000    5200.000     300.000 ZYY -9.786284e+00 -1.174998e+01  4.841476e+00
1.20091e-02    GZ32   38.805 -122.767   -2700.000    5200.000     300.000 ZXX  7.635828e+00 -4.462128e-01  3.328402e+00
1.20091e-02    GZ32   38.805 -122.767   -2700.000    5200.000     300.000 ZXY  6.102524e+01  9.142290e+01  3.328402e+00
1.20091e-02    GZ32   38.805 -122.767   -2700.000    5200.000     300.000 ZYX -6.987284e+01 -8.745365e+01  3.328402e+00
1.20091e-02    GZ32   38.805 -122.767   -2700.000    5200.000     300.000 ZYY -7.948786e+00 -9.107800e+00  3.328402e+00
2.18274e-02    GZ32   38.805 -122.767   -2700.000    5200.000     300.000 ZXX  6.699653e+00  2.051566e+00  2.292468e+00
2.18274e-02    GZ32   38.805 -122.767   -2700.000    5200.000     300.000 ZXY  4.021920e+01  6.338906e+01  2.292468e+00
2.18274e-02    GZ32   38.805 -122.767   -2700.000    5200.000     300.000 ZYX -4.475635e+01 -6.359615e+01  2.292468e+00
2.18274e-02    GZ32   38.805 -122.767   -2700.000    5200.000     300.000 ZYY -5.916191e+00 -7.152227e+00  2.292468e+00
3.96730e-02    GZ32   38.805 -122.767   -2700.000    5200.000     300.000 ZXX  4.289712e+00  2.863159e+00  1.532308e+00
3.96730e-02    GZ32   38.805 -122.767   -2700.000    5200.000     300.000 ZXY  2.564917e+01  4.301364e+01  1.532308e+00
3.96730e-02    GZ32   38.805 -122.767   -2700.000    5200.000     300.000 ZYX -2.768732e+01 -4.411898e+01  1.532308e+00
3.96730e-02    GZ32   38.805 -122.767   -2700.000    5200.000     300.000 ZYY -3.782745e+00 -4.985478e+00  1.532308e+00
7.21087e-02    GZ32   38.805 -122.767   -2700.000    5200.000     300.000 ZXX  2.775684e+00  2.460946e+00  9.940403e-01
7.21087e-02    GZ32   38.805 -122.767   -2700.000    5200.000     300.000 ZXY  1.635053e+01  2.814363e+01  9.940403e-01
7.21087e-02    GZ32   38.805 -122.767   -2700.000    5200.000     300.000 ZYX -1.782192e+01 -2.863313e+01  9.940403e-01
7.21087e-02    GZ32   38.805 -122.767   -2700.000    5200.000     300.000 ZYY -2.212298e+00 -3.930391e+00  9.940403e-01
1.31063e-01    GZ32   38.805 -122.767   -2700.000    5200.000     300.000 ZXX  1.772149e+00  1.757840e+00  6.454743e-01
1.31063e-01    GZ32   38.805 -122.767   -2700.000    5200.000     300.000 ZXY  1.150428e+01  1.781612e+01  6.454743e-01
1.31063e-01    GZ32   38.805 -122.767   -2700.000    5200.000     300.000 ZYX -1.257288e+01 -1.783872e+01  6.454743e-01
1.31063e-01    GZ32   38.805 -122.767   -2700.000    5200.000     300.000 ZYY -1.236284e+00 -2.839823e+00  6.454743e-01
2.38218e-01    GZ32   38.805 -122.767   -2700.000    5200.000     300.000 ZXX  1.255557e+00  1.343317e+00  4.366994e-01
2.38218e-01    GZ32   38.805 -122.767   -2700.000    5200.000     300.000 ZXY  8.929145e+00  1.094080e+01  4.366994e-01
2.38218e-01    GZ32   38.805 -122.767   -2700.000    5200.000     300.000 ZYX -1.011444e+01 -1.108291e+01  4.366994e-01
2.38218e-01    GZ32   38.805 -122.767   -2700.000    5200.000     300.000 ZYY -3.265721e-01 -1.932402e+00  4.366994e-01
4.32979e-01    GZ32   38.805 -122.767   -2700.000    5200.000     300.000 ZXX  9.566905e-01  8.984977e-01  3.308926e-01
4.32979e-01    GZ32   38.805 -122.767   -2700.000    5200.000     300.000 ZXY  7.878958e+00  6.959895e+00  3.308926e-01
4.32979e-01    GZ32   38.805 -122.767   -2700.000    5200.000     300.000 ZYX -8.818135e+00 -7.491820e+00  3.308926e-01
4.32979e-01    GZ32   38.805 -122.767   -2700.000    5200.000     300.000 ZYY -4.272139e-02 -1.538763e+00  3.308926e-01
7.86973e-01    GZ32   38.805 -122.767   -2700.000    5200.000     300.000 ZXX  8.299162e-01  7.362302e-01  2.630959e-01
7.86973e-01    GZ32   38.805 -122.767   -2700.000    5200.000     300.000 ZXY  6.456110e+00  4.951194e+00  2.630959e-01
7.86973e-01    GZ32   38.805 -122.767   -2700.000    5200.000     300.000 ZYX -7.684624e+00 -5.503829e+00  2.630959e-01
7.86973e-01    GZ32   38.805 -122.767   -2700.000    5200.000     300.000 ZYY  3.569449e-01 -1.213800e+00  2.630959e-01
1.43038e+00    GZ32   38.805 -122.767   -2700.000    5200.000     300.000 ZXX  6.031946e-01  7.531792e-01  2.153726e-01
1.43038e+00    GZ32   38.805 -122.767   -2700.000    5200.000     300.000 ZXY  5.288001e+00  3.853220e+00  2.153726e-01
1.43038e+00    GZ32   38.805 -122.767   -2700.000    5200.000     300.000 ZYX -6.388815e+00 -4.601502e+00  2.153726e-01
1.43038e+00    GZ32   38.805 -122.767   -2700.000    5200.000     300.000 ZYY  9.171197e-01 -8.837744e-01  2.153726e-01
2.59984e+00    GZ32   38.805 -122.767   -2700.000    5200.000     300.000 ZXX  2.791579e-01  7.321715e-01  1.747028e-01
2.59984e+00    GZ32   38.805 -122.767   -2700.000    5200.000     300.000 ZXY  4.250098e+00  3.162328e+00  1.747028e-01
2.59984e+00    GZ32   38.805 -122.767   -2700.000    5200.000     300.000 ZYX -4.882589e+00 -4.115568e+00  1.747028e-01
2.59984e+00    GZ32   38.805 -122.767   -2700.000    5200.000     300.000 ZYY  1.215977e+00 -6.148396e-01  1.747028e-01
4.72540e+00    GZ32   38.805 -122.767   -2700.000    5200.000     300.000 ZXX -4.943580e-02  6.032805e-01  1.297354e-01
4.72540e+00    GZ32   38.805 -122.767   -2700.000    5200.000     300.000 ZXY  3.272966e+00  2.348866e+00  1.297354e-01
4.72540e+00    GZ32   38.805 -122.767   -2700.000    5200.000     300.000 ZYX -3.410989e+00 -3.087921e+00  1.297354e-01
4.72540e+00    GZ32   38.805 -122.767   -2700.000    5200.000     300.000 ZYY  1.366409e+00 -3.827228e-01  1.297354e-01
8.58879e+00    GZ32   38.805 -122.767   -2700.000    5200.000     300.000 ZXX -2.370650e-01  5.278917e-01  9.420224e-02
8.58879e+00    GZ32   38.805 -122.767   -2700.000    5200.000     300.000 ZXY  2.562860e+00  1.669958e+00  9.420224e-02
8.58879e+00    GZ32   38.805 -122.767   -2700.000    5200.000     300.000 ZYX -2.489524e+00 -1.944233e+00  9.420224e-02
8.58879e+00    GZ32   38.805 -122.767   -2700.000    5200.000     300.000 ZYY  1.445461e+00 -2.554548e-01  9.420224e-02
1.56108e+01    GZ32   38.805 -122.767   -2700.000    5200.000     300.000 ZXX -3.402953e-01  4.864140e-01  7.465816e-02
1.56108e+01    GZ32   38.805 -122.767   -2700.000    5200.000     300.000 ZXY  2.169026e+00  1.292195e+00  7.465816e-02
1.56108e+01    GZ32   38.805 -122.767   -2700.000    5200.000     300.000 ZYX -1.980812e+00 -1.304057e+00  7.465816e-02
1.56108e+01    GZ32   38.805 -122.767   -2700.000    5200.000     300.000 ZYY  1.488955e+00 -1.854342e-01  8.358973e-02
2.83738e+01    GZ32   38.805 -122.767   -2700.000    5200.000     300.000 ZXX -5.099111e-01  3.128079e-01  6.358152e-02
2.83738e+01    GZ32   38.805 -122.767   -2700.000    5200.000     300.000 ZXY  1.952347e+00  1.084356e+00  6.358152e-02
2.83738e+01    GZ32   38.805 -122.767   -2700.000    5200.000     300.000 ZYX -1.700927e+00 -9.518432e-01  6.358152e-02
2.83738e+01    GZ32   38.805 -122.767   -2700.000    5200.000     300.000 ZYY  1.343408e+00 -9.785192e-04  6.463914e-02
5.15716e+01    GZ32   38.805 -122.767   -2700.000    5200.000     300.000 ZXX -5.595153e-01  1.582444e-01  5.120032e-02
5.15716e+01    GZ32   38.805 -122.767   -2700.000    5200.000     300.000 ZXY  1.559845e+00  8.237234e-01  5.120032e-02
5.15716e+01    GZ32   38.805 -122.767   -2700.000    5200.000     300.000 ZYX -1.470530e+00 -6.702320e-01  5.120032e-02
5.15716e+01    GZ32   38.805 -122.767   -2700.000    5200.000     300.000 ZYY  1.060036e+00  2.045735e-01  5.325479e-02
9.37354e+01    GZ32   38.805 -122.767   -2700.000    5200.000     300.000 ZXX -6.247494e-01  5.599073e-02  4.187177e-02
9.37354e+01    GZ32   38.805 -122.767   -2700.000    5200.000     300.000 ZXY  1.244092e+00  6.356605e-01  4.187177e-02
9.37354e+01    GZ32   38.805 -122.767   -2700.000    5200.000     300.000 ZYX -1.298286e+00 -4.871707e-01  4.411016e-02
9.37354e+01    GZ32   38.805 -122.767   -2700.000    5200.000     300.000 ZYY  8.216798e-01  1.462836e-01  5.745812e-02
1.70371e+02    GZ32   38.805 -122.767   -2700.000    5200.000     300.000 ZXX -5.542369e-01 -1.052802e-01  4.702911e-02
1.70371e+02    GZ32   38.805 -122.767   -2700.000    5200.000     300.000 ZXY  1.108167e+00  4.737781e-01  4.249073e-02
1.70371e+02    GZ32   38.805 -122.767   -2700.000    5200.000     300.000 ZYX -1.106505e+00 -3.871065e-01  4.484729e-02
1.70371e+02    GZ32   38.805 -122.767   -2700.000    5200.000     300.000 ZYY  6.494354e-01  1.406322e-01  8.050223e-02
3.09663e+02    GZ32   38.805 -122.767   -2700.000    5200.000     300.000 ZXX -4.619302e-01 -6.555019e-02  4.149138e-02
3.09663e+02    GZ32   38.805 -122.767   -2700.000    5200.000     300.000 ZXY  8.586037e-01  4.162843e-01  3.224764e-02
3.09663e+02    GZ32   38.805 -122.767   -2700.000    5200.000     300.000 ZYX -9.172850e-01 -3.300657e-01  3.444360e-02
3.09663e+02    GZ32   38.805 -122.767   -2700.000    5200.000     300.000 ZYY  5.183126e-01  1.645795e-01  3.429834e-02
5.62837e+02    GZ32   38.805 -122.767   -2700.000    5200.000     300.000 ZXX -4.768147e-01 -4.395204e-02  2.295101e-02
5.62837e+02    GZ32   38.805 -122.767   -2700.000    5200.000     300.000 ZXY  6.383733e-01  3.261474e-01  2.309345e-02
5.62837e+02    GZ32   38.805 -122.767   -2700.000    5200.000     300.000 ZYX -7.801810e-01 -2.401178e-01  3.458490e-02
5.62837e+02    GZ32   38.805 -122.767   -2700.000    5200.000     300.000 ZYY  4.329729e-01  1.506850e-01  3.331190e-02
1.02300e+03    GZ32   38.805 -122.767   -2700.000    5200.000     300.000 ZXX -3.763914e-01 -5.982185e-02  2.837353e-02
1.02300e+03    GZ32   38.805 -122.767   -2700.000    5200.000     300.000 ZXY  5.168870e-01  2.797939e-01  4.782138e-02
1.02300e+03    GZ32   38.805 -122.767   -2700.000    5200.000     300.000 ZYX -6.420744e-01 -2.163022e-01  2.223955e-02
1.02300e+03    GZ32   38.805 -122.767   -2700.000    5200.000     300.000 ZYY  3.987651e-01  9.517644e-02  2.995670e-02
3.96730e-02    GZ34   38.807 -122.796   -2500.000    2800.000     300.000 ZXX -1.665259e+01 -2.043079e+01  1.782873e+00
3.96730e-02    GZ34   38.807 -122.796   -2500.000    2800.000     300.000 ZXY  2.808695e+01  5.276072e+01  1.782873e+00
3.96730e-02    GZ34   38.807 -122.796   -2500.000    2800.000     300.000 ZYX -3.823862e+01 -4.494358e+01  1.782873e+00
3.96730e-02    GZ34   38.807 -122.796   -2500.000    2800.000     300.000 ZYY  1.534770e+01  1.575188e+01  1.782873e+00
7.21087e-02    GZ34   38.807 -122.796   -2500.000    2800.000     300.000 ZXX -1.054869e+01 -1.346303e+01  1.172224e+00
7.21087e-02    GZ34   38.807 -122.796   -2500.000    2800.000     300.000 ZXY  2.036875e+01  3.103247e+01  1.172224e+00
7.21087e-02    GZ34   38.807 -122.796   -2500.000    2800.000     300.000 ZYX -2.952149e+01 -2.862705e+01  1.172224e+00
7.21087e-02    GZ34   38.807 -122.796   -2500.000    2800.000     300.000 ZYY  1.277279e+01  9.549593e+00  1.172224e+00
1.31063e-01    GZ34   38.807 -122.796   -2500.000    2800.000     300.000 ZXX -7.712661e+00 -9.044775e+00  8.557772e-01
1.31063e-01    GZ34   38.807 -122.796   -2500.000    2800.000     300.000 ZXY  1.659105e+01  1.999954e+01  8.557772e-01
1.31063e-01    GZ34   38.807 -122.796   -2500.000    2800.000     300.000 ZYX -2.500136e+01 -1.883031e+01  8.557772e-01
1.31063e-01    GZ34   38.807 -122.796   -2500.000    2800.000     300.000 ZYY  1.130104e+01  6.725538e+00  8.557772e-01
2.38218e-01    GZ34   38.807 -122.796   -2500.000    2800.000     300.000 ZXX -6.196517e+00 -6.646492e+00  6.555793e-01
2.38218e-01    GZ34   38.807 -122.796   -2500.000    2800.000     300.000 ZXY  1.312038e+01  1.306010e+01  6.555793e-01
2.38218e-01    GZ34   38.807 -122.796   -2500.000    2800.000     300.000 ZYX -2.206174e+01 -1.327390e+01  6.555793e-01
2.38218e-01    GZ34   38.807 -122.796   -2500.000    2800.000     300.000 ZYY  9.885039e+00  4.777146e+00  9.385194e-01
4.32979e-01    GZ34   38.807 -122.796   -2500.000    2800.000     300.000 ZXX -4.618994e+00 -4.840171e+00  5.450392e-01
4.32979e-01    GZ34   38.807 -122.796   -2500.000    2800.000     300.000 ZXY  1.201734e+01  8.451457e+00  5.450392e-01
4.32979e-01    GZ34   38.807 -122.796   -2500.000    2800.000     300.000 ZYX -1.991146e+01 -1.020312e+01  5.450392e-01
4.32979e-01    GZ34   38.807 -122.796   -2500.000    2800.000     300.000 ZYY  8.547129e+00  2.927227e+00  5.450392e-01
7.86973e-01    GZ34   38.807 -122.796   -2500.000    2800.000     300.000 ZXX -3.301971e+00 -3.467350e+00  4.711981e-01
7.86973e-01    GZ34   38.807 -122.796   -2500.000    2800.000     300.000 ZXY  1.051074e+01  6.269780e+00  4.711981e-01
7.86973e-01    GZ34   38.807 -122.796   -2500.000    2800.000     300.000 ZYX -1.755601e+01 -9.393660e+00  4.711981e-01
7.86973e-01    GZ34   38.807 -122.796   -2500.000    2800.000     300.000 ZYY  7.967839e+00  2.171185e+00  4.711981e-01
1.43038e+00    GZ34   38.807 -122.796   -2500.000    2800.000     300.000 ZXX -2.528197e+00 -2.334270e+00  4.043941e-01
1.43038e+00    GZ34   38.807 -122.796   -2500.000    2800.000     300.000 ZXY  9.067207e+00  5.269304e+00  4.043941e-01
1.43038e+00    GZ34   38.807 -122.796   -2500.000    2800.000     300.000 ZYX -1.397226e+01 -9.379004e+00  4.043941e-01
1.43038e+00    GZ34   38.807 -122.796   -2500.000    2800.000     300.000 ZYY  7.643137e+00  2.405478e+00  4.043941e-01
2.59984e+00    GZ34   38.807 -122.796   -2500.000    2800.000     300.000 ZXX -2.049555e+00 -1.646173e+00  3.382406e-01
2.59984e+00    GZ34   38.807 -122.796   -2500.000    2800.000     300.000 ZXY  8.020221e+00  4.874357e+00  3.382406e-01
2.59984e+00    GZ34   38.807 -122.796   -2500.000    2800.000     300.000 ZYX -1.010240e+01 -8.320721e+00  3.382406e-01
2.59984e+00    GZ34   38.807 -122.796   -2500.000    2800.000     300.000 ZYY  6.341971e+00  2.365911e+00  3.382406e-01
4.72540e+00    GZ34   38.807 -122.796   -2500.000    2800.000     300.000 ZXX -1.945749e+00 -8.924455e-01  2.509520e-01
4.72540e+00    GZ34   38.807 -122.796   -2500.000    2800.000     300.000 ZXY  5.807142e+00  4.229038e+00  6.631223e-01
4.72540e+00    GZ34   38.807 -122.796   -2500.000    2800.000     300.000 ZYX -7.048259e+00 -6.171496e+00  3.855949e-01
4.72540e+00    GZ34   38.807 -122.796   -2500.000    2800.000     300.000 ZYY  5.107386e+00  1.787081e+00  2.509520e-01
8.58879e+00    GZ34   38.807 -122.796   -2500.000    2800.000     300.000 ZXX -1.891222e+00 -4.722508e-01  1.859521e-01
8.58879e+00    GZ34   38.807 -122.796   -2500.000    2800.000     300.000 ZXY  4.621355e+00  3.146080e+00  5.388395e-01
8.58879e+00    GZ34   38.807 -122.796   -2500.000    2800.000     300.000 ZYX -5.302577e+00 -3.834709e+00  2.429517e-01
8.58879e+00    GZ34   38.807 -122.796   -2500.000    2800.000     300.000 ZYY  4.423999e+00  1.461973e+00  2.656904e-01
1.56108e+01    GZ34   38.807 -122.796   -2500.000    2800.000     300.000 ZXX -1.861224e+00 -2.410668e-01  1.493656e-01
1.56108e+01    GZ34   38.807 -122.796   -2500.000    2800.000     300.000 ZXY  4.005829e+00  2.365300e+00  3.749716e-01
1.56108e+01    GZ34   38.807 -122.796   -2500.000    2800.000     300.000 ZYX -4.345054e+00 -2.527823e+00  1.562608e-01
1.56108e+01    GZ34   38.807 -122.796   -2500.000    2800.000     300.000 ZYY  4.048011e+00  1.283104e+00  2.823465e-01
2.83738e+01    GZ34   38.807 -122.796   -2500.000    2800.000     300.000 ZXX -1.809856e+00 -2.291911e-01  1.282131e-01
2.83738e+01    GZ34   38.807 -122.796   -2500.000    2800.000     300.000 ZXY  3.443148e+00  1.869618e+00  2.606828e-01
2.83738e+01    GZ34   38.807 -122.796   -2500.000    2800.000     300.000 ZYX -3.662578e+00 -1.803348e+00  1.236747e-01
2.83738e+01    GZ34   38.807 -122.796   -2500.000    2800.000     300.000 ZYY  3.487737e+00  1.238885e+00  2.775922e-01
5.15716e+01    GZ34   38.807 -122.796   -2500.000    2800.000     300.000 ZXX -1.826864e+00 -1.551134e-01  1.149375e-01
5.15716e+01    GZ34   38.807 -122.796   -2500.000    2800.000     300.000 ZXY  2.777322e+00  1.381601e+00  1.780293e-01
5.15716e+01    GZ34   38.807 -122.796   -2500.000    2800.000     300.000 ZYX -3.230682e+00 -1.328974e+00  1.152877e-01
5.15716e+01    GZ34   38.807 -122.796   -2500.000    2800.000     300.000 ZYY  2.805897e+00  1.060199e+00  2.150647e-01
9.37354e+01    GZ34   38.807 -122.796   -2500.000    2800.000     300.000 ZXX -1.607186e+00 -2.855268e-01  9.247020e-02
9.37354e+01    GZ34   38.807 -122.796   -2500.000    2800.000     300.000 ZXY  2.159670e+00  7.959765e-01  1.479675e-01
9.37354e+01    GZ34   38.807 -122.796   -2500.000    2800.000     300.000 ZYX -2.943771e+00 -9.759908e-01  1.176038e-01
9.37354e+01    GZ34   38.807 -122.796   -2500.000    2800.000     300.000 ZYY  2.290759e+00  7.888282e-01  1.564802e-01
1.70371e+02    GZ34   38.807 -122.796   -2500.000    2800.000     300.000 ZXX -1.440957e+00 -3.906561e-01  8.605578e-02
1.70371e+02    GZ34   38.807 -122.796   -2500.000    2800.000     300.000 ZXY  2.014844e+00  7.637024e-01  1.332264e-01
1.70371e+02    GZ34   38.807 -122.796   -2500.000    2800.000     300.000 ZYX -2.716912e+00 -8.897482e-01  1.389430e-01
1.70371e+02    GZ34   38.807 -122.796   -2500.000    2800.000     300.000 ZYY  2.082652e+00  5.085006e-01  1.906276e-01
3.09663e+02    GZ34   38.807 -122.796   -2500.000    2800.000     300.000 ZXX -1.145726e+00 -2.759968e-01  9.056451e-02
3.09663e+02    GZ34   38.807 -122.796   -2500.000    2800.000     300.000 ZXY  1.448714e+00  7.025656e-01  1.195755e-01
3.09663e+02    GZ34   38.807 -122.796   -2500.000    2800.000     300.000 ZYX -2.127956e+00 -6.551794e-01  1.417705e-01
3.09663e+02    GZ34   38.807 -122.796   -2500.000    2800.000     300.000 ZYY  1.304171e+00  6.085001e-01  1.414603e-01
5.62837e+02    GZ34   38.807 -122.796   -2500.000    2800.000     300.000 ZXX -1.000655e+00 -2.315729e-01  5.447792e-02
5.62837e+02    GZ34   38.807 -122.796   -2500.000    2800.000     300.000 ZXY  1.203410e+00  5.144456e-01  1.247963e-01
5.62837e+02    GZ34   38.807 -122.796   -2500.000    2800.000     300.000 ZYX -1.822410e+00 -5.784616e-01  9.395913e-02
5.62837e+02    GZ34   38.807 -122.796   -2500.000    2800.000     300.000 ZYY  1.113239e+00  3.873285e-01  1.489170e-01
2.00000e-03    GZ35   38.793 -122.787   -4100.000    3400.000     630.000 ZXX -2.814144e+01  1.849301e+01  7.313784e+00
2.00000e-03    GZ35   38.793 -122.787   -4100.000    3400.000     630.000 ZXY  1.082091e+02  1.418027e+02  7.313784e+00
2.00000e-03    GZ35   38.793 -122.787   -4100.000    3400.000     630.000 ZYX -2.283893e+02 -2.404307e+02  7.313784e+00
3.63516e-03    GZ35   38.793 -122.787   -4100.000    3400.000     630.000 ZXX -2.106234e+01 -7.517491e+00  4.832524e+00
3.63516e-03    GZ35   38.793 -122.787   -4100.000    3400.000     630.000 ZXY  7.844302e+01  8.572457e+01  4.832524e+00
3.63516e-03    GZ35   38.793 -122.787   -4100.000    3400.000     630.000 ZYX -1.430754e+02 -1.713872e+02  4.832524e+00
3.63516e-03    GZ35   38.793 -122.787   -4100.000    3400.000     630.000 ZYY  6.825645e-01 -2.722618e+01  4.832524e+00
6.60718e-03    GZ35   38.793 -122.787   -4100.000    3400.000     630.000 ZXX -1.659353e+01 -8.695435e+00  3.349167e+00
6.60718e-03    GZ35   38.793 -122.787   -4100.000    3400.000     630.000 ZXY  5.737341e+01  5.808002e+01  3.349167e+00
6.60718e-03    GZ35   38.793 -122.787   -4100.000    3400.000     630.000 ZYX -9.277066e+01 -1.212328e+02  3.349167e+00
6.60718e-03    GZ35   38.793 -122.787   -4100.000    3400.000     630.000 ZYY  4.873789e+00 -1.955954e+01  3.349167e+00
1.20091e-02    GZ35   38.793 -122.787   -4100.000    3400.000     630.000 ZXX -1.358612e+01 -7.492568e+00  2.347335e+00
1.20091e-02    GZ35   38.793 -122.787   -4100.000    3400.000     630.000 ZXY  4.206861e+01  4.041996e+01  2.347335e+00
1.20091e-02    GZ35   38.793 -122.787   -4100.000    3400.000     630.000 ZYX -6.357861e+01 -8.341350e+01  2.347335e+00
1.20091e-02    GZ35   38.793 -122.787   -4100.000    3400.000     630.000 ZYY  8.403126e+00 -8.283498e+00  2.347335e+00
2.18274e-02    GZ35   38.793 -122.787   -4100.000    3400.000     630.000 ZXX -1.105817e+01 -5.208470e+00  1.683666e+00
2.18274e-02    GZ35   38.793 -122.787   -4100.000    3400.000     630.000 ZXY  3.362100e+01  2.734958e+01  1.683666e+00
2.18274e-02    GZ35   38.793 -122.787   -4100.000    3400.000     630.000 ZYX -4.489043e+01 -5.709235e+01  1.683666e+00
2.18274e-02    GZ35   38.793 -122.787   -4100.000    3400.000     630.000 ZYY  7.748748e+00 -5.272020e+00  1.683666e+00
3.96730e-02    GZ35   38.793 -122.787   -4100.000    3400.000     630.000 ZXX -1.020532e+01 -2.870923e+00  1.228229e+00
3.96730e-02    GZ35   38.793 -122.787   -4100.000    3400.000     630.000 ZXY  2.745648e+01  1.875108e+01  1.228229e+00
3.96730e-02    GZ35   38.793 -122.787   -4100.000    3400.000     630.000 ZYX -3.286075e+01 -3.821678e+01  1.228229e+00
3.96730e-02    GZ35   38.793 -122.787   -4100.000    3400.000     630.000 ZYY  8.537556e+00 -3.864704e+00  1.228229e+00
7.21087e-02    GZ35   38.793 -122.787   -4100.000    3400.000     630.000 ZXX -1.016032e+01 -2.199591e+00  9.401389e-01
7.21087e-02    GZ35   38.793 -122.787   -4100.000    3400.000     630.000 ZXY  2.395756e+01  1.277666e+01  9.401389e-01
7.21087e-02    GZ35   38.793 -122.787   -4100.000    3400.000     630.000 ZYX -2.570704e+01 -2.544396e+01  9.401389e-01
7.21087e-02    GZ35   38.793 -122.787   -4100.000    3400.000     630.000 ZYY  9.809265e+00 -3.047211e+00  9.401389e-01
1.31063e-01    GZ35   38.793 -122.787   -4100.000    3400.000     630.000 ZXX -9.430656e+00 -2.661240e+00  7.622621e-01
1.31063e-01    GZ35   38.793 -122.787   -4100.000    3400.000     630.000 ZXY  2.181899e+01  9.562407e+00  7.622621e-01
1.31063e-01    GZ35   38.793 -122.787   -4100.000    3400.000     630.000 ZYX -2.109568e+01 -1.698798e+01  7.622621e-01
1.31063e-01    GZ35   38.793 -122.787   -4100.000    3400.000     630.000 ZYY  1.089597e+01 -1.549090e+00  7.622621e-01
2.38218e-01    GZ35   38.793 -122.787   -4100.000    3400.000     630.000 ZXX -8.073114e+00 -3.017949e+00  6.456112e-01
2.38218e-01    GZ35   38.793 -122.787   -4100.000    3400.000     630.000 ZXY  1.986451e+01  7.700260e+00  6.456112e-01
2.38218e-01    GZ35   38.793 -122.787   -4100.000    3400.000     630.000 ZYX -1.794345e+01 -1.211742e+01  6.456112e-01
2.38218e-01    GZ35   38.793 -122.787   -4100.000    3400.000     630.000 ZYY  1.132751e+01 -3.243518e-01  6.456112e-01
4.32979e-01    GZ35   38.793 -122.787   -4100.000    3400.000     630.000 ZXX -6.832474e+00 -2.985841e+00  5.455910e-01
4.32979e-01    GZ35   38.793 -122.787   -4100.000    3400.000     630.000 ZXY  1.685411e+01  6.922583e+00  5.455910e-01
4.32979e-01    GZ35   38.793 -122.787   -4100.000    3400.000     630.000 ZYX -1.545592e+01 -9.245977e+00  5.455910e-01
4.32979e-01    GZ35   38.793 -122.787   -4100.000    3400.000     630.000 ZYY  1.063983e+01  8.489621e-01  5.455910e-01
7.86973e-01    GZ35   38.793 -122.787   -4100.000    3400.000     630.000 ZXX -5.625284e+00 -2.223099e+00  4.616011e-01
7.86973e-01    GZ35   38.793 -122.787   -4100.000    3400.000     630.000 ZXY  1.419568e+01  6.538098e+00  4.616011e-01
7.86973e-01    GZ35   38.793 -122.787   -4100.000    3400.000     630.000 ZYX -1.308856e+01 -7.172669e+00  4.616011e-01
7.86973e-01    GZ35   38.793 -122.787   -4100.000    3400.000     630.000 ZYY  9.551089e+00  2.120620e+00  4.616011e-01
1.43038e+00    GZ35   38.793 -122.787   -4100.000    3400.000     630.000 ZXX -5.071487e+00 -1.645267e+00  3.945223e-01
1.43038e+00    GZ35   38.793 -122.787   -4100.000    3400.000     630.000 ZXY  1.175781e+01  6.239430e+00  3.945223e-01
1.43038e+00    GZ35   38.793 -122.787   -4100.000    3400.000     630.000 ZYX -1.115748e+01 -6.134859e+00  3.945223e-01
1.43038e+00    GZ35   38.793 -122.787   -4100.000    3400.000     630.000 ZYY  8.594759e+00  2.836449e+00  3.945223e-01
2.59984e+00    GZ35   38.793 -122.787   -4100.000    3400.000     630.000 ZXX -4.533866e+00 -1.512555e+00  3.287376e-01
2.59984e+00    GZ35   38.793 -122.787   -4100.000    3400.000     630.000 ZXY  9.605833e+00  5.602160e+00  3.287376e-01
2.59984e+00    GZ35   38.793 -122.787   -4100.000    3400.000     630.000 ZYX -8.959847e+00 -5.607815e+00  3.287376e-01
2.59984e+00    GZ35   38.793 -122.787   -4100.000    3400.000     630.000 ZYY  7.476237e+00  2.745588e+00  3.287376e-01
4.72540e+00    GZ35   38.793 -122.787   -4100.000    3400.000     630.000 ZXX -4.055116e+00 -1.339524e+00  2.448322e-01
4.72540e+00    GZ35   38.793 -122.787   -4100.000    3400.000     630.000 ZXY  7.181618e+00  3.935907e+00  2.448322e-01
4.72540e+00    GZ35   38.793 -122.787   -4100.000    3400.000     630.000 ZYX -6.823393e+00 -4.211961e+00  2.448322e-01
4.72540e+00    GZ35   38.793 -122.787   -4100.000    3400.000     630.000 ZYY  5.963175e+00  1.712048e+00  2.448322e-01
8.58879e+00    GZ35   38.793 -122.787   -4100.000    3400.000     630.000 ZXX -3.703141e+00 -9.306383e-01  1.785612e-01
8.58879e+00    GZ35   38.793 -122.787   -4100.000    3400.000     630.000 ZXY  5.215391e+00  2.836648e+00  1.785612e-01
8.58879e+00    GZ35   38.793 -122.787   -4100.000    3400.000     630.000 ZYX -5.297946e+00 -2.691117e+00  1.785612e-01
8.58879e+00    GZ35   38.793 -122.787   -4100.000    3400.000     630.000 ZYY  4.380119e+00  1.366048e+00  1.785612e-01
1.56108e+01    GZ35   38.793 -122.787   -4100.000    3400.000     630.000 ZXX -3.486430e+00 -6.782769e-01  1.425471e-01
1.56108e+01    GZ35   38.793 -122.787   -4100.000    3400.000     630.000 ZXY  4.121909e+00  2.229469e+00  1.425471e-01
1.56108e+01    GZ35   38.793 -122.787   -4100.000    3400.000     630.000 ZYX -4.452343e+00 -1.840279e+00  1.425471e-01
1.56108e+01    GZ35   38.793 -122.787   -4100.000    3400.000     630.000 ZYY  3.339175e+00  1.362294e+00  1.753400e-01
2.83738e+01    GZ35   38.793 -122.787   -4100.000    3400.000     630.000 ZXX -3.367201e+00 -5.394319e-01  1.232754e-01
2.83738e+01    GZ35   38.793 -122.787   -4100.000    3400.000     630.000 ZXY  3.520294e+00  1.895409e+00  1.232754e-01
2.83738e+01    GZ35   38.793 -122.787   -4100.000    3400.000     630.000 ZYX -3.987107e+00 -1.372163e+00  1.232754e-01
2.83738e+01    GZ35   38.793 -122.787   -4100.000    3400.000     630.000 ZYY  2.766466e+00  1.360229e+00  1.783776e-01
5.15716e+01    GZ35   38.793 -122.787   -4100.000    3400.000     630.000 ZXX -3.301603e+00 -4.630418e-01  1.129106e-01
5.15716e+01    GZ35   38.793 -122.787   -4100.000    3400.000     630.000 ZXY  3.189297e+00  1.711615e+00  1.129106e-01
5.15716e+01    GZ35   38.793 -122.787   -4100.000    3400.000     630.000 ZYX -3.731143e+00 -1.114614e+00  1.129106e-01
5.15716e+01    GZ35   38.793 -122.787   -4100.000    3400.000     630.000 ZYY  2.451371e+00  1.359093e+00  1.800488e-01
9.37354e+01    GZ35   38.793 -122.787   -4100.000    3400.000     630.000 ZXX -3.239988e+00 -4.109163e-01  1.080714e-01
9.37354e+01    GZ35   38.793 -122.787   -4100.000    3400.000     630.000 ZXY  2.733866e+00  1.517550e+00  1.080714e-01
9.37354e+01    GZ35   38.793 -122.787   -4100.000    3400.000     630.000 ZYX -4.051692e+00 -7.884183e-01  1.583636e-01
9.37354e+01    GZ35   38.793 -122.787   -4100.000    3400.000     630.000 ZYY  2.408253e+00  1.295237e+00  1.741364e-01
1.70371e+02    GZ35   38.793 -122.787   -4100.000    3400.000     630.000 ZXX -3.040113e+00 -4.816375e-01  1.011787e-01
1.70371e+02    GZ35   38.793 -122.787   -4100.000    3400.000     630.000 ZXY  2.595270e+00  1.224566e+00  1.175873e-01
1.70371e+02    GZ35   38.793 -122.787   -4100.000    3400.000     630.000 ZYX -3.882539e+00 -6.550717e-01  2.085519e-01
1.70371e+02    GZ35   38.793 -122.787   -4100.000    3400.000     630.000 ZYY  2.317127e+00  1.011816e+00  2.226745e-01
3.09663e+02    GZ35   38.793 -122.787   -4100.000    3400.000     630.000 ZXX -2.508651e+00 -6.022830e-01  8.383184e-02
3.09663e+02    GZ35   38.793 -122.787   -4100.000    3400.000     630.000 ZXY  2.179543e+00  8.706738e-01  8.975997e-02
3.09663e+02    GZ35   38.793 -122.787   -4100.000    3400.000     630.000 ZYX -3.178158e+00 -8.313728e-01  1.795640e-01
3.09663e+02    GZ35   38.793 -122.787   -4100.000    3400.000     630.000 ZYY  1.858538e+00  5.979048e-01  1.795883e-01
5.62837e+02    GZ35   38.793 -122.787   -4100.000    3400.000     630.000 ZXX -1.731506e+00 -5.258820e-01  5.975711e-02
5.62837e+02    GZ35   38.793 -122.787   -4100.000    3400.000     630.000 ZXY  1.672712e+00  6.942766e-01  5.975711e-02
5.62837e+02    GZ35   38.793 -122.787   -4100.000    3400.000     630.000 ZYX -2.085326e+00 -6.464073e-01  9.258176e-02
5.62837e+02    GZ35   38.793 -122.787   -4100.000    3400.000     630.000 ZYY  1.486017e+00  5.229486e-01  1.032240e-01
1.02300e+03    GZ35   38.793 -122.787   -4100.000    3400.000     630.000 ZXX -1.437665e+00 -5.537416e-01  4.906034e-02
1.02300e+03    GZ35   38.793 -122.787   -4100.000    3400.000     630.000 ZXY  1.342835e+00  5.418013e-01  4.906034e-02
1.02300e+03    GZ35   38.793 -122.787   -4100.000    3400.000     630.000 ZYX -1.699681e+00 -7.019652e-01  5.024337e-02
1.02300e+03    GZ35   38.793 -122.787   -4100.000    3400.000     630.000 ZYY  1.282709e+00  3.348921e-01  6.758439e-02
2.00000e-03    GZ37   38.819 -122.807   -1300.000    1800.000     390.000 ZXX  4.213973e+01  7.767558e+00  7.018908e+00
2.00000e-03    GZ37   38.819 -122.807   -1300.000    1800.000     390.000 ZYX -1.532956e+02 -2.092528e+02  3.924084e+00
2.00000e-03    GZ37   38.819 -122.807   -1300.000    1800.000     390.000 ZYY -1.043543e+01  1.942293e+01  3.129654e+00
3.63516e-03    GZ37   38.819 -122.807   -1300.000    1800.000     390.000 ZXX -2.380942e+01 -4.122817e+01  1.222492e+00
3.63516e-03    GZ37   38.819 -122.807   -1300.000    1800.000     390.000 ZYX -1.006993e+02 -1.755838e+02  9.077904e-01
3.63516e-03    GZ37   38.819 -122.807   -1300.000    1800.000     390.000 ZYY -2.044695e+00  1.274706e+01  1.746915e+00
6.60718e-03    GZ37   38.819 -122.807   -1300.000    1800.000     390.000 ZXX -1.951629e+01 -2.982446e+01  4.573761e+00
6.60718e-03    GZ37   38.819 -122.807   -1300.000    1800.000     390.000 ZXY  8.011988e+01  1.361573e+02  4.573761e+00
6.60718e-03    GZ37   38.819 -122.807   -1300.000    1800.000     390.000 ZYX -6.608789e+01 -1.302334e+02  4.573761e+00
6.60718e-03    GZ37   38.819 -122.807   -1300.000    1800.000     390.000 ZYY  2.571744e+00  9.074118e+00  4.573761e+00
1.20091e-02    GZ37   38.819 -122.807   -1300.000    1800.000     390.000 ZXX -1.489144e+01 -2.178028e+01  2.921661e+00
1.20091e-02    GZ37   38.819 -122.807   -1300.000    1800.000     390.000 ZXY  4.367666e+01  8.784707e+01  2.921661e+00
1.20091e-02    GZ37   38.819 -122.807   -1300.000    1800.000     390.000 ZYX -3.653896e+01 -8.864559e+01  2.921661e+00
1.20091e-02    GZ37   38.819 -122.807   -1300.000    1800.000     390.000 ZYY  5.111629e+00  7.053327e+00  2.921661e+00
2.18274e-02    GZ37   38.819 -122.807   -1300.000    1800.000     390.000 ZXX -7.237742e+00 -1.418973e+01  1.870443e+00
2.18274e-02    GZ37   38.819 -122.807   -1300.000    1800.000     390.000 ZXY  2.373857e+01  5.760940e+01  1.870443e+00
2.18274e-02    GZ37   38.819 -122.807   -1300.000    1800.000     390.000 ZYX -2.050536e+01 -5.869445e+01  1.870443e+00
2.18274e-02    GZ37   38.819 -122.807   -1300.000    1800.000     390.000 ZYY  6.362331e+00  5.814740e+00  1.870443e+00
3.96730e-02    GZ37   38.819 -122.807   -1300.000    1800.000     390.000 ZXX -3.432125e+00 -8.004708e+00  1.164667e+00
3.96730e-02    GZ37   38.819 -122.807   -1300.000    1800.000     390.000 ZXY  1.545554e+01  3.651081e+01  1.164667e+00
3.96730e-02    GZ37   38.819 -122.807   -1300.000    1800.000     390.000 ZYX -1.240611e+01 -3.587592e+01  1.164667e+00
3.96730e-02    GZ37   38.819 -122.807   -1300.000    1800.000     390.000 ZYY  4.708472e+00  3.363485e+00  1.164667e+00
7.21087e-02    GZ37   38.819 -122.807   -1300.000    1800.000     390.000 ZXX -2.571988e+00 -4.771758e+00  1.567234e+00
7.21087e-02    GZ37   38.819 -122.807   -1300.000    1800.000     390.000 ZXY  1.098566e+01  2.143724e+01  1.455083e+00
7.21087e-02    GZ37   38.819 -122.807   -1300.000    1800.000     390.000 ZYX -7.905525e+00 -2.098264e+01  7.045749e-01
7.21087e-02    GZ37   38.819 -122.807   -1300.000    1800.000     390.000 ZYY  4.007976e+00  2.224584e+00  6.973255e-01
1.31063e-01    GZ37   38.819 -122.807   -1300.000    1800.000     390.000 ZXX -3.899974e+00 -2.293332e+00  8.269861e-01
1.31063e-01    GZ37   38.819 -122.807   -1300.000    1800.000     390.000 ZXY  1.115586e+01  1.067302e+01  8.635382e-01
1.31063e-01    GZ37   38.819 -122.807   -1300.000    1800.000     390.000 ZYX -6.777370e+00 -1.187690e+01  4.359388e-01
1.31063e-01    GZ37   38.819 -122.807   -1300.000    1800.000     390.000 ZYY  4.874099e+00  5.073501e-01  4.359388e-01
2.38218e-01    GZ37   38.819 -122.807   -1300.000    1800.000     390.000 ZXX -4.418497e+00 -1.542347e+00  5.974368e-01
2.38218e-01    GZ37   38.819 -122.807   -1300.000    1800.000     390.000 ZXY  9.189289e+00  6.554019e+00  7.737887e-01
2.38218e-01    GZ37   38.819 -122.807   -1300.000    1800.000     390.000 ZYX -6.487224e+00 -7.023918e+00  3.116733e-01
2.38218e-01    GZ37   38.819 -122.807   -1300.000    1800.000     390.000 ZYY  4.403407e+00  6.067096e-01  3.116733e-01
4.32979e-01    GZ37   38.819 -122.807   -1300.000    1800.000     390.000 ZXX -4.277561e+00  7.562150e-02  2.600447e-01
4.32979e-01    GZ37   38.819 -122.807   -1300.000    1800.000     390.000 ZXY  9.105550e+00  4.653111e+00  2.600447e-01
4.32979e-01    GZ37   38.819 -122.807   -1300.000    1800.000     390.000 ZYX -5.985454e+00 -4.261570e+00  2.600447e-01
4.32979e-01    GZ37   38.819 -122.807   -1300.000    1800.000     390.000 ZYY  4.102974e+00  6.495120e-01  2.600447e-01
7.86973e-01    GZ37   38.819 -122.807   -1300.000    1800.000     390.000 ZXX -4.474334e+00  1.986513e-01  2.355553e-01
7.86973e-01    GZ37   38.819 -122.807   -1300.000    1800.000     390.000 ZXY  8.613752e+00  3.819247e+00  2.355553e-01
7.86973e-01    GZ37   38.819 -122.807   -1300.000    1800.000     390.000 ZYX -5.701005e+00 -3.204042e+00  2.355553e-01
7.86973e-01    GZ37   38.819 -122.807   -1300.000    1800.000     390.000 ZYY  4.023975e+00  9.045196e-01  2.355553e-01
1.43038e+00    GZ37   38.819 -122.807   -1300.000    1800.000     390.000 ZXX -4.597855e+00 -5.704673e-01  2.133290e-01
1.43038e+00    GZ37   38.819 -122.807   -1300.000    1800.000     390.000 ZXY  7.925406e+00  3.487110e+00  2.133290e-01
1.43038e+00    GZ37   38.819 -122.807   -1300.000    1800.000     390.000 ZYX -4.954433e+00 -3.068381e+00  2.133290e-01
1.43038e+00    GZ37   38.819 -122.807   -1300.000    1800.000     390.000 ZYY  3.765600e+00  1.290771e+00  2.133290e-01
2.59984e+00    GZ37   38.819 -122.807   -1300.000    1800.000     390.000 ZXX -4.091249e+00 -1.141760e+00  1.809370e-01
2.59984e+00    GZ37   38.819 -122.807   -1300.000    1800.000     390.000 ZXY  6.810937e+00  3.558514e+00  1.809370e-01
2.59984e+00    GZ37   38.819 -122.807   -1300.000    1800.000     390.000 ZYX -3.744452e+00 -2.867552e+00  1.809370e-01
2.59984e+00    GZ37   38.819 -122.807   -1300.000    1800.000     390.000 ZYY  3.152976e+00  1.560767e+00  1.809370e-01
4.72540e+00    GZ37   38.819 -122.807   -1300.000    1800.000     390.000 ZXX -3.149672e+00 -1.058264e+00  2.447592e-01
4.72540e+00    GZ37   38.819 -122.807   -1300.000    1800.000     390.000 ZXY  5.764293e+00  2.603746e+00  3.279928e-01
4.72540e+00    GZ37   38.819 -122.807   -1300.000    1800.000     390.000 ZYX -2.575217e+00 -2.110419e+00  1.546985e-01
4.72540e+00    GZ37   38.819 -122.807   -1300.000    1800.000     390.000 ZYY  2.698974e+00  9.989109e-01  1.916165e-01
8.58879e+00    GZ37   38.819 -122.807   -1300.000    1800.000     390.000 ZXX -2.602172e+00 -8.046924e-01  1.453643e-01
8.58879e+00    GZ37   38.819 -122.807   -1300.000    1800.000     390.000 ZXY  4.308076e+00  1.964848e+00  2.179685e-01
8.58879e+00    GZ37   38.819 -122.807   -1300.000    1800.000     390.000 ZYX -1.996890e+00 -1.370078e+00  1.019767e-01
8.58879e+00    GZ37   38.819 -122.807   -1300.000    1800.000     390.000 ZYY  1.999339e+00  7.365477e-01  1.383314e-01
1.56108e+01    GZ37   38.819 -122.807   -1300.000    1800.000     390.000 ZXX -2.303511e+00 -6.661376e-01  8.544192e-02
1.56108e+01    GZ37   38.819 -122.807   -1300.000    1800.000     390.000 ZXY  3.483347e+00  1.620007e+00  1.507251e-01
1.56108e+01    GZ37   38.819 -122.807   -1300.000    1800.000     390.000 ZYX -1.682894e+00 -9.600285e-01  8.249316e-02
1.56108e+01    GZ37   38.819 -122.807   -1300.000    1800.000     390.000 ZYY  1.601324e+00  6.006881e-01  1.054398e-01
2.83738e+01    GZ37   38.819 -122.807   -1300.000    1800.000     390.000 ZXX -2.093708e+00 -5.379424e-01  7.069585e-02
2.83738e+01    GZ37   38.819 -122.807   -1300.000    1800.000     390.000 ZXY  2.928057e+00  1.380424e+00  1.105698e-01
2.83738e+01    GZ37   38.819 -122.807   -1300.000    1800.000     390.000 ZYX -1.506610e+00 -7.245503e-01  7.069585e-02
2.83738e+01    GZ37   38.819 -122.807   -1300.000    1800.000     390.000 ZYY  1.299109e+00  5.469207e-01  8.143290e-02
5.15716e+01    GZ37   38.819 -122.807   -1300.000    1800.000     390.000 ZXX -1.917337e+00 -4.318176e-01  5.934669e-02
5.15716e+01    GZ37   38.819 -122.807   -1300.000    1800.000     390.000 ZXY  2.465498e+00  1.216336e+00  8.964991e-02
5.15716e+01    GZ37   38.819 -122.807   -1300.000    1800.000     390.000 ZYX -1.269435e+00 -5.304020e-01  5.934669e-02
5.15716e+01    GZ37   38.819 -122.807   -1300.000    1800.000     390.000 ZYY  1.129945e+00  5.140408e-01  6.440567e-02
9.37354e+01    GZ37   38.819 -122.807   -1300.000    1800.000     390.000 ZXX -1.902796e+00 -3.162991e-01  7.672538e-02
9.37354e+01    GZ37   38.819 -122.807   -1300.000    1800.000     390.000 ZXY  2.101646e+00  9.149775e-01  8.407565e-02
9.37354e+01    GZ37   38.819 -122.807   -1300.000    1800.000     390.000 ZYX -1.262447e+00 -3.633759e-01  6.371901e-02
9.37354e+01    GZ37   38.819 -122.807   -1300.000    1800.000     390.000 ZYY  9.903743e-01  4.158929e-01  6.307386e-02
1.70371e+02    GZ37   38.819 -122.807   -1300.000    1800.000     390.000 ZXX -1.777507e+00 -2.593820e-01  1.241285e-01
1.70371e+02    GZ37   38.819 -122.807   -1300.000    1800.000     390.000 ZXY  1.769263e+00  6.199990e-01  1.404878e-01
1.70371e+02    GZ37   38.819 -122.807   -1300.000    1800.000     390.000 ZYX -1.223952e+00 -2.241459e-01  1.478679e-01
1.70371e+02    GZ37   38.819 -122.807   -1300.000    1800.000     390.000 ZYY  6.970834e-01  1.947084e-01  1.536202e-01
3.09663e+02    GZ37   38.819 -122.807   -1300.000    1800.000     390.000 ZXX -1.414799e+00 -3.496506e-01  9.353387e-02
3.09663e+02    GZ37   38.819 -122.807   -1300.000    1800.000     390.000 ZXY  1.483501e+00  6.824679e-01  1.215154e-01
3.09663e+02    GZ37   38.819 -122.807   -1300.000    1800.000     390.000 ZYX -9.395072e-01 -4.317624e-01  8.279051e-02
3.09663e+02    GZ37   38.819 -122.807   -1300.000    1800.000     390.000 ZYY  7.221813e-01  3.740624e-01  9.880302e-02
5.62837e+02    GZ37   38.819 -122.807   -1300.000    1800.000     390.000 ZXX -1.395734e+00 -5.560066e-01  5.852639e-02
5.62837e+02    GZ37   38.819 -122.807   -1300.000    1800.000     390.000 ZXY  1.139221e+00  6.699735e-01  5.491121e-02
5.62837e+02    GZ37   38.819 -122.807   -1300.000    1800.000     390.000 ZYX -7.219455e-01 -2.351899e-01  1.332898e-01
5.62837e+02    GZ37   38.819 -122.807   -1300.000    1800.000     390.000 ZYY  4.956911e-01  2.443743e-01  6.950687e-02
3.63516e-03    GZ38   38.832 -122.845     300.000   -1400.000     660.000 ZXX  1.772467e+01  1.572271e+01  4.568548e+00
3.63516e-03    GZ38   38.832 -122.845     300.000   -1400.000     660.000 ZXY  1.062423e+02  1.211538e+02  4.568548e+00
3.63516e-03    GZ38   38.832 -122.845     300.000   -1400.000     660.000 ZYX -1.037388e+02 -9.849168e+01  4.568548e+00
6.60718e-03    GZ38   38.832 -122.845     300.000   -1400.000     660.000 ZXX  1.369144e+01  1.174947e+01  3.325045e+00
6.60718e-03    GZ38   38.832 -122.845     300.000   -1400.000     660.000 ZXY  7.207317e+01  9.100695e+01  3.325045e+00
6.60718e-03    GZ38   38.832 -122.845     300.000   -1400.000     660.000 ZYX -7.288896e+01 -7.610130e+01  3.325045e+00
6.60718e-03    GZ38   38.832 -122.845     300.000   -1400.000     660.000 ZYY -2.525464e+00 -2.738289e+00  3.325045e+00
1.20091e-02    GZ38   38.832 -122.845     300.000   -1400.000     660.000 ZXX  1.064985e+01  9.557258e+00  2.399434e+00
1.20091e-02    GZ38   38.832 -122.845     300.000   -1400.000     660.000 ZXY  4.853160e+01  6.638235e+01  2.399434e+00
1.20091e-02    GZ38   38.832 -122.845     300.000   -1400.000     660.000 ZYX -5.152681e+01 -5.775228e+01  2.399434e+00
1.20091e-02    GZ38   38.832 -122.845     300.000   -1400.000     660.000 ZYY -1.636500e+00 -2.397703e+00  2.399434e+00
2.18274e-02    GZ38   38.832 -122.845     300.000   -1400.000     660.000 ZXX  7.815231e+00  7.994861e+00  1.720776e+00
2.18274e-02    GZ38   38.832 -122.845     300.000   -1400.000     660.000 ZXY  3.189243e+01  4.805084e+01  1.720776e+00
2.18274e-02    GZ38   38.832 -122.845     300.000   -1400.000     660.000 ZYX -3.583511e+01 -4.391188e+01  1.720776e+00
2.18274e-02    GZ38   38.832 -122.845     300.000   -1400.000     660.000 ZYY -5.908621e-01 -1.844079e+00  1.720776e+00
3.96730e-02    GZ38   38.832 -122.845     300.000   -1400.000     660.000 ZXX  5.080800e+00  6.332016e+00  1.190793e+00
3.96730e-02    GZ38   38.832 -122.845     300.000   -1400.000     660.000 ZXY  1.978003e+01  3.365970e+01  1.190793e+00
3.96730e-02    GZ38   38.832 -122.845     300.000   -1400.000     660.000 ZYX -2.305568e+01 -3.274340e+01  1.190793e+00
3.96730e-02    GZ38   38.832 -122.845     300.000   -1400.000     660.000 ZYY  1.401864e-01 -1.156951e+00  1.190793e+00
7.21087e-02    GZ38   38.832 -122.845     300.000   -1400.000     660.000 ZXX  3.222879e+00  4.692032e+00  7.872044e-01
7.21087e-02    GZ38   38.832 -122.845     300.000   -1400.000     660.000 ZXY  1.181345e+01  2.235025e+01  7.872044e-01
7.21087e-02    GZ38   38.832 -122.845     300.000   -1400.000     660.000 ZYX -1.406403e+01 -2.305385e+01  7.872044e-01
7.21087e-02    GZ38   38.832 -122.845     300.000   -1400.000     660.000 ZYY  2.825429e-01 -8.074272e-01  7.872044e-01
1.31063e-01    GZ38   38.832 -122.845     300.000   -1400.000     660.000 ZXX  1.904691e+00  2.989406e+00  4.903457e-01
1.31063e-01    GZ38   38.832 -122.845     300.000   -1400.000     660.000 ZXY  7.532665e+00  1.409944e+01  4.903457e-01
1.31063e-01    GZ38   38.832 -122.845     300.000   -1400.000     660.000 ZYX -8.384807e+00 -1.430835e+01  4.903457e-01
1.31063e-01    GZ38   38.832 -122.845     300.000   -1400.000     660.000 ZYY  2.977848e-01 -6.132613e-01  4.903457e-01
2.38218e-01    GZ38   38.832 -122.845     300.000   -1400.000     660.000 ZXX  1.352174e+00  1.889515e+00  3.112298e-01
2.38218e-01    GZ38   38.832 -122.845     300.000   -1400.000     660.000 ZXY  5.705694e+00  8.384525e+00  3.112298e-01
2.38218e-01    GZ38   38.832 -122.845     300.000   -1400.000     660.000 ZYX -6.131491e+00 -8.571697e+00  3.112298e-01
2.38218e-01    GZ38   38.832 -122.845     300.000   -1400.000     660.000 ZYY  1.809929e-01 -5.711648e-01  3.112298e-01
4.32979e-01    GZ38   38.832 -122.845     300.000   -1400.000     660.000 ZXX  1.082426e+00  1.344435e+00  2.203427e-01
4.32979e-01    GZ38   38.832 -122.845     300.000   -1400.000     660.000 ZXY  4.709318e+00  5.318753e+00  2.203427e-01
4.32979e-01    GZ38   38.832 -122.845     300.000   -1400.000     660.000 ZYX -5.318412e+00 -5.337964e+00  2.203427e-01
4.32979e-01    GZ38   38.832 -122.845     300.000   -1400.000     660.000 ZYY  2.340322e-01 -3.691775e-01  2.203427e-01
7.86973e-01    GZ38   38.832 -122.845     300.000   -1400.000     660.000 ZXX  8.355789e-01  1.083290e+00  1.713274e-01
7.86973e-01    GZ38   38.832 -122.845     300.000   -1400.000     660.000 ZXY  4.091827e+00  3.562070e+00  1.713274e-01
7.86973e-01    GZ38   38.832 -122.845     300.000   -1400.000     660.000 ZYX -4.763941e+00 -3.597079e+00  1.713274e-01
7.86973e-01    GZ38   38.832 -122.845     300.000   -1400.000     660.000 ZYY  2.731192e-01 -3.045589e-01  1.713274e-01
1.43038e+00    GZ38   38.832 -122.845     300.000   -1400.000     660.000 ZXX  5.313103e-01  9.829684e-01  1.404684e-01
1.43038e+00    GZ38   38.832 -122.845     300.000   -1400.000     660.000 ZXY  3.433587e+00  2.634339e+00  1.404684e-01
1.43038e+00    GZ38   38.832 -122.845     300.000   -1400.000     660.000 ZYX -4.170105e+00 -2.844181e+00  1.404684e-01
1.43038e+00    GZ38   38.832 -122.845     300.000   -1400.000     660.000 ZYY  4.874564e-01 -2.679467e-01  1.404684e-01
2.59984e+00    GZ38   38.832 -122.845     300.000   -1400.000     660.000 ZXX  1.226097e-01  8.357138e-01  1.144366e-01
2.59984e+00    GZ38   38.832 -122.845     300.000   -1400.000     660.000 ZXY  2.792428e+00  2.111544e+00  1.144366e-01
2.59984e+00    GZ38   38.832 -122.845     300.000   -1400.000     660.000 ZYX -3.351325e+00 -2.457104e+00  1.144366e-01
2.59984e+00    GZ38   38.832 -122.845     300.000   -1400.000     660.000 ZYY  7.028890e-01 -2.386365e-01  1.144366e-01
4.72540e+00    GZ38   38.832 -122.845     300.000   -1400.000     660.000 ZXX -2.199138e-01  5.285306e-01  8.591192e-02
4.72540e+00    GZ38   38.832 -122.845     300.000   -1400.000     660.000 ZXY  2.171244e+00  1.464509e+00  8.591192e-02
4.72540e+00    GZ38   38.832 -122.845     300.000   -1400.000     660.000 ZYX -2.510525e+00 -1.870016e+00  8.591192e-02
4.72540e+00    GZ38   38.832 -122.845     300.000   -1400.000     660.000 ZYY  6.566149e-01 -1.311096e-01  8.591192e-02
8.58879e+00    GZ38   38.832 -122.845     300.000   -1400.000     660.000 ZXX -4.142087e-01  3.443634e-01  6.392946e-02
8.58879e+00    GZ38   38.832 -122.845     300.000   -1400.000     660.000 ZXY  1.715496e+00  1.002699e+00  6.392946e-02
8.58879e+00    GZ38   38.832 -122.845     300.000   -1400.000     660.000 ZYX -1.953802e+00 -1.183837e+00  6.392946e-02
8.58879e+00    GZ38   38.832 -122.845     300.000   -1400.000     660.000 ZYY  6.187819e-01 -6.546741e-02  6.392946e-02
1.56108e+01    GZ38   38.832 -122.845     300.000   -1400.000     660.000 ZXX -5.211063e-01  2.430378e-01  5.200798e-02
1.56108e+01    GZ38   38.832 -122.845     300.000   -1400.000     660.000 ZXY  1.462754e+00  7.469219e-01  5.200798e-02
1.56108e+01    GZ38   38.832 -122.845     300.000   -1400.000     660.000 ZYX -1.645945e+00 -7.992930e-01  5.200798e-02
1.56108e+01    GZ38   38.832 -122.845     300.000   -1400.000     660.000 ZYY  5.979668e-01 -2.935217e-02  5.200798e-02
2.83738e+01    GZ38   38.832 -122.845     300.000   -1400.000     660.000 ZXX -5.799197e-01  1.872901e-01  4.563456e-02
2.83738e+01    GZ38   38.832 -122.845     300.000   -1400.000     660.000 ZXY  1.323699e+00  6.061975e-01  4.563456e-02
2.83738e+01    GZ38   38.832 -122.845     300.000   -1400.000     660.000 ZYX -1.476567e+00 -5.877236e-01  4.563456e-02
2.83738e+01    GZ38   38.832 -122.845     300.000   -1400.000     660.000 ZYY  5.865146e-01 -9.482185e-03  4.563456e-02
5.15716e+01    GZ38   38.832 -122.845     300.000   -1400.000     660.000 ZXX -5.481971e-01  9.009129e-02  3.729851e-02
5.15716e+01    GZ38   38.832 -122.845     300.000   -1400.000     660.000 ZXY  1.061579e+00  5.086818e-01  3.729851e-02
5.15716e+01    GZ38   38.832 -122.845     300.000   -1400.000     660.000 ZYX -1.224087e+00 -4.749356e-01  3.729851e-02
5.15716e+01    GZ38   38.832 -122.845     300.000   -1400.000     660.000 ZYY  5.295567e-01  3.987040e-02  3.729851e-02
9.37354e+01    GZ38   38.832 -122.845     300.000   -1400.000     660.000 ZXX -5.681073e-01  2.439741e-02  3.100997e-02
9.37354e+01    GZ38   38.832 -122.845     300.000   -1400.000     660.000 ZXY  8.500350e-01  4.143031e-01  3.332437e-02
9.37354e+01    GZ38   38.832 -122.845     300.000   -1400.000     660.000 ZYX -1.079056e+00 -3.320364e-01  3.745502e-02
9.37354e+01    GZ38   38.832 -122.845     300.000   -1400.000     660.000 ZYY  4.895128e-01  1.421229e-01  4.497829e-02
1.70371e+02    GZ38   38.832 -122.845     300.000   -1400.000     660.000 ZXX -4.671353e-01 -3.894502e-02  3.517370e-02
1.70371e+02    GZ38   38.832 -122.845     300.000   -1400.000     660.000 ZXY  8.022255e-01  2.846703e-01  4.648839e-02
1.70371e+02    GZ38   38.832 -122.845     300.000   -1400.000     660.000 ZYX -1.070931e+00 -2.274564e-01  5.095607e-02
1.70371e+02    GZ38   38.832 -122.845     300.000   -1400.000     660.000 ZYY  4.562062e-01  1.290814e-01  6.185452e-02
3.09663e+02    GZ38   38.832 -122.845     300.000   -1400.000     660.000 ZXX -4.081512e-01 -7.606566e-02  4.071861e-02
3.09663e+02    GZ38   38.832 -122.845     300.000   -1400.000     660.000 ZXY  6.582024e-01  2.721757e-01  4.735846e-02
3.09663e+02    GZ38   38.832 -122.845     300.000   -1400.000     660.000 ZYX -8.977217e-01 -2.383632e-01  5.324319e-02
3.09663e+02    GZ38   38.832 -122.845     300.000   -1400.000     660.000 ZYY  3.569432e-01  4.719617e-02  5.606244e-02
5.62837e+02    GZ38   38.832 -122.845     300.000   -1400.000     660.000 ZXX -3.506794e-01 -4.305523e-02  2.946915e-02
5.62837e+02    GZ38   38.832 -122.845     300.000   -1400.000     660.000 ZXY  4.443697e-01  2.721666e-01  6.640149e-02
5.62837e+02    GZ38   38.832 -122.845     300.000   -1400.000     660.000 ZYX -7.003403e-01 -2.118741e-01  4.787340e-02
5.62837e+02    GZ38   38.832 -122.845     300.000   -1400.000     660.000 ZYY  3.566584e-01  7.943354e-02  4.593815e-02
1.02300e+03    GZ38   38.832 -122.845     300.000   -1400.000     660.000 ZXX -2.961605e-01 -8.852520e-02  3.862821e-02
1.02300e+03    GZ38   38.832 -122.845     300.000   -1400.000     660.000 ZXY  3.076599e-01  2.805968e-01  8.029208e-02
1.02300e+03    GZ38   38.832 -122.845     300.000   -1400.000     660.000 ZYX -5.703401e-01 -1.916776e-01  3.595132e-02
1.02300e+03    GZ38   38.832 -122.845     300.000   -1400.000     660.000 ZYY  2.710377e-01  1.504149e-01  8.145816e-02
2.00000e-03    GZ45   38.846 -122.868    1900.000   -3600.000     420.000 ZXX  7.994795e+01  6.281587e+01  1.074323e+01
2.00000e-03    GZ45   38.846 -122.868    1900.000   -3600.000     420.000 ZXY  2.094832e+02  2.099636e+02  1.074323e+01
2.00000e-03    GZ45   38.846 -122.868    1900.000   -3600.000     420.000 ZYX -2.708892e+02 -3.202322e+02  1.074323e+01
2.00000e-03    GZ45   38.846 -122.868    1900.000   -3600.000     420.000 ZYY -1.852712e+02 -1.286801e+02  1.074323e+01
3.63516e-03    GZ45   38.846 -122.868    1900.000   -3600.000     420.000 ZXX  6.156608e+01  5.131107e+01  8.117678e+00
3.63516e-03    GZ45   38.846 -122.868    1900.000   -3600.000     420.000 ZXY  1.566730e+02  1.654742e+02  8.117678e+00
3.63516e-03    GZ45   38.846 -122.868    1900.000   -3600.000     420.000 ZYX -1.852726e+02 -2.483230e+02  8.117678e+00
3.63516e-03    GZ45   38.846 -122.868    1900.000   -3600.000     420.000 ZYY -1.416938e+02 -1.149482e+02  8.117678e+00
6.60718e-03    GZ45   38.846 -122.868    1900.000   -3600.000     420.000 ZXX  4.131863e+01  4.279294e+01  5.831402e+00
6.60718e-03    GZ45   38.846 -122.868    1900.000   -3600.000     420.000 ZXY  1.059091e+02  1.336084e+02  5.831402e+00
6.60718e-03    GZ45   38.846 -122.868    1900.000   -3600.000     420.000 ZYX -1.120577e+02 -1.802945e+02  5.831402e+00
6.60718e-03    GZ45   38.846 -122.868    1900.000   -3600.000     420.000 ZYY -9.407263e+01 -1.026894e+02  5.831402e+00
1.20091e-02    GZ45   38.846 -122.868    1900.000   -3600.000     420.000 ZXX  2.572126e+01  3.372971e+01  3.963112e+00
1.20091e-02    GZ45   38.846 -122.868    1900.000   -3600.000     420.000 ZXY  6.823155e+01  9.730248e+01  3.963112e+00
1.20091e-02    GZ45   38.846 -122.868    1900.000   -3600.000     420.000 ZYX -6.568537e+01 -1.237320e+02  3.963112e+00
1.20091e-02    GZ45   38.846 -122.868    1900.000   -3600.000     420.000 ZYY -6.095635e+01 -7.813964e+01  3.963112e+00
2.18274e-02    GZ45   38.846 -122.868    1900.000   -3600.000     420.000 ZXX  1.592716e+01  2.433085e+01  2.617299e+00
2.18274e-02    GZ45   38.846 -122.868    1900.000   -3600.000     420.000 ZXY  4.383706e+01  6.689894e+01  2.617299e+00
2.18274e-02    GZ45   38.846 -122.868    1900.000   -3600.000     420.000 ZYX -3.989025e+01 -8.128410e+01  2.617299e+00
2.18274e-02    GZ45   38.846 -122.868    1900.000   -3600.000     420.000 ZYY -3.904438e+01 -5.508783e+01  2.617299e+00
3.96730e-02    GZ45   38.846 -122.868    1900.000   -3600.000     420.000 ZXX  9.845559e+00  1.644920e+01  1.714886e+00
3.96730e-02    GZ45   38.846 -122.868    1900.000   -3600.000     420.000 ZXY  2.950849e+01  4.460695e+01  1.714886e+00
3.96730e-02    GZ45   38.846 -122.868    1900.000   -3600.000     420.000 ZYX -2.508485e+01 -5.213407e+01  1.714886e+00
3.96730e-02    GZ45   38.846 -122.868    1900.000   -3600.000     420.000 ZYY -2.616147e+01 -3.722348e+01  1.714886e+00
7.21087e-02    GZ45   38.846 -122.868    1900.000   -3600.000     420.000 ZXX  6.506956e+00  1.068151e+01  1.134435e+00
7.21087e-02    GZ45   38.846 -122.868    1900.000   -3600.000     420.000 ZXY  2.081348e+01  2.974124e+01  1.134435e+00
7.21087e-02    GZ45   38.846 -122.868    1900.000   -3600.000     420.000 ZYX -1.674431e+01 -3.301045e+01  1.134435e+00
7.21087e-02    GZ45   38.846 -122.868    1900.000   -3600.000     420.000 ZYY -1.834742e+01 -2.509396e+01  1.134435e+00
1.31063e-01    GZ45   38.846 -122.868    1900.000   -3600.000     420.000 ZXX  4.601378e+00  6.931247e+00  7.635794e-01
1.31063e-01    GZ45   38.846 -122.868    1900.000   -3600.000     420.000 ZXY  1.498658e+01  2.023314e+01  7.635794e-01
1.31063e-01    GZ45   38.846 -122.868    1900.000   -3600.000     420.000 ZYX -1.164414e+01 -2.093317e+01  7.635794e-01
1.31063e-01    GZ45   38.846 -122.868    1900.000   -3600.000     420.000 ZYY -1.318125e+01 -1.722814e+01  7.635794e-01
2.38218e-01    GZ45   38.846 -122.868    1900.000   -3600.000     420.000 ZXX  3.644193e+00  4.576412e+00  5.120554e-01
2.38218e-01    GZ45   38.846 -122.868    1900.000   -3600.000     420.000 ZXY  1.072322e+01  1.331580e+01  5.120554e-01
2.38218e-01    GZ45   38.846 -122.868    1900.000   -3600.000     420.000 ZYX -8.862462e+00 -1.313520e+01  5.120554e-01
2.38218e-01    GZ45   38.846 -122.868    1900.000   -3600.000     420.000 ZYY -9.521808e+00 -1.144749e+01  5.120554e-01
4.32979e-01    GZ45   38.846 -122.868    1900.000   -3600.000     420.000 ZXX  2.910754e+00  3.151074e+00  3.666919e-01
4.32979e-01    GZ45   38.846 -122.868    1900.000   -3600.000     420.000 ZXY  8.377469e+00  9.082356e+00  3.666919e-01
4.32979e-01    GZ45   38.846 -122.868    1900.000   -3600.000     420.000 ZYX -7.292191e+00 -8.539665e+00  3.666919e-01
4.32979e-01    GZ45   38.846 -122.868    1900.000   -3600.000     420.000 ZYY -7.425500e+00 -7.865685e+00  3.666919e-01
7.86973e-01    GZ45   38.846 -122.868    1900.000   -3600.000     420.000 ZXX  2.324254e+00  2.500366e+00  2.773487e-01
7.86973e-01    GZ45   38.846 -122.868    1900.000   -3600.000     420.000 ZXY  6.835349e+00  6.273052e+00  2.773487e-01
7.86973e-01    GZ45   38.846 -122.868    1900.000   -3600.000     420.000 ZYX -6.069732e+00 -6.075200e+00  2.773487e-01
7.86973e-01    GZ45   38.846 -122.868    1900.000   -3600.000     420.000 ZYY -6.030118e+00 -5.598952e+00  2.773487e-01
1.43038e+00    GZ45   38.846 -122.868    1900.000   -3600.000     420.000 ZXX  1.557838e+00  2.234543e+00  2.173535e-01
1.43038e+00    GZ45   38.846 -122.868    1900.000   -3600.000     420.000 ZXY  5.584220e+00  4.656565e+00  2.173535e-01
1.43038e+00    GZ45   38.846 -122.868    1900.000   -3600.000     420.000 ZYX -4.706512e+00 -4.831155e+00  2.173535e+00
1.43038e+00    GZ45   38.846 -122.868    1900.000   -3600.000     420.000 ZYY -4.789006e+00 -4.304720e+00  2.173535e+00
2.59984e+00    GZ45   38.846 -122.868    1900.000   -3600.000     420.000 ZXX  6.677767e-01  1.680102e+00  1.682598e-01
2.59984e+00    GZ45   38.846 -122.868    1900.000   -3600.000     420.000 ZXY  4.396593e+00  3.618414e+00  1.682598e-01
2.59984e+00    GZ45   38.846 -122.868    1900.000   -3600.000     420.000 ZYX -3.241446e+00 -3.934053e+00  1.682598e+00
2.59984e+00    GZ45   38.846 -122.868    1900.000   -3600.000     420.000 ZYY -3.576127e+00 -3.388846e+00  1.682598e+00
4.72540e+00    GZ45   38.846 -122.868    1900.000   -3600.000     420.000 ZXX  4.604834e-02  1.044894e+00  1.217163e-01
4.72540e+00    GZ45   38.846 -122.868    1900.000   -3600.000     420.000 ZXY  3.326989e+00  2.642379e+00  1.217163e-01
4.72540e+00    GZ45   38.846 -122.868    1900.000   -3600.000     420.000 ZYX -2.036644e+00 -2.841456e+00  1.217163e+00
4.72540e+00    GZ45   38.846 -122.868    1900.000   -3600.000     420.000 ZYY -2.617203e+00 -2.445460e+00  1.217163e+00
8.58879e+00    GZ45   38.846 -122.868    1900.000   -3600.000     420.000 ZXX -2.973798e-01  6.920018e-01  8.518959e-02
8.58879e+00    GZ45   38.846 -122.868    1900.000   -3600.000     420.000 ZXY  2.540610e+00  1.792663e+00  8.518959e-02
8.58879e+00    GZ45   38.846 -122.868    1900.000   -3600.000     420.000 ZYX -1.259748e+00 -1.911716e+00  8.518959e-01
8.58879e+00    GZ45   38.846 -122.868    1900.000   -3600.000     420.000 ZYY -2.107276e+00 -1.683540e+00  8.518959e-01
1.56108e+01    GZ45   38.846 -122.868    1900.000   -3600.000     420.000 ZXX -4.863281e-01  4.978468e-01  6.402756e-02
1.56108e+01    GZ45   38.846 -122.868    1900.000   -3600.000     420.000 ZXY  2.082794e+00  1.313298e+00  6.402756e-02
1.56108e+01    GZ45   38.846 -122.868    1900.000   -3600.000     420.000 ZYX -8.071691e-01 -1.397956e+00  6.402756e-01
1.56108e+01    GZ45   38.846 -122.868    1900.000   -3600.000     420.000 ZYY -1.827284e+00 -1.259887e+00  6.402756e-01
2.83738e+01    GZ45   38.846 -122.868    1900.000   -3600.000     420.000 ZXX -5.902843e-01  3.910259e-01  4.722262e-02
2.83738e+01    GZ45   38.846 -122.868    1900.000   -3600.000     420.000 ZXY  1.830912e+00  1.049560e+00  4.722262e-02
2.83738e+01    GZ45   38.846 -122.868    1900.000   -3600.000     420.000 ZYX -4.687920e-01 -9.563604e-01  4.722262e-01
2.83738e+01    GZ45   38.846 -122.868    1900.000   -3600.000     420.000 ZYY -1.329643e+00 -1.005827e+00  4.722262e-01
5.15716e+01    GZ45   38.846 -122.868    1900.000   -3600.000     420.000 ZXX -6.013693e-01  2.332689e-01  3.447973e-02
5.15716e+01    GZ45   38.846 -122.868    1900.000   -3600.000     420.000 ZXY  1.575298e+00  8.801288e-01  3.686858e-02
5.15716e+01    GZ45   38.846 -122.868    1900.000   -3600.000     420.000 ZYX -2.779530e-01 -6.239963e-01  3.447973e-01
5.15716e+01    GZ45   38.846 -122.868    1900.000   -3600.000     420.000 ZYY -1.001817e+00 -7.295564e-01  3.447973e-01
9.37354e+01    GZ45   38.846 -122.868    1900.000   -3600.000     420.000 ZXX -6.190284e-01  8.079057e-02  2.474852e-02
9.37354e+01    GZ45   38.846 -122.868    1900.000   -3600.000     420.000 ZXY  1.337114e+00  6.475176e-01  2.875971e-02
9.37354e+01    GZ45   38.846 -122.868    1900.000   -3600.000     420.000 ZYX -1.674405e-01 -3.962734e-01  2.474852e-01
9.37354e+01    GZ45   38.846 -122.868    1900.000   -3600.000     420.000 ZYY -8.756939e-01 -5.339125e-01  2.474852e-01
1.70371e+02    GZ45   38.846 -122.868    1900.000   -3600.000     420.000 ZXX -5.657707e-01  1.643861e-02  3.363886e-02
1.70371e+02    GZ45   38.846 -122.868    1900.000   -3600.000     420.000 ZXY  1.142974e+00  4.885505e-01  4.489673e-02
1.70371e+02    GZ45   38.846 -122.868    1900.000   -3600.000     420.000 ZYX -1.736333e-01 -2.435050e-01  2.992316e-01
1.70371e+02    GZ45   38.846 -122.868    1900.000   -3600.000     420.000 ZYY -7.524732e-01 -3.810181e-01  4.788409e-01
3.09663e+02    GZ45   38.846 -122.868    1900.000   -3600.000     420.000 ZXX -5.196935e-01 -2.254719e-02  2.017407e-02
3.09663e+02    GZ45   38.846 -122.868    1900.000   -3600.000     420.000 ZXY  9.684971e-01  4.772312e-01  4.307160e-02
3.09663e+02    GZ45   38.846 -122.868    1900.000   -3600.000     420.000 ZYX -9.461631e-02 -1.849389e-01  2.094884e-01
3.09663e+02    GZ45   38.846 -122.868    1900.000   -3600.000     420.000 ZYY -6.190316e-01 -3.829538e-01  4.101216e-01
5.62837e+02    GZ45   38.846 -122.868    1900.000   -3600.000     420.000 ZXX -4.986358e-01 -3.736921e-02  1.551507e-02
5.62837e+02    GZ45   38.846 -122.868    1900.000   -3600.000     420.000 ZXY  7.398098e-01  3.968775e-01  2.165235e-02
5.62837e+02    GZ45   38.846 -122.868    1900.000   -3600.000     420.000 ZYX -3.510119e-02 -1.160295e-01  1.551507e-01
5.62837e+02    GZ45   38.846 -122.868    1900.000   -3600.000     420.000 ZYY -4.328619e-01 -3.132270e-01  2.324611e-01
1.02300e+03    GZ45   38.846 -122.868    1900.000   -3600.000     420.000 ZXX -4.574392e-01 -6.955377e-02  2.531509e-02
1.02300e+03    GZ45   38.846 -122.868    1900.000   -3600.000     420.000 ZXY  5.700743e-01  3.187556e-01  5.115993e-02
1.02300e+03    GZ45   38.846 -122.868    1900.000   -3600.000     420.000 ZYX  2.532989e-02 -6.590462e-02  1.278165e-01
1.02300e+03    GZ45   38.846 -122.868    1900.000   -3600.000     420.000 ZYY -2.630462e-01 -2.871398e-01  4.290936e-01
2.00000e-03    GZ46   38.858 -122.876    3100.000   -4200.000     240.000 ZXX  6.204022e+01  5.912801e+01  3.085805e+00
2.00000e-03    GZ46   38.858 -122.876    3100.000   -4200.000     240.000 ZXY  2.389712e+02  2.945606e+02  3.085805e+00
2.00000e-03    GZ46   38.858 -122.876    3100.000   -4200.000     240.000 ZYY  1.190566e+02  1.515079e+01  3.085805e+00
3.63516e-03    GZ46   38.858 -122.876    3100.000   -4200.000     240.000 ZXX  4.968305e+01  4.615119e+01  7.094411e+00
3.63516e-03    GZ46   38.858 -122.876    3100.000   -4200.000     240.000 ZXY  1.664703e+02  2.156583e+02  7.094411e+00
3.63516e-03    GZ46   38.858 -122.876    3100.000   -4200.000     240.000 ZYX -1.959469e+02 -5.158243e+01  7.094411e+00
3.63516e-03    GZ46   38.858 -122.876    3100.000   -4200.000     240.000 ZYY  1.161049e+02  3.590761e+01  7.094411e+00
6.60718e-03    GZ46   38.858 -122.876    3100.000   -4200.000     240.000 ZXX  3.201491e+01  3.653549e+01  5.652885e+00
6.60718e-03    GZ46   38.858 -122.876    3100.000   -4200.000     240.000 ZXY  1.077468e+02  1.623741e+02  5.652885e+00
6.60718e-03    GZ46   38.858 -122.876    3100.000   -4200.000     240.000 ZYX -1.572253e+02 -8.273913e+01  5.652885e+00
6.60718e-03    GZ46   38.858 -122.876    3100.000   -4200.000     240.000 ZYY  9.319672e+01  5.462602e+01  5.652885e+00
1.20091e-02    GZ46   38.858 -122.876    3100.000   -4200.000     240.000 ZXX  2.030854e+01  2.715196e+01  4.121233e+00
1.20091e-02    GZ46   38.858 -122.876    3100.000   -4200.000     240.000 ZXY  6.768438e+01  1.136077e+02  4.121233e+00
1.20091e-02    GZ46   38.858 -122.876    3100.000   -4200.000     240.000 ZYX -1.069753e+02 -8.763664e+01  4.121233e+00
1.20091e-02    GZ46   38.858 -122.876    3100.000   -4200.000     240.000 ZYY  6.022494e+01  5.601010e+01  4.121233e+00
2.18274e-02    GZ46   38.858 -122.876    3100.000   -4200.000     240.000 ZXX  1.350966e+01  1.900572e+01  2.838471e+00
2.18274e-02    GZ46   38.858 -122.876    3100.000   -4200.000     240.000 ZXY  4.273193e+01  7.651799e+01  2.838471e+00
2.18274e-02    GZ46   38.858 -122.876    3100.000   -4200.000     240.000 ZYX -6.678450e+01 -7.290595e+01  2.838471e+00
2.18274e-02    GZ46   38.858 -122.876    3100.000   -4200.000     240.000 ZYY  3.564598e+01  4.473112e+01  2.838471e+00
3.96730e-02    GZ46   38.858 -122.876    3100.000   -4200.000     240.000 ZXX  9.324280e+00  1.285554e+01  1.905570e+00
3.96730e-02    GZ46   38.858 -122.876    3100.000   -4200.000     240.000 ZXY  2.739077e+01  5.054750e+01  1.905570e+00
3.96730e-02    GZ46   38.858 -122.876    3100.000   -4200.000     240.000 ZYX -4.178591e+01 -5.359973e+01  1.905570e+00
3.96730e-02    GZ46   38.858 -122.876    3100.000   -4200.000     240.000 ZYY  2.129135e+01  3.201712e+01  1.905570e+00
7.21087e-02    GZ46   38.858 -122.876    3100.000   -4200.000     240.000 ZXX  6.835810e+00  8.634495e+00  1.272549e+00
7.21087e-02    GZ46   38.858 -122.876    3100.000   -4200.000     240.000 ZXY  1.787299e+01  3.327795e+01  1.272549e+00
7.21087e-02    GZ46   38.858 -122.876    3100.000   -4200.000     240.000 ZYX -2.703511e+01 -3.750503e+01  1.272549e+00
7.21087e-02    GZ46   38.858 -122.876    3100.000   -4200.000     240.000 ZYY  1.314303e+01  2.192100e+01  1.272549e+00
1.31063e-01    GZ46   38.858 -122.876    3100.000   -4200.000     240.000 ZXX  5.153759e+00  5.948689e+00  8.480090e-01
1.31063e-01    GZ46   38.858 -122.876    3100.000   -4200.000     240.000 ZXY  1.181108e+01  2.176138e+01  8.480090e-01
1.31063e-01    GZ46   38.858 -122.876    3100.000   -4200.000     240.000 ZYX -1.792136e+01 -2.587436e+01  8.480090e-01
1.31063e-01    GZ46   38.858 -122.876    3100.000   -4200.000     240.000 ZYY  8.035425e+00  1.469569e+01  8.480090e-01
2.38218e-01    GZ46   38.858 -122.876    3100.000   -4200.000     240.000 ZXX  4.078381e+00  4.214366e+00  5.499000e-01
2.38218e-01    GZ46   38.858 -122.876    3100.000   -4200.000     240.000 ZXY  7.669911e+00  1.373452e+01  5.499000e-01
2.38218e-01    GZ46   38.858 -122.876    3100.000   -4200.000     240.000 ZYX -1.208828e+01 -1.720891e+01  5.499000e-01
2.38218e-01    GZ46   38.858 -122.876    3100.000   -4200.000     240.000 ZYY  4.971953e+00  9.144013e+00  5.499000e-01
4.32979e-01    GZ46   38.858 -122.876    3100.000   -4200.000     240.000 ZXX  3.157033e+00  3.024020e+00  3.721797e-01
4.32979e-01    GZ46   38.858 -122.876    3100.000   -4200.000     240.000 ZXY  5.695308e+00  8.858519e+00  3.721797e-01
4.32979e-01    GZ46   38.858 -122.876    3100.000   -4200.000     240.000 ZYX -9.020283e+00 -1.132769e+01  3.721797e-01
4.32979e-01    GZ46   38.858 -122.876    3100.000   -4200.000     240.000 ZYY  3.487533e+00  5.775226e+00  3.721797e-01
7.86973e-01    GZ46   38.858 -122.876    3100.000   -4200.000     240.000 ZXX  2.491792e+00  2.356434e+00  2.608567e-01
7.86973e-01    GZ46   38.858 -122.876    3100.000   -4200.000     240.000 ZXY  4.535023e+00  5.741777e+00  2.608567e-01
7.86973e-01    GZ46   38.858 -122.876    3100.000   -4200.000     240.000 ZYX -7.094715e+00 -7.470812e+00  2.608567e-01
7.86973e-01    GZ46   38.858 -122.876    3100.000   -4200.000     240.000 ZYY  2.749136e+00  3.405071e+00  2.608567e-01
1.43038e+00    GZ46   38.858 -122.876    3100.000   -4200.000     240.000 ZXX  1.792745e+00  2.030148e+00  1.942326e-01
1.43038e+00    GZ46   38.858 -122.876    3100.000   -4200.000     240.000 ZXY  3.691320e+00  3.957234e+00  1.942326e-01
1.43038e+00    GZ46   38.858 -122.876    3100.000   -4200.000     240.000 ZYX -5.780362e+00 -5.140189e+00  1.942326e-01
1.43038e+00    GZ46   38.858 -122.876    3100.000   -4200.000     240.000 ZYY  2.467318e+00  2.021696e+00  1.942326e-01
2.59984e+00    GZ46   38.858 -122.876    3100.000   -4200.000     240.000 ZXX  1.011539e+00  1.733979e+00  1.505273e-01
2.59984e+00    GZ46   38.858 -122.876    3100.000   -4200.000     240.000 ZXY  2.858108e+00  2.911459e+00  1.505273e-01
2.59984e+00    GZ46   38.858 -122.876    3100.000   -4200.000     240.000 ZYX -4.771717e+00 -3.864338e+00  1.505273e-01
2.59984e+00    GZ46   38.858 -122.876    3100.000   -4200.000     240.000 ZYY  2.362274e+00  1.335829e+00  1.505273e-01
4.72540e+00    GZ46   38.858 -122.876    3100.000   -4200.000     240.000 ZXX  4.269696e-01  1.234111e+00  1.148326e-01
4.72540e+00    GZ46   38.858 -122.876    3100.000   -4200.000     240.000 ZXY  2.184718e+00  2.057980e+00  1.148326e-01
4.72540e+00    GZ46   38.858 -122.876    3100.000   -4200.000     240.000 ZYX -3.775663e+00 -2.956590e+00  1.148326e-01
4.72540e+00    GZ46   38.858 -122.876    3100.000   -4200.000     240.000 ZYY  2.086968e+00  1.019711e+00  1.148326e-01
8.58879e+00    GZ46   38.858 -122.876    3100.000   -4200.000     240.000 ZXX  6.085503e-02  8.372372e-01  8.865158e-02
8.58879e+00    GZ46   38.858 -122.876    3100.000   -4200.000     240.000 ZXY  1.784319e+00  1.357677e+00  8.865158e-02
8.58879e+00    GZ46   38.858 -122.876    3100.000   -4200.000     240.000 ZYX -3.157876e+00 -2.001135e+00  8.865158e-02
8.58879e+00    GZ46   38.858 -122.876    3100.000   -4200.000     240.000 ZYY  1.907901e+00  6.720562e-01  8.865158e-02
1.56108e+01    GZ46   38.858 -122.876    3100.000   -4200.000     240.000 ZXX -1.413948e-01  6.167550e-01  7.254026e-02
1.56108e+01    GZ46   38.858 -122.876    3100.000   -4200.000     240.000 ZXY  1.564026e+00  9.723828e-01  7.254026e-02
1.56108e+01    GZ46   38.858 -122.876    3100.000   -4200.000     240.000 ZYX -2.690812e+00 -1.356914e+00  7.254026e-02
1.56108e+01    GZ46   38.858 -122.876    3100.000   -4200.000     240.000 ZYY  1.646574e+00  5.050633e-01  7.254026e-02
2.83738e+01    GZ46   38.858 -122.876    3100.000   -4200.000     240.000 ZXX -1.881814e-01  3.926996e-01  5.743346e-02
2.83738e+01    GZ46   38.858 -122.876    3100.000   -4200.000     240.000 ZXY  1.233081e+00  7.354736e-01  5.743346e-02
2.83738e+01    GZ46   38.858 -122.876    3100.000   -4200.000     240.000 ZYX -2.174249e+00 -9.153161e-01  5.743346e-02
2.83738e+01    GZ46   38.858 -122.876    3100.000   -4200.000     240.000 ZYY  1.416247e+00  4.633037e-01  6.336711e-02
5.15716e+01    GZ46   38.858 -122.876    3100.000   -4200.000     240.000 ZXX -2.275825e-01  2.383683e-01  4.687987e-02
5.15716e+01    GZ46   38.858 -122.876    3100.000   -4200.000     240.000 ZXY  9.510212e-01  5.866058e-01  4.687987e-02
5.15716e+01    GZ46   38.858 -122.876    3100.000   -4200.000     240.000 ZYX -1.806054e+00 -7.262560e-01  4.687987e-02
5.15716e+01    GZ46   38.858 -122.876    3100.000   -4200.000     240.000 ZYY  1.289524e+00  4.403283e-01  6.086836e-02
9.37354e+01    GZ46   38.858 -122.876    3100.000   -4200.000     240.000 ZXX -2.626820e-01  1.157792e-01  4.090929e-02
9.37354e+01    GZ46   38.858 -122.876    3100.000   -4200.000     240.000 ZXY  8.479423e-01  4.293132e-01  4.090929e-02
9.37354e+01    GZ46   38.858 -122.876    3100.000   -4200.000     240.000 ZYX -1.634998e+00 -5.910056e-01  4.488504e-02
9.37354e+01    GZ46   38.858 -122.876    3100.000   -4200.000     240.000 ZYY  1.147545e+00  3.418401e-01  6.399325e-02
1.70371e+02    GZ46   38.858 -122.876    3100.000   -4200.000     240.000 ZXX -2.421247e-01  2.260550e-02  3.593540e-02
1.70371e+02    GZ46   38.858 -122.876    3100.000   -4200.000     240.000 ZXY  6.972334e-01  3.686037e-01  3.790340e-02
1.70371e+02    GZ46   38.858 -122.876    3100.000   -4200.000     240.000 ZYX -1.523038e+00 -4.715979e-01  7.069431e-02
1.70371e+02    GZ46   38.858 -122.876    3100.000   -4200.000     240.000 ZYY  1.023746e+00  3.610295e-01  1.154193e-01
3.09663e+02    GZ46   38.858 -122.876    3100.000   -4200.000     240.000 ZXX -2.456841e-01  3.142117e-02  3.056163e-02
3.09663e+02    GZ46   38.858 -122.876    3100.000   -4200.000     240.000 ZXY  5.742993e-01  3.502421e-01  3.868022e-02
3.09663e+02    GZ46   38.858 -122.876    3100.000   -4200.000     240.000 ZYX -1.311955e+00 -4.239354e-01  6.497925e-02
3.09663e+02    GZ46   38.858 -122.876    3100.000   -4200.000     240.000 ZYY  8.781116e-01  2.464908e-01  1.094724e-01
5.62837e+02    GZ46   38.858 -122.876    3100.000   -4200.000     240.000 ZXX -2.573802e-01  6.636605e-03  2.616140e-02
5.62837e+02    GZ46   38.858 -122.876    3100.000   -4200.000     240.000 ZXY  5.192894e-01  2.724822e-01  4.668347e-02
5.62837e+02    GZ46   38.858 -122.876    3100.000   -4200.000     240.000 ZYX -1.144333e+00 -3.535799e-01  2.906914e-02
5.62837e+02    GZ46   38.858 -122.876    3100.000   -4200.000     240.000 ZYY  7.090118e-01  2.100438e-01  6.510316e-02
1.02300e+03    GZ46   38.858 -122.876    3100.000   -4200.000     240.000 ZXX -2.330193e-01 -4.142101e-02  2.316595e-02
1.02300e+03    GZ46   38.858 -122.876    3100.000   -4200.000     240.000 ZXY  2.724947e-01  1.659699e-01  5.851284e-02
1.02300e+03    GZ46   38.858 -122.876    3100.000   -4200.000     240.000 ZYX -9.402480e-01 -3.003811e-01  3.118167e-02
1.02300e+03    GZ46   38.858 -122.876    3100.000   -4200.000     240.000 ZYY  6.047154e-01  1.005383e-01  8.136758e-02
2.00000e-03    GZ47   38.862 -122.830    3500.000    -200.000     270.000 ZXX  5.072329e+01  2.957589e+01  1.124350e+01
2.00000e-03    GZ47   38.862 -122.830    3500.000    -200.000     270.000 ZXY  2.913178e+02  2.098192e+02  1.124350e+01
2.00000e-03    GZ47   38.862 -122.830    3500.000    -200.000     270.000 ZYX -2.674357e+02 -2.833864e+02  1.124350e+01
2.00000e-03    GZ47   38.862 -122.830    3500.000    -200.000     270.000 ZYY -6.176862e+00  8.960212e+00  1.124350e+01
3.63516e-03    GZ47   38.862 -122.830    3500.000    -200.000     270.000 ZXX  3.888160e+01  2.815590e+01  8.655903e+00
3.63516e-03    GZ47   38.862 -122.830    3500.000    -200.000     270.000 ZXY  2.115124e+02  1.811804e+02  8.655903e+00
3.63516e-03    GZ47   38.862 -122.830    3500.000    -200.000     270.000 ZYX -1.869893e+02 -2.314428e+02  8.655903e+00
3.63516e-03    GZ47   38.862 -122.830    3500.000    -200.000     270.000 ZYY -8.363490e+00  2.856833e+00  8.655903e+00
6.60718e-03    GZ47   38.862 -122.830    3500.000    -200.000     270.000 ZXX  2.201748e+01  2.796306e+01  6.427404e+00
6.60718e-03    GZ47   38.862 -122.830    3500.000    -200.000     270.000 ZXY  1.544473e+02  1.528329e+02  6.427404e+00
6.60718e-03    GZ47   38.862 -122.830    3500.000    -200.000     270.000 ZYX -1.188912e+02 -1.733358e+02  6.427404e+00
6.60718e-03    GZ47   38.862 -122.830    3500.000    -200.000     270.000 ZYY -4.796017e+00 -2.043385e+00  6.427404e+00
1.20091e-02    GZ47   38.862 -122.830    3500.000    -200.000     270.000 ZXX  9.465313e+00  2.227982e+01  4.515409e+00
1.20091e-02    GZ47   38.862 -122.830    3500.000    -200.000     270.000 ZXY  1.069863e+02  1.176486e+02  4.515409e+00
1.20091e-02    GZ47   38.862 -122.830    3500.000    -200.000     270.000 ZYX -7.075195e+01 -1.229492e+02  4.515409e+00
1.20091e-02    GZ47   38.862 -122.830    3500.000    -200.000     270.000 ZYY -3.035506e+00 -3.349291e+00  4.515409e+00
2.18274e-02    GZ47   38.862 -122.830    3500.000    -200.000     270.000 ZXX  2.395988e+00  1.487937e+01  3.073511e+00
2.18274e-02    GZ47   38.862 -122.830    3500.000    -200.000     270.000 ZXY  7.342534e+01  8.617740e+01  3.073511e+00
2.18274e-02    GZ47   38.862 -122.830    3500.000    -200.000     270.000 ZYX -4.225327e+01 -8.214010e+01  3.073511e+00
2.18274e-02    GZ47   38.862 -122.830    3500.000    -200.000     270.000 ZYY -1.134871e+00 -2.450107e+00  3.073511e+00
3.96730e-02    GZ47   38.862 -122.830    3500.000    -200.000     270.000 ZXX -4.980888e-01  8.398345e+00  2.066006e+00
3.96730e-02    GZ47   38.862 -122.830    3500.000    -200.000     270.000 ZXY  5.083711e+01  6.125732e+01  2.066006e+00
3.96730e-02    GZ47   38.862 -122.830    3500.000    -200.000     270.000 ZYX -2.664104e+01 -5.311680e+01  2.066006e+00
3.96730e-02    GZ47   38.862 -122.830    3500.000    -200.000     270.000 ZYY -3.257137e-01 -1.366819e+00  2.066006e+00
7.21087e-02    GZ47   38.862 -122.830    3500.000    -200.000     270.000 ZXX -9.492725e-01  4.521771e+00  1.387606e+00
7.21087e-02    GZ47   38.862 -122.830    3500.000    -200.000     270.000 ZXY  3.572828e+01  4.254583e+01  1.387606e+00
7.21087e-02    GZ47   38.862 -122.830    3500.000    -200.000     270.000 ZYX -1.749534e+01 -3.422609e+01  1.387606e+00
7.21087e-02    GZ47   38.862 -122.830    3500.000    -200.000     270.000 ZYY -1.361653e-01 -6.889243e-01  1.387606e+00
1.31063e-01    GZ47   38.862 -122.830    3500.000    -200.000     270.000 ZXX -1.034933e+00  2.640206e+00  9.390076e-01
1.31063e-01    GZ47   38.862 -122.830    3500.000    -200.000     270.000 ZXY  2.605597e+01  2.904475e+01  9.390076e-01
1.31063e-01    GZ47   38.862 -122.830    3500.000    -200.000     270.000 ZYX -1.182625e+01 -2.210697e+01  9.390076e-01
1.31063e-01    GZ47   38.862 -122.830    3500.000    -200.000     270.000 ZYY -5.771039e-02 -4.375325e-01  9.390076e-01
2.38218e-01    GZ47   38.862 -122.830    3500.000    -200.000     270.000 ZXX -1.188244e+00  1.845423e+00  6.394911e-01
2.38218e-01    GZ47   38.862 -122.830    3500.000    -200.000     270.000 ZXY  1.998231e+01  1.917249e+01  6.394911e-01
2.38218e-01    GZ47   38.862 -122.830    3500.000    -200.000     270.000 ZYX -8.286740e+00 -1.412668e+01  6.394911e-01
2.38218e-01    GZ47   38.862 -122.830    3500.000    -200.000     270.000 ZYY -3.680972e-02 -3.555666e-01  6.394911e-01
4.32979e-01    GZ47   38.862 -122.830    3500.000    -200.000     270.000 ZXX -1.459845e+00  1.110181e+00  4.645560e-01
4.32979e-01    GZ47   38.862 -122.830    3500.000    -200.000     270.000 ZXY  1.650565e+01  1.354363e+01  4.645560e-01
4.32979e-01    GZ47   38.862 -122.830    3500.000    -200.000     270.000 ZYX -6.346863e+00 -9.234323e+00  4.645560e-01
4.32979e-01    GZ47   38.862 -122.830    3500.000    -200.000     270.000 ZYY  6.959385e-02 -3.438611e-01  4.645560e-01
7.86973e-01    GZ47   38.862 -122.830    3500.000    -200.000     270.000 ZXX -1.536056e+00  8.556990e-01  3.479323e-01
7.86973e-01    GZ47   38.862 -122.830    3500.000    -200.000     270.000 ZXY  1.384916e+01  9.885751e+00  3.479323e-01
7.86973e-01    GZ47   38.862 -122.830    3500.000    -200.000     270.000 ZYX -4.882717e+00 -6.181784e+00  3.479323e-01
7.86973e-01    GZ47   38.862 -122.830    3500.000    -200.000     270.000 ZYY  1.780833e-01 -3.476560e-01  3.479323e-01
1.43038e+00    GZ47   38.862 -122.830    3500.000    -200.000     270.000 ZXX -1.843318e+00  9.353691e-01  2.684131e-01
1.43038e+00    GZ47   38.862 -122.830    3500.000    -200.000     270.000 ZXY  1.158856e+01  7.658436e+00  2.684131e-01
1.43038e+00    GZ47   38.862 -122.830    3500.000    -200.000     270.000 ZYX -3.753077e+00 -4.313930e+00  2.684131e-01
1.43038e+00    GZ47   38.862 -122.830    3500.000    -200.000     270.000 ZYY  3.552080e-01 -3.321852e-01  2.684131e-01
2.59984e+00    GZ47   38.862 -122.830    3500.000    -200.000     270.000 ZXX -2.469183e+00  7.280984e-01  2.107804e-01
2.59984e+00    GZ47   38.862 -122.830    3500.000    -200.000     270.000 ZXY  9.444959e+00  6.301523e+00  2.107804e-01
2.59984e+00    GZ47   38.862 -122.830    3500.000    -200.000     270.000 ZYX -2.833557e+00 -3.177938e+00  2.107804e-01
2.59984e+00    GZ47   38.862 -122.830    3500.000    -200.000     270.000 ZYY  4.992908e-01 -2.365501e-01  2.107804e-01
4.72540e+00    GZ47   38.862 -122.830    3500.000    -200.000     270.000 ZXX -2.601221e+00  3.680444e-02  1.562292e-01
4.72540e+00    GZ47   38.862 -122.830    3500.000    -200.000     270.000 ZXY  7.284912e+00  4.794630e+00  1.562292e-01
4.72540e+00    GZ47   38.862 -122.830    3500.000    -200.000     270.000 ZYX -2.045059e+00 -2.180686e+00  1.562292e-01
4.72540e+00    GZ47   38.862 -122.830    3500.000    -200.000     270.000 ZYY  5.460648e-01 -1.001580e-01  1.562292e-01
8.58879e+00    GZ47   38.862 -122.830    3500.000    -200.000     270.000 ZXX -2.474631e+00 -8.824331e-02  1.152064e-01
8.58879e+00    GZ47   38.862 -122.830    3500.000    -200.000     270.000 ZXY  5.767719e+00  3.434219e+00  1.152064e-01
8.58879e+00    GZ47   38.862 -122.830    3500.000    -200.000     270.000 ZYX -1.545443e+00 -1.371623e+00  1.152064e-01
8.58879e+00    GZ47   38.862 -122.830    3500.000    -200.000     270.000 ZYY  6.002275e-01 -6.501757e-02  1.152064e-01
1.56108e+01    GZ47   38.862 -122.830    3500.000    -200.000     270.000 ZXX -2.717017e+00  1.146774e-01  9.738148e-02
1.56108e+01    GZ47   38.862 -122.830    3500.000    -200.000     270.000 ZXY  4.628722e+00  2.611252e+00  1.248327e-01
1.56108e+01    GZ47   38.862 -122.830    3500.000    -200.000     270.000 ZYX -1.269462e+00 -9.215736e-01  9.185641e-02
1.56108e+01    GZ47   38.862 -122.830    3500.000    -200.000     270.000 ZYY  6.728592e-01 -1.083631e-01  9.185641e-02
2.83738e+01    GZ47   38.862 -122.830    3500.000    -200.000     270.000 ZXX -2.434940e+00 -2.427174e-02  8.615161e-02
2.83738e+01    GZ47   38.862 -122.830    3500.000    -200.000     270.000 ZXY  3.836555e+00  2.122661e+00  1.244892e-01
2.83738e+01    GZ47   38.862 -122.830    3500.000    -200.000     270.000 ZYX -1.117620e+00 -6.739640e-01  7.671646e-02
2.83738e+01    GZ47   38.862 -122.830    3500.000    -200.000     270.000 ZYY  6.273410e-01  1.401655e-03  7.671646e-02
5.15716e+01    GZ47   38.862 -122.830    3500.000    -200.000     270.000 ZXX -2.138913e+00 -1.357191e-01  7.494224e-02
5.15716e+01    GZ47   38.862 -122.830    3500.000    -200.000     270.000 ZXY  3.400718e+00  1.853846e+00  1.243002e-01
5.15716e+01    GZ47   38.862 -122.830    3500.000    -200.000     270.000 ZYX -9.294118e-01 -4.670688e-01  6.497871e-02
5.15716e+01    GZ47   38.862 -122.830    3500.000    -200.000     270.000 ZYY  5.053765e-01  1.003107e-01  6.497871e-02
9.37354e+01    GZ47   38.862 -122.830    3500.000    -200.000     270.000 ZXX -2.074382e+00 -2.884701e-01  9.141148e-02
9.37354e+01    GZ47   38.862 -122.830    3500.000    -200.000     270.000 ZXY  3.114923e+00  1.393550e+00  1.282683e-01
9.37354e+01    GZ47   38.862 -122.830    3500.000    -200.000     270.000 ZYX -8.353811e-01 -3.568346e-01  5.847263e-02
9.37354e+01    GZ47   38.862 -122.830    3500.000    -200.000     270.000 ZYY  4.152448e-01  7.588940e-02  5.847263e-02
1.70371e+02    GZ47   38.862 -122.830    3500.000    -200.000     270.000 ZXX -1.909976e+00 -3.101983e-01  1.261288e-01
1.70371e+02    GZ47   38.862 -122.830    3500.000    -200.000     270.000 ZXY  2.647365e+00  1.060444e+00  1.845718e-01
1.70371e+02    GZ47   38.862 -122.830    3500.000    -200.000     270.000 ZYX -7.760063e-01 -2.746491e-01  5.145324e-02
1.70371e+02    GZ47   38.862 -122.830    3500.000    -200.000     270.000 ZYY  3.896912e-01  5.498459e-02  5.145324e-02
3.09663e+02    GZ47   38.862 -122.830    3500.000    -200.000     270.000 ZXX -1.705381e+00 -3.481174e-01  8.876242e-02
3.09663e+02    GZ47   38.862 -122.830    3500.000    -200.000     270.000 ZXY  2.231183e+00  9.883859e-01  1.569280e-01
3.09663e+02    GZ47   38.862 -122.830    3500.000    -200.000     270.000 ZYX -6.682599e-01 -2.497980e-01  4.490098e-02
3.09663e+02    GZ47   38.862 -122.830    3500.000    -200.000     270.000 ZYY  3.253699e-01  3.770514e-02  4.490098e-02
5.62837e+02    GZ47   38.862 -122.830    3500.000    -200.000     270.000 ZXX -1.500630e+00 -2.912030e-01  3.792844e-02
5.62837e+02    GZ47   38.862 -122.830    3500.000    -200.000     270.000 ZXY  1.743811e+00  8.182571e-01  1.054910e-01
5.62837e+02    GZ47   38.862 -122.830    3500.000    -200.000     270.000 ZYX -5.447386e-01 -2.001996e-01  3.677201e-02
5.62837e+02    GZ47   38.862 -122.830    3500.000    -200.000     270.000 ZYY  2.813393e-01  6.368070e-02  3.677201e-02
1.02300e+03    GZ47   38.862 -122.830    3500.000    -200.000     270.000 ZXX -1.320019e+00 -3.495825e-01  6.594270e-02
1.02300e+03    GZ47   38.862 -122.830    3500.000    -200.000     270.000 ZXY  1.440246e+00  6.568387e-01  1.546207e-01
1.02300e+03    GZ47   38.862 -122.830    3500.000    -200.000     270.000 ZYX -4.474687e-01 -1.795858e-01  3.071881e-02
1.02300e+03    GZ47   38.862 -122.830    3500.000    -200.000     270.000 ZYY  2.970686e-01  1.266812e-02  3.071881e-02
2.00000e-03    GZ48   38.863 -122.816    3700.000    1000.000     390.000 ZXX  2.417935e+01  2.499514e+01  1.211622e+01
2.00000e-03    GZ48   38.863 -122.816    3700.000    1000.000     390.000 ZXY  3.903048e+02  2.623542e+02  1.211622e+01
2.00000e-03    GZ48   38.863 -122.816    3700.000    1000.000     390.000 ZYX -2.461932e+02 -2.439523e+02  1.211622e+01
2.00000e-03    GZ48   38.863 -122.816    3700.000    1000.000     390.000 ZYY -5.624480e+01 -6.003758e+00  1.211622e+01
3.63516e-03    GZ48   38.863 -122.816    3700.000    1000.000     390.000 ZXX  1.408398e+01  1.947953e+01  9.389207e+00
3.63516e-03    GZ48   38.863 -122.816    3700.000    1000.000     390.000 ZXY  2.967194e+02  2.396582e+02  9.389207e+00
3.63516e-03    GZ48   38.863 -122.816    3700.000    1000.000     390.000 ZYX -1.673358e+02 -1.943350e+02  9.389207e+00
3.63516e-03    GZ48   38.863 -122.816    3700.000    1000.000     390.000 ZYY -4.538942e+01 -1.401256e+01  9.389207e+00
6.60718e-03    GZ48   38.863 -122.816    3700.000    1000.000     390.000 ZXX  4.075877e+00  1.257175e+01  6.939266e+00
6.60718e-03    GZ48   38.863 -122.816    3700.000    1000.000     390.000 ZXY  2.118152e+02  2.038316e+02  6.939266e+00
6.60718e-03    GZ48   38.863 -122.816    3700.000    1000.000     390.000 ZYX -1.050586e+02 -1.476379e+02  6.939266e+00
6.60718e-03    GZ48   38.863 -122.816    3700.000    1000.000     390.000 ZYY -4.210565e+01 -1.288332e+01  6.939266e+00
1.20091e-02    GZ48   38.863 -122.816    3700.000    1000.000     390.000 ZXX  1.309523e+00  7.487235e+00  4.930403e+00
1.20091e-02    GZ48   38.863 -122.816    3700.000    1000.000     390.000 ZXY  1.475427e+02  1.598011e+02  4.930403e+00
1.20091e-02    GZ48   38.863 -122.816    3700.000    1000.000     390.000 ZYX -6.345399e+01 -1.054496e+02  4.930403e+00
1.20091e-02    GZ48   38.863 -122.816    3700.000    1000.000     390.000 ZYY -3.675706e+01 -1.227251e+01  4.930403e+00
2.18274e-02    GZ48   38.863 -122.816    3700.000    1000.000     390.000 ZXX  3.222068e-01  4.763073e+00  3.414044e+00
2.18274e-02    GZ48   38.863 -122.816    3700.000    1000.000     390.000 ZXY  1.014483e+02  1.191528e+02  3.414044e+00
2.18274e-02    GZ48   38.863 -122.816    3700.000    1000.000     390.000 ZYX -3.852991e+01 -7.164324e+01  3.414044e+00
2.18274e-02    GZ48   38.863 -122.816    3700.000    1000.000     390.000 ZYY -3.274402e+01 -1.084291e+01  3.414044e+00
3.96730e-02    GZ48   38.863 -122.816    3700.000    1000.000     390.000 ZXX -3.010705e-01  3.203426e+00  2.321233e+00
3.96730e-02    GZ48   38.863 -122.816    3700.000    1000.000     390.000 ZXY  6.834405e+01  8.522307e+01  2.321233e+00
3.96730e-02    GZ48   38.863 -122.816    3700.000    1000.000     390.000 ZYX -2.373726e+01 -4.737262e+01  2.321233e+00
3.96730e-02    GZ48   38.863 -122.816    3700.000    1000.000     390.000 ZYY -2.948354e+01 -1.076406e+01  2.321233e+00
7.21087e-02    GZ48   38.863 -122.816    3700.000    1000.000     390.000 ZXX -8.607040e-01  2.305767e+00  1.577418e+00
7.21087e-02    GZ48   38.863 -122.816    3700.000    1000.000     390.000 ZXY  4.713430e+01  5.919367e+01  1.577418e+00
7.21087e-02    GZ48   38.863 -122.816    3700.000    1000.000     390.000 ZYX -1.480654e+01 -3.112260e+01  1.577418e+00
7.21087e-02    GZ48   38.863 -122.816    3700.000    1000.000     390.000 ZYY -2.520536e+01 -1.101654e+01  1.577418e+00
1.31063e-01    GZ48   38.863 -122.816    3700.000    1000.000     390.000 ZXX -1.368064e+00  1.695190e+00  1.076911e+00
1.31063e-01    GZ48   38.863 -122.816    3700.000    1000.000     390.000 ZXY  3.415049e+01  3.976010e+01  1.076911e+00
1.31063e-01    GZ48   38.863 -122.816    3700.000    1000.000     390.000 ZYX -8.899840e+00 -2.069002e+01  1.076911e+00
1.31063e-01    GZ48   38.863 -122.816    3700.000    1000.000     390.000 ZYY -2.058488e+01 -1.019844e+01  1.076911e+00
2.38218e-01    GZ48   38.863 -122.816    3700.000    1000.000     390.000 ZXX -1.907053e+00  1.548279e+00  7.331657e-01
2.38218e-01    GZ48   38.863 -122.816    3700.000    1000.000     390.000 ZXY  2.657633e+01  2.561981e+01  7.331657e-01
2.38218e-01    GZ48   38.863 -122.816    3700.000    1000.000     390.000 ZYX -5.499126e+00 -1.341549e+01  7.331657e-01
2.38218e-01    GZ48   38.863 -122.816    3700.000    1000.000     390.000 ZYY -1.599681e+01 -8.700438e+00  7.331657e-01
4.32979e-01    GZ48   38.863 -122.816    3700.000    1000.000     390.000 ZXX -2.207708e+00  8.291533e-01  5.271969e-01
4.32979e-01    GZ48   38.863 -122.816    3700.000    1000.000     390.000 ZXY  2.206209e+01  1.816630e+01  5.271969e-01
4.32979e-01    GZ48   38.863 -122.816    3700.000    1000.000     390.000 ZYX -3.169721e+00 -8.750684e+00  5.271969e-01
4.32979e-01    GZ48   38.863 -122.816    3700.000    1000.000     390.000 ZYY -1.351089e+01 -7.489065e+00  5.271969e-01
7.86973e-01    GZ48   38.863 -122.816    3700.000    1000.000     390.000 ZXX -2.237232e+00  6.506094e-01  3.847224e-01
7.86973e-01    GZ48   38.863 -122.816    3700.000    1000.000     390.000 ZXY  1.850862e+01  1.332465e+01  3.847224e-01
7.86973e-01    GZ48   38.863 -122.816    3700.000    1000.000     390.000 ZYX -1.836766e+00 -5.726647e+00  9.847224e-01
7.86973e-01    GZ48   38.863 -122.816    3700.000    1000.000     390.000 ZYY -1.107721e+01 -6.373842e+00  9.847224e-01
1.43038e+00    GZ48   38.863 -122.816    3700.000    1000.000     390.000 ZXX -2.512243e+00  9.429475e-01  2.882428e-01
1.43038e+00    GZ48   38.863 -122.816    3700.000    1000.000     390.000 ZXY  1.543552e+01  1.033126e+01  2.882428e-01
1.43038e+00    GZ48   38.863 -122.816    3700.000    1000.000     390.000 ZYX -8.217681e-01 -4.060175e+00  2.882428e+00
1.43038e+00    GZ48   38.863 -122.816    3700.000    1000.000     390.000 ZYY -8.990608e+00 -5.472261e+00  2.882428e+00
2.59984e+00    GZ48   38.863 -122.816    3700.000    1000.000     390.000 ZXX -3.124828e+00  7.157369e-01  2.110042e-01
2.59984e+00    GZ48   38.863 -122.816    3700.000    1000.000     390.000 ZXY  1.251659e+01  8.407536e+00  2.110042e-01
2.59984e+00    GZ48   38.863 -122.816    3700.000    1000.000     390.000 ZYX  1.796881e-01 -2.814977e+00  2.110042e+00
2.59984e+00    GZ48   38.863 -122.816    3700.000    1000.000     390.000 ZYY -7.069587e+00 -4.672232e+00  2.110042e+00
4.72540e+00    GZ48   38.863 -122.816    3700.000    1000.000     390.000 ZXX -3.350909e+00 -1.849097e-01  1.480827e-01
4.72540e+00    GZ48   38.863 -122.816    3700.000    1000.000     390.000 ZXY  9.621035e+00  6.444733e+00  1.480827e-01
4.72540e+00    GZ48   38.863 -122.816    3700.000    1000.000     390.000 ZYX  5.915876e-01 -1.602142e+00  1.480827e+00
4.72540e+00    GZ48   38.863 -122.816    3700.000    1000.000     390.000 ZYY -5.418245e+00 -3.619822e+00  1.480827e+00
8.58879e+00    GZ48   38.863 -122.816    3700.000    1000.000     390.000 ZXX -3.478555e+00 -3.044667e-01  1.290288e-01
8.58879e+00    GZ48   38.863 -122.816    3700.000    1000.000     390.000 ZXY  7.578603e+00  4.602412e+00  1.553739e-01
8.58879e+00    GZ48   38.863 -122.816    3700.000    1000.000     390.000 ZYX  8.034131e-01 -9.100797e-01  1.290288e+00
8.58879e+00    GZ48   38.863 -122.816    3700.000    1000.000     390.000 ZYY -4.554124e+00 -2.317910e+00  1.290288e+00
1.56108e+01    GZ48   38.863 -122.816    3700.000    1000.000     390.000 ZXX -3.478552e+00 -1.833991e-01  1.135756e-01
1.56108e+01    GZ48   38.863 -122.816    3700.000    1000.000     390.000 ZXY  6.446984e+00  3.574404e+00  1.850722e-01
1.56108e+01    GZ48   38.863 -122.816    3700.000    1000.000     390.000 ZYX  9.199559e-01 -5.293188e-01  1.135756e+00
1.56108e+01    GZ48   38.863 -122.816    3700.000    1000.000     390.000 ZYY -3.609634e+00 -1.919616e+00  1.135756e+00
2.83738e+01    GZ48   38.863 -122.816    3700.000    1000.000     390.000 ZXX -3.043176e+00 -1.303986e-01  9.473144e-02
2.83738e+01    GZ48   38.863 -122.816    3700.000    1000.000     390.000 ZXY  5.338784e+00  2.931413e+00  1.448168e-01
2.83738e+01    GZ48   38.863 -122.816    3700.000    1000.000     390.000 ZYX  9.889283e-01 -3.350469e-01  9.473144e-01
2.83738e+01    GZ48   38.863 -122.816    3700.000    1000.000     390.000 ZYY -2.799727e+00 -1.688462e+00  9.473144e-01
5.15716e+01    GZ48   38.863 -122.816    3700.000    1000.000     390.000 ZXX -2.844481e+00 -1.944262e-01  8.418184e-02
5.15716e+01    GZ48   38.863 -122.816    3700.000    1000.000     390.000 ZXY  4.766545e+00  2.335068e+00  1.237845e-01
5.15716e+01    GZ48   38.863 -122.816    3700.000    1000.000     390.000 ZYX  1.037020e+00 -1.553822e-01  8.418184e-01
5.15716e+01    GZ48   38.863 -122.816    3700.000    1000.000     390.000 ZYY -2.430360e+00 -1.310152e+00  8.418184e-01
9.37354e+01    GZ48   38.863 -122.816    3700.000    1000.000     390.000 ZXX -2.628755e+00 -3.191187e-01  9.700945e-02
9.37354e+01    GZ48   38.863 -122.816    3700.000    1000.000     390.000 ZXY  4.147210e+00  1.751768e+00  1.659145e-01
9.37354e+01    GZ48   38.863 -122.816    3700.000    1000.000     390.000 ZYX  1.009230e+00 -2.225739e-02  7.393773e-01
9.37354e+01    GZ48   38.863 -122.816    3700.000    1000.000     390.000 ZYY -2.058958e+00 -9.819577e-01  7.393773e-01
1.70371e+02    GZ48   38.863 -122.816    3700.000    1000.000     390.000 ZXX -2.565018e+00 -5.454264e-01  1.274379e-01
1.70371e+02    GZ48   38.863 -122.816    3700.000    1000.000     390.000 ZXY  3.377038e+00  1.460114e+00  1.731401e-01
1.70371e+02    GZ48   38.863 -122.816    3700.000    1000.000     390.000 ZYX  9.608982e-01  9.402432e-02  6.680426e-01
1.70371e+02    GZ48   38.863 -122.816    3700.000    1000.000     390.000 ZYY -1.671282e+00 -7.485276e-01  7.023777e-01
3.09663e+02    GZ48   38.863 -122.816    3700.000    1000.000     390.000 ZXX -2.348009e+00 -4.174824e-01  7.168673e-02
3.09663e+02    GZ48   38.863 -122.816    3700.000    1000.000     390.000 ZXY  2.909554e+00  1.274364e+00  1.318264e-01
3.09663e+02    GZ48   38.863 -122.816    3700.000    1000.000     390.000 ZYX  8.831394e-01  1.214308e-01  5.931714e-01
3.09663e+02    GZ48   38.863 -122.816    3700.000    1000.000     390.000 ZYY -1.406718e+00 -6.963610e-01  5.931714e-01
5.62837e+02    GZ48   38.863 -122.816    3700.000    1000.000     390.000 ZXX -2.036399e+00 -4.093989e-01  5.019073e-02
5.62837e+02    GZ48   38.863 -122.816    3700.000    1000.000     390.000 ZXY  2.342647e+00  1.003601e+00  1.051135e-01
5.62837e+02    GZ48   38.863 -122.816    3700.000    1000.000     390.000 ZYX  8.170577e-01  1.211655e-01  5.019073e-01
5.62837e+02    GZ48   38.863 -122.816    3700.000    1000.000     390.000 ZYY -1.117003e+00 -6.020174e-01  5.019073e-01
1.02300e+03    GZ48   38.863 -122.816    3700.000    1000.000     390.000 ZXX -1.811815e+00 -4.441638e-01  4.325781e-02
1.02300e+03    GZ48   38.863 -122.816    3700.000    1000.000     390.000 ZXY  1.827660e+00  8.793803e-01  1.148962e-01
1.02300e+03    GZ48   38.863 -122.816    3700.000    1000.000     390.000 ZYX  7.296337e-01  1.664910e-01  4.250383e-01
1.02300e+03    GZ48   38.863 -122.816    3700.000    1000.000     390.000 ZYY -8.542094e-01 -4.556238e-01  4.250383e-01
2.00000e-03    GZ49   38.867 -122.798    4100.000    2600.000     540.000 ZXX -2.500296e+00 -2.559713e+01  9.958856e+00
2.00000e-03    GZ49   38.867 -122.798    4100.000    2600.000     540.000 ZXY  2.679791e+02  2.357424e+02  9.958856e+00
2.00000e-03    GZ49   38.867 -122.798    4100.000    2600.000     540.000 ZYX -2.688175e+02 -1.518566e+02  9.958856e+00
2.00000e-03    GZ49   38.867 -122.798    4100.000    2600.000     540.000 ZYY -1.133771e+01  1.881983e+01  9.958856e+00
3.63516e-03    GZ49   38.867 -122.798    4100.000    2600.000     540.000 ZXX  6.328755e+00 -1.744423e+01  7.560276e+00
3.63516e-03    GZ49   38.867 -122.798    4100.000    2600.000     540.000 ZXY  1.819628e+02  1.872766e+02  7.560276e+00
3.63516e-03    GZ49   38.867 -122.798    4100.000    2600.000     540.000 ZYX -1.951897e+02 -1.451057e+02  7.560276e+00
3.63516e-03    GZ49   38.867 -122.798    4100.000    2600.000     540.000 ZYY -1.631394e+01  7.891619e+00  7.560276e+00
6.60718e-03    GZ49   38.867 -122.798    4100.000    2600.000     540.000 ZXX  6.015448e+00 -1.137457e+01  5.684396e+00
6.60718e-03    GZ49   38.867 -122.798    4100.000    2600.000     540.000 ZXY  1.296348e+02  1.474395e+02  5.684396e+00
6.60718e-03    GZ49   38.867 -122.798    4100.000    2600.000     540.000 ZYX -1.382598e+02 -1.196693e+02  5.684396e+00
6.60718e-03    GZ49   38.867 -122.798    4100.000    2600.000     540.000 ZYY -1.635366e+01  2.038769e+00  5.684396e+00
1.20091e-02    GZ49   38.867 -122.798    4100.000    2600.000     540.000 ZXX  6.596545e+00 -5.197467e+00  4.143689e+00
1.20091e-02    GZ49   38.867 -122.798    4100.000    2600.000     540.000 ZXY  8.757393e+01  1.088718e+02  4.143689e+00
1.20091e-02    GZ49   38.867 -122.798    4100.000    2600.000     540.000 ZYX -9.935520e+01 -9.354605e+01  4.143689e+00
1.20091e-02    GZ49   38.867 -122.798    4100.000    2600.000     540.000 ZYY -1.475044e+01 -2.860913e+00  4.143689e+00
2.18274e-02    GZ49   38.867 -122.798    4100.000    2600.000     540.000 ZXX  6.076589e+00 -1.039819e+00  3.025797e+00
2.18274e-02    GZ49   38.867 -122.798    4100.000    2600.000     540.000 ZXY  6.003738e+01  7.971390e+01  3.025797e+00
2.18274e-02    GZ49   38.867 -122.798    4100.000    2600.000     540.000 ZYX -7.230823e+01 -7.171891e+01  3.025797e+00
2.18274e-02    GZ49   38.867 -122.798    4100.000    2600.000     540.000 ZYY -1.138351e+01 -4.634387e+00  3.025797e+00
3.96730e-02    GZ49   38.867 -122.798    4100.000    2600.000     540.000 ZXX  4.755165e+00  9.221865e-01  2.156027e+00
3.96730e-02    GZ49   38.867 -122.798    4100.000    2600.000     540.000 ZXY  3.918607e+01  5.637472e+01  2.156027e+00
3.96730e-02    GZ49   38.867 -122.798    4100.000    2600.000     540.000 ZYX -5.169445e+01 -5.453680e+01  2.156027e+00
3.96730e-02    GZ49   38.867 -122.798    4100.000    2600.000     540.000 ZYY -8.339312e+00 -4.937960e+00  2.156027e+00
7.21087e-02    GZ49   38.867 -122.798    4100.000    2600.000     540.000 ZXX  3.471349e+00  1.547071e+00  1.511405e+00
7.21087e-02    GZ49   38.867 -122.798    4100.000    2600.000     540.000 ZXY  2.569509e+01  3.892717e+01  1.511405e+00
7.21087e-02    GZ49   38.867 -122.798    4100.000    2600.000     540.000 ZYX -3.604584e+01 -4.065672e+01  1.511405e+00
7.21087e-02    GZ49   38.867 -122.798    4100.000    2600.000     540.000 ZYY -6.363662e+00 -4.359282e+00  1.511405e+00
1.31063e-01    GZ49   38.867 -122.798    4100.000    2600.000     540.000 ZXX  2.401741e+00  1.596288e+00  1.053132e+00
1.31063e-01    GZ49   38.867 -122.798    4100.000    2600.000     540.000 ZXY  1.745066e+01  2.615945e+01  1.053132e+00
1.31063e-01    GZ49   38.867 -122.798    4100.000    2600.000     540.000 ZYX -2.521394e+01 -2.991901e+01  1.053132e+00
1.31063e-01    GZ49   38.867 -122.798    4100.000    2600.000     540.000 ZYY -4.520439e+00 -3.432780e+00  1.053132e+00
2.38218e-01    GZ49   38.867 -122.798    4100.000    2600.000     540.000 ZXX  1.583963e+00  1.582474e+00  7.239650e-01
2.38218e-01    GZ49   38.867 -122.798    4100.000    2600.000     540.000 ZXY  1.221026e+01  1.713410e+01  7.239650e-01
2.38218e-01    GZ49   38.867 -122.798    4100.000    2600.000     540.000 ZYX -1.770247e+01 -2.121756e+01  7.239650e-01
2.38218e-01    GZ49   38.867 -122.798    4100.000    2600.000     540.000 ZYY -2.943917e+00 -3.021784e+00  7.239650e-01
4.32979e-01    GZ49   38.867 -122.798    4100.000    2600.000     540.000 ZXX  1.125293e+00  1.210485e+00  5.158059e-01
4.32979e-01    GZ49   38.867 -122.798    4100.000    2600.000     540.000 ZXY  9.320879e+00  1.146093e+01  5.158059e-01
4.32979e-01    GZ49   38.867 -122.798    4100.000    2600.000     540.000 ZYX -1.302533e+01 -1.513382e+01  5.158059e-01
4.32979e-01    GZ49   38.867 -122.798    4100.000    2600.000     540.000 ZYY -2.138729e+00 -2.463432e+00  5.158059e-01
7.86973e-01    GZ49   38.867 -122.798    4100.000    2600.000     540.000 ZXX  7.467255e-01  1.015933e+00  3.701357e-01
7.86973e-01    GZ49   38.867 -122.798    4100.000    2600.000     540.000 ZXY  6.975152e+00  7.923227e+00  3.701357e-01
7.86973e-01    GZ49   38.867 -122.798    4100.000    2600.000     540.000 ZYX -9.491652e+00 -1.081848e+01  3.701357e-01
7.86973e-01    GZ49   38.867 -122.798    4100.000    2600.000     540.000 ZYY -1.212467e+00 -2.019277e+00  3.701357e-01
1.43038e+00    GZ49   38.867 -122.798    4100.000    2600.000     540.000 ZXX  3.692579e-01  9.466938e-01  2.709780e-01
1.43038e+00    GZ49   38.867 -122.798    4100.000    2600.000     540.000 ZXY  5.341914e+00  5.650685e+00  2.709780e-01
1.43038e+00    GZ49   38.867 -122.798    4100.000    2600.000     540.000 ZYX -6.917778e+00 -7.870709e+00  2.709780e-01
1.43038e+00    GZ49   38.867 -122.798    4100.000    2600.000     540.000 ZYY -6.039387e-01 -1.551429e+00  2.709780e-01
2.59984e+00    GZ49   38.867 -122.798    4100.000    2600.000     540.000 ZXX -4.421870e-02  7.789881e-01  1.974258e-01
2.59984e+00    GZ49   38.867 -122.798    4100.000    2600.000     540.000 ZXY  4.003522e+00  4.099109e+00  1.974258e-01
2.59984e+00    GZ49   38.867 -122.798    4100.000    2600.000     540.000 ZYX -4.892256e+00 -5.756179e+00  1.974258e-01
2.59984e+00    GZ49   38.867 -122.798    4100.000    2600.000     540.000 ZYY -1.789029e-01 -1.067272e+00  1.974258e-01
4.72540e+00    GZ49   38.867 -122.798    4100.000    2600.000     540.000 ZXX -2.220328e-01  4.632732e-01  1.399484e-01
4.72540e+00    GZ49   38.867 -122.798    4100.000    2600.000     540.000 ZXY  2.979249e+00  2.879709e+00  1.399484e-01
4.72540e+00    GZ49   38.867 -122.798    4100.000    2600.000     540.000 ZYX -3.459147e+00 -3.949686e+00  1.399484e-01
4.72540e+00    GZ49   38.867 -122.798    4100.000    2600.000     540.000 ZYY  2.739558e-02 -6.812300e-01  1.399484e-01
8.58879e+00    GZ49   38.867 -122.798    4100.000    2600.000     540.000 ZXX -3.144292e-01  2.780637e-01  9.936008e-02
8.58879e+00    GZ49   38.867 -122.798    4100.000    2600.000     540.000 ZXY  2.285964e+00  1.924721e+00  9.936008e-02
8.58879e+00    GZ49   38.867 -122.798    4100.000    2600.000     540.000 ZYX -2.702614e+00 -2.483479e+00  9.936008e-02
8.58879e+00    GZ49   38.867 -122.798    4100.000    2600.000     540.000 ZYY  1.343306e-01 -4.630248e-01  9.936008e-02
1.56108e+01    GZ49   38.867 -122.798    4100.000    2600.000     540.000 ZXX -3.652640e-01  1.761646e-01  7.715986e-02
1.56108e+01    GZ49   38.867 -122.798    4100.000    2600.000     540.000 ZXY  1.888624e+00  1.389090e+00  7.715986e-02
1.56108e+01    GZ49   38.867 -122.798    4100.000    2600.000     540.000 ZYX -2.297792e+00 -1.637559e+00  7.715986e-02
1.56108e+01    GZ49   38.867 -122.798    4100.000    2600.000     540.000 ZYY  1.931643e-01 -3.429720e-01  7.715986e-02
2.83738e+01    GZ49   38.867 -122.798    4100.000    2600.000     540.000 ZXX -3.932325e-01  1.201015e-01  6.245783e-02
2.83738e+01    GZ49   38.867 -122.798    4100.000    2600.000     540.000 ZXY  1.552030e+00  1.044564e+00  6.245783e-02
2.83738e+01    GZ49   38.867 -122.798    4100.000    2600.000     540.000 ZYX -1.998197e+00 -1.171886e+00  6.245783e-02
2.83738e+01    GZ49   38.867 -122.798    4100.000    2600.000     540.000 ZYY  2.255336e-01 -2.769210e-01  6.245783e-02
5.15716e+01    GZ49   38.867 -122.798    4100.000    2600.000     540.000 ZXX -4.275834e-01  6.906138e-02  5.134850e-02
5.15716e+01    GZ49   38.867 -122.798    4100.000    2600.000     540.000 ZXY  1.332365e+00  8.005482e-01  5.134850e-02
5.15716e+01    GZ49   38.867 -122.798    4100.000    2600.000     540.000 ZYX -1.678218e+00 -8.578619e-01  5.134850e-02
5.15716e+01    GZ49   38.867 -122.798    4100.000    2600.000     540.000 ZYY  3.994366e-01 -1.565548e-01  5.134850e-02
9.37354e+01    GZ49   38.867 -122.798    4100.000    2600.000     540.000 ZXX -4.325376e-01  2.483537e-02  4.297928e-02
9.37354e+01    GZ49   38.867 -122.798    4100.000    2600.000     540.000 ZXY  1.132187e+00  5.939547e-01  4.297928e-02
9.37354e+01    GZ49   38.867 -122.798    4100.000    2600.000     540.000 ZYX -1.483494e+00 -6.124382e-01  4.297928e-02
9.37354e+01    GZ49   38.867 -122.798    4100.000    2600.000     540.000 ZYY  3.879964e-01 -1.360548e-02  5.867308e-02
1.70371e+02    GZ49   38.867 -122.798    4100.000    2600.000     540.000 ZXX -4.140052e-01 -4.236227e-02  3.726377e-02
1.70371e+02    GZ49   38.867 -122.798    4100.000    2600.000     540.000 ZXY  9.393229e-01  4.484153e-01  4.046926e-02
1.70371e+02    GZ49   38.867 -122.798    4100.000    2600.000     540.000 ZYX -1.398320e+00 -4.755526e-01  4.934680e-02
1.70371e+02    GZ49   38.867 -122.798    4100.000    2600.000     540.000 ZYY  2.671907e-01 -6.159609e-03  8.846964e-02
3.09663e+02    GZ49   38.867 -122.798    4100.000    2600.000     540.000 ZXX -3.885685e-01 -4.485776e-02  3.090672e-02
3.09663e+02    GZ49   38.867 -122.798    4100.000    2600.000     540.000 ZXY  7.842185e-01  3.815637e-01  3.090672e-02
3.09663e+02    GZ49   38.867 -122.798    4100.000    2600.000     540.000 ZYX -1.146106e+00 -3.939548e-01  3.133646e-02
3.09663e+02    GZ49   38.867 -122.798    4100.000    2600.000     540.000 ZYY  2.565884e-01 -2.851623e-02  6.771477e-02
5.62837e+02    GZ49   38.867 -122.798    4100.000    2600.000     540.000 ZXX -3.637622e-01 -4.547618e-02  2.475044e-02
5.62837e+02    GZ49   38.867 -122.798    4100.000    2600.000     540.000 ZXY  5.920973e-01  3.361175e-01  2.475044e-02
5.62837e+02    GZ49   38.867 -122.798    4100.000    2600.000     540.000 ZYX -9.365654e-01 -3.379557e-01  2.475044e-02
5.62837e+02    GZ49   38.867 -122.798    4100.000    2600.000     540.000 ZYY  2.525588e-01 -6.893755e-02  4.603545e-02
1.02300e+03    GZ49   38.867 -122.798    4100.000    2600.000     540.000 ZXX -3.290809e-01 -3.951780e-02  1.989698e-02
1.02300e+03    GZ49   38.867 -122.798    4100.000    2600.000     540.000 ZXY  4.359978e-01  2.771149e-01  2.084089e-02
1.02300e+03    GZ49   38.867 -122.798    4100.000    2600.000     540.000 ZYX -7.910033e-01 -3.121826e-01  1.989698e-02
1.02300e+03    GZ49   38.867 -122.798    4100.000    2600.000     540.000 ZYY  2.775631e-01 -6.010589e-02  3.536266e-02
2.00000e-03    GZ50   38.854 -122.800    2700.000    2400.000     360.000 ZXX -1.272579e+02 -6.057258e+01  1.700048e+01
2.00000e-03    GZ50   38.854 -122.800    2700.000    2400.000     360.000 ZXY  4.532190e+02  4.830752e+02  1.700048e+01
2.00000e-03    GZ50   38.854 -122.800    2700.000    2400.000     360.000 ZYX -4.264121e+02 -2.220533e+02  1.700048e+01
2.00000e-03    GZ50   38.854 -122.800    2700.000    2400.000     360.000 ZYY  3.752544e+01 -1.430877e+00  1.700048e+01
3.63516e-03    GZ50   38.854 -122.800    2700.000    2400.000     360.000 ZXX -9.265409e+01 -5.732029e+01  1.396059e+01
3.63516e-03    GZ50   38.854 -122.800    2700.000    2400.000     360.000 ZXY  3.336155e+02  3.757096e+02  1.396059e+01
3.63516e-03    GZ50   38.854 -122.800    2700.000    2400.000     360.000 ZYX -3.449083e+02 -2.538245e+02  1.396059e+01
3.63516e-03    GZ50   38.854 -122.800    2700.000    2400.000     360.000 ZYY  3.414240e+01 -5.189026e+00  1.396059e+01
6.60718e-03    GZ50   38.854 -122.800    2700.000    2400.000     360.000 ZXX -7.606642e+01 -4.838114e+01  1.057003e+01
6.60718e-03    GZ50   38.854 -122.800    2700.000    2400.000     360.000 ZXY  2.406401e+02  2.846681e+02  1.057003e+01
6.60718e-03    GZ50   38.854 -122.800    2700.000    2400.000     360.000 ZYX -2.490794e+02 -2.179140e+02  1.057003e+01
6.60718e-03    GZ50   38.854 -122.800    2700.000    2400.000     360.000 ZYY  3.395337e+01 -5.296084e+00  1.057003e+01
1.20091e-02    GZ50   38.854 -122.800    2700.000    2400.000     360.000 ZXX -6.384620e+01 -3.891475e+01  7.624601e+00
1.20091e-02    GZ50   38.854 -122.800    2700.000    2400.000     360.000 ZXY  1.662248e+02  2.021772e+02  7.624601e+00
1.20091e-02    GZ50   38.854 -122.800    2700.000    2400.000     360.000 ZYX -1.739305e+02 -1.730447e+02  7.624601e+00
1.20091e-02    GZ50   38.854 -122.800    2700.000    2400.000     360.000 ZYY  3.581205e+01 -3.053872e+00  7.624601e+00
2.18274e-02    GZ50   38.854 -122.800    2700.000    2400.000     360.000 ZXX -5.244686e+01 -3.270620e+01  5.439869e+00
2.18274e-02    GZ50   38.854 -122.800    2700.000    2400.000     360.000 ZXY  1.170216e+02  1.418709e+02  5.439869e+00
2.18274e-02    GZ50   38.854 -122.800    2700.000    2400.000     360.000 ZYX -1.196037e+02 -1.316984e+02  5.439869e+00
2.18274e-02    GZ50   38.854 -122.800    2700.000    2400.000     360.000 ZYY  3.626128e+01 -1.571065e+00  5.439869e+00
3.96730e-02    GZ50   38.854 -122.800    2700.000    2400.000     360.000 ZXX -3.934628e+01 -2.805913e+01  3.903675e+00
3.96730e-02    GZ50   38.854 -122.800    2700.000    2400.000     360.000 ZXY  8.551656e+01  1.035630e+02  3.903675e+00
3.96730e-02    GZ50   38.854 -122.800    2700.000    2400.000     360.000 ZYX -7.938664e+01 -9.718805e+01  3.903675e+00
3.96730e-02    GZ50   38.854 -122.800    2700.000    2400.000     360.000 ZYY  3.038208e+01  4.407373e+00  3.903675e+00
7.21087e-02    GZ50   38.854 -122.800    2700.000    2400.000     360.000 ZXX -2.873816e+01 -2.241117e+01  2.709120e+00
7.21087e-02    GZ50   38.854 -122.800    2700.000    2400.000     360.000 ZXY  6.097715e+01  7.191666e+01  2.709120e+00
7.21087e-02    GZ50   38.854 -122.800    2700.000    2400.000     360.000 ZYX -5.273256e+01 -6.822472e+01  2.709120e+00
7.21087e-02    GZ50   38.854 -122.800    2700.000    2400.000     360.000 ZYY  2.532713e+01  7.934460e+00  2.709120e+00
1.31063e-01    GZ50   38.854 -122.800    2700.000    2400.000     360.000 ZXX -2.193883e+01 -1.635045e+01  1.880401e+00
1.31063e-01    GZ50   38.854 -122.800    2700.000    2400.000     360.000 ZXY  4.564051e+01  4.794119e+01  1.880401e+00
1.31063e-01    GZ50   38.854 -122.800    2700.000    2400.000     360.000 ZYX -3.769206e+01 -4.572012e+01  1.880401e+00
1.31063e-01    GZ50   38.854 -122.800    2700.000    2400.000     360.000 ZYY  2.090152e+01  7.504766e+00  1.880401e+00
2.38218e-01    GZ50   38.854 -122.800    2700.000    2400.000     360.000 ZXX -1.832407e+01 -1.155290e+01  1.352090e+00
2.38218e-01    GZ50   38.854 -122.800    2700.000    2400.000     360.000 ZXY  3.736951e+01  3.047921e+01  1.352090e+00
2.38218e-01    GZ50   38.854 -122.800    2700.000    2400.000     360.000 ZYX -2.880947e+01 -3.069120e+01  1.352090e+00
2.38218e-01    GZ50   38.854 -122.800    2700.000    2400.000     360.000 ZYY  1.850229e+01  5.603434e+00  1.352090e+00
4.32979e-01    GZ50   38.854 -122.800    2700.000    2400.000     360.000 ZXX -1.527210e+01 -9.291356e+00  1.053389e+00
4.32979e-01    GZ50   38.854 -122.800    2700.000    2400.000     360.000 ZXY  3.239963e+01  2.135681e+01  1.053389e+00
4.32979e-01    GZ50   38.854 -122.800    2700.000    2400.000     360.000 ZYX -2.248581e+01 -2.244621e+01  1.053389e+00
4.32979e-01    GZ50   38.854 -122.800    2700.000    2400.000     360.000 ZYY  1.706827e+01  4.680402e+00  1.053389e+00
7.86973e-01    GZ50   38.854 -122.800    2700.000    2400.000     360.000 ZXX -1.269923e+01 -7.206760e+00  8.413180e-01
7.86973e-01    GZ50   38.854 -122.800    2700.000    2400.000     360.000 ZXY  2.802448e+01  1.630026e+01  8.413180e-01
7.86973e-01    GZ50   38.854 -122.800    2700.000    2400.000     360.000 ZYX -1.803714e+01 -1.618720e+01  8.413180e-01
7.86973e-01    GZ50   38.854 -122.800    2700.000    2400.000     360.000 ZYY  1.566853e+01  4.569144e+00  8.413180e-01
1.43038e+00    GZ50   38.854 -122.800    2700.000    2400.000     360.000 ZXX -1.075004e+01 -5.238570e+00  6.786302e-01
1.43038e+00    GZ50   38.854 -122.800    2700.000    2400.000     360.000 ZXY  2.380659e+01  1.357554e+01  6.786302e-01
1.43038e+00    GZ50   38.854 -122.800    2700.000    2400.000     360.000 ZYX -1.432684e+01 -1.186222e+01  6.786302e-01
1.43038e+00    GZ50   38.854 -122.800    2700.000    2400.000     360.000 ZYY  1.394918e+01  4.828761e+00  6.786302e-01
2.59984e+00    GZ50   38.854 -122.800    2700.000    2400.000     360.000 ZXX -9.679692e+00 -4.132535e+00  5.455337e-01
2.59984e+00    GZ50   38.854 -122.800    2700.000    2400.000     360.000 ZXY  1.946164e+01  1.170428e+01  5.455337e-01
2.59984e+00    GZ50   38.854 -122.800    2700.000    2400.000     360.000 ZYX -1.143941e+01 -8.909574e+00  5.455337e-01
2.59984e+00    GZ50   38.854 -122.800    2700.000    2400.000     360.000 ZYY  1.184613e+01  5.055461e+00  5.455337e-01
4.72540e+00    GZ50   38.854 -122.800    2700.000    2400.000     360.000 ZXX -8.289290e+00 -3.703654e+00  4.197460e-01
4.72540e+00    GZ50   38.854 -122.800    2700.000    2400.000     360.000 ZXY  1.503078e+01  9.182764e+00  4.197460e-01
4.72540e+00    GZ50   38.854 -122.800    2700.000    2400.000     360.000 ZYX -9.021227e+00 -6.441505e+00  4.197460e-01
4.72540e+00    GZ50   38.854 -122.800    2700.000    2400.000     360.000 ZYY  9.521116e+00  4.460668e+00  4.197460e-01
8.58879e+00    GZ50   38.854 -122.800    2700.000    2400.000     360.000 ZXX -7.297204e+00 -2.579151e+00  3.247061e-01
8.58879e+00    GZ50   38.854 -122.800    2700.000    2400.000     360.000 ZXY  1.186896e+01  6.679574e+00  3.247061e-01
8.58879e+00    GZ50   38.854 -122.800    2700.000    2400.000     360.000 ZYX -7.503495e+00 -4.192347e+00  3.247061e-01
8.58879e+00    GZ50   38.854 -122.800    2700.000    2400.000     360.000 ZYY  7.597482e+00  3.411380e+00  3.247061e-01
1.56108e+01    GZ50   38.854 -122.800    2700.000    2400.000     360.000 ZXX -6.758127e+00 -1.753774e+00  2.735245e-01
1.56108e+01    GZ50   38.854 -122.800    2700.000    2400.000     360.000 ZXY  1.011675e+01  5.281468e+00  2.735245e-01
1.56108e+01    GZ50   38.854 -122.800    2700.000    2400.000     360.000 ZYX -6.665357e+00 -2.937584e+00  2.735245e-01
1.56108e+01    GZ50   38.854 -122.800    2700.000    2400.000     360.000 ZYY  6.465868e+00  2.785820e+00  2.735245e-01
2.83738e+01    GZ50   38.854 -122.800    2700.000    2400.000     360.000 ZXX -6.338270e+00 -1.347078e+00  2.342706e-01
2.83738e+01    GZ50   38.854 -122.800    2700.000    2400.000     360.000 ZXY  8.512334e+00  4.130797e+00  2.342706e-01
2.83738e+01    GZ50   38.854 -122.800    2700.000    2400.000     360.000 ZYX -6.042717e+00 -2.214102e+00  2.342706e-01
2.83738e+01    GZ50   38.854 -122.800    2700.000    2400.000     360.000 ZYY  5.469365e+00  2.163732e+00  2.342706e-01
5.15716e+01    GZ50   38.854 -122.800    2700.000    2400.000     360.000 ZXX -5.866398e+00 -1.194157e+00  2.056728e-01
5.15716e+01    GZ50   38.854 -122.800    2700.000    2400.000     360.000 ZXY  7.529910e+00  3.522272e+00  2.056728e-01
5.15716e+01    GZ50   38.854 -122.800    2700.000    2400.000     360.000 ZYX -5.375499e+00 -1.723940e+00  2.056728e-01
5.15716e+01    GZ50   38.854 -122.800    2700.000    2400.000     360.000 ZYY  5.110190e+00  1.882359e+00  2.056728e-01
9.37354e+01    GZ50   38.854 -122.800    2700.000    2400.000     360.000 ZXX -5.432188e+00 -1.100944e+00  1.795317e-01
9.37354e+01    GZ50   38.854 -122.800    2700.000    2400.000     360.000 ZXY  6.505989e+00  2.734063e+00  2.369217e-01
9.37354e+01    GZ50   38.854 -122.800    2700.000    2400.000     360.000 ZYX -4.862738e+00 -1.349058e+00  1.795317e-01
9.37354e+01    GZ50   38.854 -122.800    2700.000    2400.000     360.000 ZYY  4.357668e+00  1.618675e+00  1.959711e-01
1.70371e+02    GZ50   38.854 -122.800    2700.000    2400.000     360.000 ZXX -5.095370e+00 -1.325844e+00  1.643185e-01
1.70371e+02    GZ50   38.854 -122.800    2700.000    2400.000     360.000 ZXY  5.271742e+00  2.094184e+00  2.503641e-01
1.70371e+02    GZ50   38.854 -122.800    2700.000    2400.000     360.000 ZYX -4.504234e+00 -1.209653e+00  1.559349e-01
1.70371e+02    GZ50   38.854 -122.800    2700.000    2400.000     360.000 ZYY  3.498647e+00  1.392999e+00  2.511704e-01
3.09663e+02    GZ50   38.854 -122.800    2700.000    2400.000     360.000 ZXX -4.420949e+00 -1.052223e+00  1.372821e-01
3.09663e+02    GZ50   38.854 -122.800    2700.000    2400.000     360.000 ZXY  4.672941e+00  1.959811e+00  1.906902e-01
3.09663e+02    GZ50   38.854 -122.800    2700.000    2400.000     360.000 ZYX -3.914343e+00 -1.047338e+00  1.372821e-01
3.09663e+02    GZ50   38.854 -122.800    2700.000    2400.000     360.000 ZYY  3.018127e+00  1.251915e+00  1.757367e-01
5.62837e+02    GZ50   38.854 -122.800    2700.000    2400.000     360.000 ZXX -3.852776e+00 -1.005670e+00  1.138724e-01
5.62837e+02    GZ50   38.854 -122.800    2700.000    2400.000     360.000 ZXY  3.724761e+00  1.585993e+00  1.359844e-01
5.62837e+02    GZ50   38.854 -122.800    2700.000    2400.000     360.000 ZYX -3.328570e+00 -8.803777e-01  1.138724e-01
5.62837e+02    GZ50   38.854 -122.800    2700.000    2400.000     360.000 ZYY  2.396095e+00  1.040074e+00  1.138724e-01
1.02300e+03    GZ50   38.854 -122.800    2700.000    2400.000     360.000 ZXX -3.346191e+00 -9.926283e-01  9.695903e-02
1.02300e+03    GZ50   38.854 -122.800    2700.000    2400.000     360.000 ZXY  3.054256e+00  1.311888e+00  1.026698e-01
1.02300e+03    GZ50   38.854 -122.800    2700.000    2400.000     360.000 ZYX -2.864225e+00 -9.105194e-01  9.695903e-02
1.02300e+03    GZ50   38.854 -122.800    2700.000    2400.000     360.000 ZYY  2.034044e+00  6.680975e-01  1.372254e-01
